jobType,jobNo,jobName,jobNameSnippet,jobRole,jobRo,jobAddrNo,jobAddrNoDesc,jobAddress,description,descWithoutHighlight,optionEdu,period,periodDesc,applyCnt,applyType,applyDesc,custNo,custName,coIndustry,coIndustryDesc,salaryLow,salaryHigh,salaryDesc,s10,appearDate,appearDateDesc,optionZone,isApply,applyDate,userApplyCount,isSave,descSnippet,tags,landmark,link,jobsource,jobNameRaw,custNameRaw,lon,lat,remoteWorkType,major,salaryType,dist,mrt,mrtDesc,isActivelyHiring,source_keyword
2,14661313,Summer Packaging Intern,Summer Packaging <em class='b-txt--highlight'>Intern</em>,1,1,6001001011,台北市南港區,三重路66號8樓,"As a Shock/Vibration &amp; Packaging Engineering [[[Intern]]], you will play a hands-on role in supporting the development and","As a Shock/Vibration & Packaging Engineering Intern, you will play a hands-on role in supporting the development and",大學,00,不拘,00007,2,6~10人應徵,130000000112234,台灣聯想環球科技股份有限公司,1001003001,電腦及其週邊設備製造業,0035000,9999999,"月薪35,000元以上",50,20250602,6/02,4104,0,,0,0,"As a Shock/Vibration &amp; Packaging Engineering <em class='b-txt--highlight'>Intern</em>, you will play a hands-on role in supporting the development and","{'zoneForeign': {'desc': '外商公司', 'param': 5}, 'emp': {'desc': '員工600人', 'param': '8'}}",距捷運南港展覽館站約210公尺,"{'applyAnalyze': '//www.104.com.tw/jobs/apply/analysis/8q8qp?channel=104rpt&jobsource=apply_analyze', 'job': '//www.104.com.tw/job/8q8qp?jobsource=n104bank2', 'cust': '//www.104.com.tw/company/1a2x6bkdwq?jobsource=n104bank2'}",,Summer Packaging Intern,台灣聯想環球科技股份有限公司,121.6142977,25.0572956,0,"['工業技藝及機械學科類', '工程學科類']",M,0.21,99001001024,捷運南港展覽館站,False,intern
0,14671131,CELINE Clienteling Intern,CELINE Clienteling <em class='b-txt--highlight'>Intern</em>,1,1,6001001007,台北市信義區,松高路1號12樓之2,"• Assist in store event planning, execution, and coordination.
• Support store operation arrangements.
• Complete ad-hoc tasks as needed.
• Monthly working hours: Approximately 130-150 hours.","• Assist in store event planning, execution, and coordination.
• Support store operation arrangements.
• Complete ad-hoc tasks as needed.
• Monthly working hours: Approximately 130-150 hours.",大學,00,不拘,0,1,0~5人應徵,22156322000,思琳股份有限公司,1003002013,百貨相關業,0000230,0000230,時薪230元,30,20250602,6/02,2097344,0,,0,0,"• Assist in store event planning, execution, and coordination.
• Support store operation arrangements.
• Complete ad-hoc tasks as needed.
• Monthly working hours: Approximately 130-150 hours.","{'zoneForeign': {'desc': '外商公司', 'param': 5}, 'emp': {'desc': '員工65人', 'param': '5'}}",距捷運市政府站約260公尺,"{'applyAnalyze': '//www.104.com.tw/jobs/apply/analysis/8qgbf?channel=104rpt&jobsource=apply_analyze', 'job': '//www.104.com.tw/job/8qgbf?jobsource=n104bank2', 'cust': '//www.104.com.tw/company/a6favgw?jobsource=n104bank2'}",,CELINE Clienteling Intern,思琳股份有限公司,121.5643078,25.039625,0,[],H,0.26,99001005018,捷運市政府站,True,intern
0,14670317,Summer Intern - 助理,Summer <em class='b-txt--highlight'>Intern</em> - 助理,1,1,6001001004,台北市松山區,復興北路99號15樓,"- 負責協助進行各種金融交易活動，包括外匯、利率和股票、衍生商品等
- 進行商品報價
- 研調報告資料蒐集與整理
- 協助追蹤市場趨勢和重要事件
- 協助準備簡報材料、報告和其他文件。
- 參與團隊內部會議和協調工作

投資助理扮演著極為重要的角色，主要負責協助投資經理各種交易等工作。
如果您擁有以上條件，並對金融市場充滿熱情和追求卓越，歡迎您加入我們的團隊，請盡快提交您的履歷。","- 負責協助進行各種金融交易活動，包括外匯、利率和股票、衍生商品等
- 進行商品報價
- 研調報告資料蒐集與整理
- 協助追蹤市場趨勢和重要事件
- 協助準備簡報材料、報告和其他文件。
- 參與團隊內部會議和協調工作

投資助理扮演著極為重要的角色，主要負責協助投資經理各種交易等工作。
如果您擁有以上條件，並對金融市場充滿熱情和追求卓越，歡迎您加入我們的團隊，請盡快提交您的履歷。",大學,00,不拘,0,1,0~5人應徵,130000000206063,凱盟投資股份有限公司,1004002003,其他投資理財相關業,0000000,0000000,待遇面議,10,20250602,6/02,0,0,,0,0,"- 負責協助進行各種金融交易活動，包括外匯、利率和股票、衍生商品等
- 進行商品報價
- 研調報告資料蒐集與整理
- 協助追蹤市場趨勢和重要事件
- 協助準備簡報材料、報告和其他文件。
- 參與團隊內部會議和協調工作

投資助理扮演著極為重要的角色，主要負責協助投資經理各種交易等工作。
如果您擁有以上條件，並對金融市場充滿熱情和追求卓越，歡迎您加入我們的團隊，請盡快提交您的履歷。","{'emp': {'desc': '員工10人', 'param': '3'}}",距捷運南京復興站約100公尺,"{'applyAnalyze': '//www.104.com.tw/jobs/apply/analysis/8qfot?channel=104rpt&jobsource=apply_analyze', 'job': '//www.104.com.tw/job/8qfot?jobsource=n104bank2', 'cust': '//www.104.com.tw/company/1a2x6bmeb3?jobsource=n104bank2'}",,Summer Intern - 助理,凱盟投資股份有限公司,121.5445375,25.0526544,0,[],,0.1,99001001011,捷運南京復興站,True,intern
2,14670541,Legal Intern法務實習生,Legal <em class='b-txt--highlight'>Intern</em>法務實習生,2,2,6001001007,台北市信義區,松高路1號10樓之2," Monday, Wednesday, and Thursday
About the Role:
We are looking for a proactive, detail-oriented Legal [[[Intern]]] to support a"," Monday, Wednesday, and Thursday
About the Role:
We are looking for a proactive, detail-oriented Legal Intern to support a",大學,00,不拘,0,1,0~5人應徵,130000000160088,隱適美台灣有限公司,1002015002,醫療器材製造業,0000250,0000300,時薪250~300元,30,20250602,6/02,4096,0,,0,0," Monday, Wednesday, and Thursday
About the Role:
We are looking for a proactive, detail-oriented Legal <em class='b-txt--highlight'>Intern</em> to support a",[],距捷運市政府站約260公尺,"{'applyAnalyze': '//www.104.com.tw/jobs/apply/analysis/8qfv1?channel=104rpt&jobsource=apply_analyze', 'job': '//www.104.com.tw/job/8qfv1?jobsource=n104bank2', 'cust': '//www.104.com.tw/company/1a2x6bleu0?jobsource=n104bank2'}",,Legal Intern法務實習生,隱適美台灣有限公司,121.5643078,25.039625,0,['法律學科類'],H,0.26,99001005018,捷運市政府站,True,intern
0,14670783,Intern of Global Partnership Sales Support,<em class='b-txt--highlight'>Intern</em> of Global Partnership Sales Support,2,2,6001001007,台北市信義區,松仁路123號6樓," business outcomes within the framework of Appier&#039;s innovative offerings. As a Support Partner Sales [[[Intern]]] at Appier, you"," business outcomes within the framework of Appier's innovative offerings. As a Support Partner Sales Intern at Appier, you",大學,02,1年,0,1,0~5人應徵,130000000042746,沛星互動科技股份有限公司,1001001004,多媒體傳播相關業,0000190,0000190,時薪190元,30,20250602,6/02,262144,0,,0,0," business outcomes within the framework of Appier&#039;s innovative offerings. As a Support Partner Sales <em class='b-txt--highlight'>Intern</em> at Appier, you","{'emp': {'desc': '員工500人', 'param': '8'}, 'remote': {'desc': '遠端工作'}}",距捷運象山站約210公尺,"{'applyAnalyze': '//www.104.com.tw/jobs/apply/analysis/8qg1r?channel=104rpt&jobsource=apply_analyze', 'job': '//www.104.com.tw/job/8qg1r?jobsource=n104bank2', 'cust': '//www.104.com.tw/company/1a2x6biwai?jobsource=n104bank2'}",,Intern of Global Partnership Sales Support,沛星互動科技股份有限公司,121.5691534,25.0345273,1,[],H,0.21,99001002001,捷運象山站,True,intern
0,13604942,【Marketing】Digital Marketing Intern,【Marketing】Digital Marketing <em class='b-txt--highlight'>Intern</em>,2,2,6001001003,台北市中山區,中山北路三段22-1號,"我們正在尋找一位有具備創新思維且勇於挑戰的人才加入我們的團隊。
在這個職位您將能接觸到公司 AI 相關領域的服務與訓練，
期待與您共同打造出屬於 XRSPACE 最佳產品和服務！

【您將會執行這些工作】
[AI 領域產品]
．模型測試
．蒐集資料並協助建立資料庫
．合作提案發想/單位接洽
．監控成效與數據整理
．推廣素材製作

[內、外部溝通]
．產品執行溝通
．協助客戶經營事項 

[其他例行事項]
．定期文書/資料整理

【希望您具備這些經驗與能力】
．熱愛網路社群生態、喜歡隨時 follow 最新時事與資訊
．經常活躍於各大學生論壇平台 ( 例如: Dcard / Zuvio / FB校園版...等等 )
．樂於挑戰，勇於嘗試新事物
．能夠獨立作業，具備有效執行交辦事項的能力
．細心、抗壓性佳，能控管專案進度與時程


如果您渴望在變化快速的 AI 新創中成長、喜歡彈性自由的工作環境、喜歡自主解決問題也喜歡與人合作，那我們在找的就是您！
 ★ 點擊【應徵】，讓我們認識彼此，我們想和您聊聊未來可以一起完成的事！","我們正在尋找一位有具備創新思維且勇於挑戰的人才加入我們的團隊。
在這個職位您將能接觸到公司 AI 相關領域的服務與訓練，
期待與您共同打造出屬於 XRSPACE 最佳產品和服務！

【您將會執行這些工作】
[AI 領域產品]
．模型測試
．蒐集資料並協助建立資料庫
．合作提案發想/單位接洽
．監控成效與數據整理
．推廣素材製作

[內、外部溝通]
．產品執行溝通
．協助客戶經營事項 

[其他例行事項]
．定期文書/資料整理

【希望您具備這些經驗與能力】
．熱愛網路社群生態、喜歡隨時 follow 最新時事與資訊
．經常活躍於各大學生論壇平台 ( 例如: Dcard / Zuvio / FB校園版...等等 )
．樂於挑戰，勇於嘗試新事物
．能夠獨立作業，具備有效執行交辦事項的能力
．細心、抗壓性佳，能控管專案進度與時程


如果您渴望在變化快速的 AI 新創中成長、喜歡彈性自由的工作環境、喜歡自主解決問題也喜歡與人合作，那我們在找的就是您！
 ★ 點擊【應徵】，讓我們認識彼此，我們想和您聊聊未來可以一起完成的事！",專科,00,不拘,00004,1,0~5人應徵,130000000099607,未來市股份有限公司,1001001002,電腦軟體服務業,0000190,9999999,時薪190元以上,30,20250602,6/02,0,0,,0,0,"我們正在尋找一位有具備創新思維且勇於挑戰的人才加入我們的團隊。
在這個職位您將能接觸到公司 AI 相關領域的服務與訓練，
期待與您共同打造出屬於 XRSPACE 最佳產品和服務！

【您將會執行這些工作】
[AI 領域產品]
．模型測試
．蒐集資料並協助建立資料庫
．合作提案發想/單位接洽
．監控成效與數據整理
．推廣素材製作

[內、外部溝通]
．產品執行溝通
．協助客戶經營事項 

[其他例行事項]
．定期文書/資料整理

【希望您具備這些經驗與能力】
．熱愛網路社群生態、喜歡隨時 follow 最新時事與資訊
．經常活躍於各大學生論壇平台 ( 例如: Dcard / Zuvio / FB校園版...等等 )
．樂於挑戰，勇於嘗試新事物
．能夠獨立作業，具備有效執行交辦事項的能力
．細心、抗壓性佳，能控管專案進度與時程


如果您渴望在變化快速的 AI 新創中成長、喜歡彈性自由的工作環境、喜歡自主解決問題也喜歡與人合作，那我們在找的就是您！
 ★ 點擊【應徵】，讓我們認識彼此，我們想和您聊聊未來可以一起完成的事！","{'emp': {'desc': '員工90人', 'param': '5'}}",距捷運民權西路站約290公尺,"{'applyAnalyze': '//www.104.com.tw/jobs/apply/analysis/83ln2?channel=104rpt&jobsource=apply_analyze', 'job': '//www.104.com.tw/job/83ln2?jobsource=n104bank2', 'cust': '//www.104.com.tw/company/1a2x6bk45z?jobsource=n104bank2'}",,【Marketing】Digital Marketing Intern,未來市股份有限公司,121.5221507,25.064302,0,[],H,0.29,99001002012,捷運民權西路站,False,intern
0,14512899,Web Frontend Intern,Web Frontend <em class='b-txt--highlight'>Intern</em>,2,2,6001001011,台北市南港區,園區街3之2號9樓,"【關於我們】
InterAgent 致力於協助中小型製造業轉型為智慧工廠，運用 AI 技術加速邁向智慧製造。我們需要優秀的專案管理人才加入，作為客戶與技術團隊之間的重要橋樑。


【工作內容 Job Description】
在 InterAgent，工程師的任務是讓每個使用 SARA 的人都能夠擁有滿意且直覺的使用體驗，你必須擁有對做好一個產品極大的熱情，因為我們相信一個讓人信賴的平台，是由背後每一位工程師努力追求卓越，在乎每一個小細節而來。


【為什麼選擇 InterAgent？】
- 實際參與產品開發，累積實戰經驗
- 開放式的溝通文化，能直接和主管進行溝通
- 接觸主流前端技術，解決真實世界的問題
- 參與複雜產業，解決具有挑戰性的專案


【你在這裡會遇到的挑戰與工作內容有】
- 一同與團隊合作參與產品開發，參與改變整個產業的網頁新功能開發
- 建構穩定、可維護、重用性高的前端程式
- 學習與研究最新技術，並將其應用在專案與優化使用者體驗當中


【我們在意的特質有】
- 求知慾與學習態度
- 解決問題的能力
- 團隊合作精神
- 對技術的熱情
- 勇於接受挑戰的態度
- 加入 InterAgent，你將有機會參與改變製造業的創新旅程，在專業且充滿活力的環境中成長，一同打造智慧製造的未來！


【Why Choose InterAgent?】
- Gain hands-on experience through real product development
- Open communication culture with direct access to manager
- Work with cutting-edge frontend technologies to solve real-world problems
- Engage with complex industries and tackle challenging projects


【Challenges and Opportunities You&#039;ll Experience】
- Collaborate with the team on product development and industry-changing web features
- Build stable, maintainable, and reusable frontend code
- Learn and research latest technologies while applying them to enhance user experience


【Qualities We Value】
- Curiosity and eagerness to learn
- Problem-solving abilities
- Team spirit
- Passion for technology
- Willingness to embrace challenges

","【關於我們】
InterAgent 致力於協助中小型製造業轉型為智慧工廠，運用 AI 技術加速邁向智慧製造。我們需要優秀的專案管理人才加入，作為客戶與技術團隊之間的重要橋樑。


【工作內容 Job Description】
在 InterAgent，工程師的任務是讓每個使用 SARA 的人都能夠擁有滿意且直覺的使用體驗，你必須擁有對做好一個產品極大的熱情，因為我們相信一個讓人信賴的平台，是由背後每一位工程師努力追求卓越，在乎每一個小細節而來。


【為什麼選擇 InterAgent？】
- 實際參與產品開發，累積實戰經驗
- 開放式的溝通文化，能直接和主管進行溝通
- 接觸主流前端技術，解決真實世界的問題
- 參與複雜產業，解決具有挑戰性的專案


【你在這裡會遇到的挑戰與工作內容有】
- 一同與團隊合作參與產品開發，參與改變整個產業的網頁新功能開發
- 建構穩定、可維護、重用性高的前端程式
- 學習與研究最新技術，並將其應用在專案與優化使用者體驗當中


【我們在意的特質有】
- 求知慾與學習態度
- 解決問題的能力
- 團隊合作精神
- 對技術的熱情
- 勇於接受挑戰的態度
- 加入 InterAgent，你將有機會參與改變製造業的創新旅程，在專業且充滿活力的環境中成長，一同打造智慧製造的未來！


【Why Choose InterAgent?】
- Gain hands-on experience through real product development
- Open communication culture with direct access to manager
- Work with cutting-edge frontend technologies to solve real-world problems
- Engage with complex industries and tackle challenging projects


【Challenges and Opportunities You'll Experience】
- Collaborate with the team on product development and industry-changing web features
- Build stable, maintainable, and reusable frontend code
- Learn and research latest technologies while applying them to enhance user experience


【Qualities We Value】
- Curiosity and eagerness to learn
- Problem-solving abilities
- Team spirit
- Passion for technology
- Willingness to embrace challenges

",大學,00,不拘,00007,2,6~10人應徵,130000000154369,塔台智能網絡股份有限公司,1001001002,電腦軟體服務業,0032000,0048000,"月薪32,000~48,000元",50,20250602,6/02,0,0,,0,0,"【關於我們】
InterAgent 致力於協助中小型製造業轉型為智慧工廠，運用 AI 技術加速邁向智慧製造。我們需要優秀的專案管理人才加入，作為客戶與技術團隊之間的重要橋樑。


【工作內容 Job Description】
在 InterAgent，工程師的任務是讓每個使用 SARA 的人都能夠擁有滿意且直覺的使用體驗，你必須擁有對做好一個產品極大的熱情，因為我們相信一個讓人信賴的平台，是由背後每一位工程師努力追求卓越，在乎每一個小細節而來。


【為什麼選擇 InterAgent？】
- 實際參與產品開發，累積實戰經驗
- 開放式的溝通文化，能直接和主管進行溝通
- 接觸主流前端技術，解決真實世界的問題
- 參與複雜產業，解決具有挑戰性的專案


【你在這裡會遇到的挑戰與工作內容有】
- 一同與團隊合作參與產品開發，參與改變整個產業的網頁新功能開發
- 建構穩定、可維護、重用性高的前端程式
- 學習與研究最新技術，並將其應用在專案與優化使用者體驗當中


【我們在意的特質有】
- 求知慾與學習態度
- 解決問題的能力
- 團隊合作精神
- 對技術的熱情
- 勇於接受挑戰的態度
- 加入 InterAgent，你將有機會參與改變製造業的創新旅程，在專業且充滿活力的環境中成長，一同打造智慧製造的未來！


【Why Choose InterAgent?】
- Gain hands-on experience through real product development
- Open communication culture with direct access to manager
- Work with cutting-edge frontend technologies to solve real-world problems
- Engage with complex industries and tackle challenging projects


【Challenges and Opportunities You&#039;ll Experience】
- Collaborate with the team on product development and industry-changing web features
- Build stable, maintainable, and reusable frontend code
- Learn and research latest technologies while applying them to enhance user experience


【Qualities We Value】
- Curiosity and eagerness to learn
- Problem-solving abilities
- Team spirit
- Passion for technology
- Willingness to embrace challenges

","{'emp': {'desc': '員工7人', 'param': '2'}}",距捷運南港軟體園區站約440公尺,"{'applyAnalyze': '//www.104.com.tw/jobs/apply/analysis/8n283?channel=104rpt&jobsource=apply_analyze', 'job': '//www.104.com.tw/job/8n283?jobsource=n104bank2', 'cust': '//www.104.com.tw/company/1a2x6blaf5?jobsource=n104bank2'}",,Web Frontend Intern,塔台智能網絡股份有限公司,121.6119783,25.0583599,0,[],M,0.44,99001001023,捷運南港軟體園區站,False,intern
2,14669799,數據編輯實習生 / Data Intern,數據編輯實習生 / Data <em class='b-txt--highlight'>Intern</em>,2,2,6001001003,台北市中山區,捷運行天宮站旁步行五分鐘,"數據編輯實習生 Data [[[Intern]]]｜探索數據世界的第一步

[我們在找誰？]
如果妳每天⼀打開手機/電腦就是逛社群、看新聞或追排⾏榜，想搞懂網路熱議話題的背後邏輯脈絡，那你就是我們要找的數據實習⽣！
我們是⼀個結合數據分析技術與網路輿情洞察的","數據編輯實習生 Data Intern｜探索數據世界的第一步

[我們在找誰？]
如果妳每天⼀打開手機/電腦就是逛社群、看新聞或追排⾏榜，想搞懂網路熱議話題的背後邏輯脈絡，那你就是我們要找的數據實習⽣！
我們是⼀個結合數據分析技術與網路輿情洞察的",大學,00,不拘,0,1,0~5人應徵,130000000072800,大數據股份有限公司,1001001006,其它軟體及網路相關業,0000190,0000190,時薪190元,30,20250602,6/02,266240,0,,0,0,"數據編輯實習生 Data <em class='b-txt--highlight'>Intern</em>｜探索數據世界的第一步

[我們在找誰？]
如果妳每天⼀打開手機/電腦就是逛社群、看新聞或追排⾏榜，想搞懂網路熱議話題的背後邏輯脈絡，那你就是我們要找的數據實習⽣！
我們是⼀個結合數據分析技術與網路輿情洞察的","{'emp': {'desc': '員工80人', 'param': '5'}, 'remote': {'desc': '遠端工作'}}",,"{'applyAnalyze': '//www.104.com.tw/jobs/apply/analysis/8qfaf?channel=104rpt&jobsource=apply_analyze', 'job': '//www.104.com.tw/job/8qfaf?jobsource=n104bank2', 'cust': '//www.104.com.tw/company/1a2x6bjjhc?jobsource=n104bank2'}",,數據編輯實習生 / Data Intern,大數據股份有限公司,121.53318,25.05972,2,[],H,,,,True,intern
2,13264110,精算分析實習生 Actuarial Intern,精算分析實習生 Actuarial <em class='b-txt--highlight'>Intern</em>,1,1,6001001004,台北市松山區,敦化北路168號B1,"1. 協助各項統計報表及報告編製(含壽險公會及保發中心但不限於)。
2. 協助死亡率、罹患率及脫退率經驗資料彙整。
3. 協助RBC填報作業。
4. 主管交辦事項。","1. 協助各項統計報表及報告編製(含壽險公會及保發中心但不限於)。
2. 協助死亡率、罹患率及脫退率經驗資料彙整。
3. 協助RBC填報作業。
4. 主管交辦事項。",大學,00,不拘,00007,2,6~10人應徵,84894313000,宏泰人壽保險股份有限公司(總公司),1004003001,人身保險業,0030000,9999999,"月薪30,000元以上",50,20250602,6/02,4096,0,,0,0,"1. 協助各項統計報表及報告編製(含壽險公會及保發中心但不限於)。
2. 協助死亡率、罹患率及脫退率經驗資料彙整。
3. 協助RBC填報作業。
4. 主管交辦事項。","{'emp': {'desc': '員工800人', 'param': '8'}}",,"{'applyAnalyze': '//www.104.com.tw/jobs/apply/analysis/7wani?channel=104rpt&jobsource=apply_analyze', 'job': '//www.104.com.tw/job/7wani?jobsource=n104bank2', 'cust': '//www.104.com.tw/company/12zzvr54?jobsource=n104bank2'}",,精算分析實習生 Actuarial Intern,宏泰人壽保險股份有限公司(總公司),121.5484948,25.05654,0,"['統計學相關', '數理統計相關']",M,,,,True,intern
2,14523239,【2025 Summer Internship】Mechanical Engineer Intern,【2025 Summer Internship】Mechanical Engineer <em class='b-txt--highlight'>Intern</em>,1,1,6001002004,新北市汐止區,新台五路一段90號8樓," solutions for leading data centers.  The mechanical [[[intern]]] for Wiwynn HQ.

實習期間：06/23-08/22

Essential Job Functions: 
1. Assist in"," solutions for leading data centers.  The mechanical intern for Wiwynn HQ.

實習期間：06/23-08/22

Essential Job Functions: 
1. Assist in",大學,00,不拘,00007,2,6~10人應徵,53687704000,緯穎科技服務股份有限公司,1001003001,電腦及其週邊設備製造業,0030000,9999999,"月薪30,000元以上",50,20250602,6/02,3412096,0,,0,0," solutions for leading data centers.  The mechanical <em class='b-txt--highlight'>intern</em> for Wiwynn HQ.

實習期間：06/23-08/22

Essential Job Functions: 
1. Assist in","{'zone': {'desc': '上市上櫃', 'param': 16}, 'emp': {'desc': '員工3000人', 'param': '8'}}",,"{'applyAnalyze': '//www.104.com.tw/jobs/apply/analysis/8na7b?channel=104rpt&jobsource=apply_analyze', 'job': '//www.104.com.tw/job/8na7b?jobsource=n104bank2', 'cust': '//www.104.com.tw/company/onw9tj4?jobsource=n104bank2'}",,【2025 Summer Internship】Mechanical Engineer Intern,緯穎科技服務股份有限公司,121.6478659,25.0603727,0,"['機械工程相關', '航太工程相關']",M,,,,False,intern
0,13803648,Merchandising Intern,Merchandising <em class='b-txt--highlight'>Intern</em>,2,2,6001001007,台北市信義區,松仁路89號7樓D室,"1. Assist with daily, weekly reporting and day to day operations
2. Replenish key items weekly and voice inventory concerns to the line manager
3. Running sales reports
4. Creating binders/boards for presentations
5. Archiving old reporting
6. Day-to-day functions such as copying, printing and handling product transfer requests for cross-functional team members
7. Running competitive analysis on product assortment and pricing
8. Create and maintain seasonal boards for project presentations
9. Maintain, create, and understand weekly reports and tools used by the merchant team","1. Assist with daily, weekly reporting and day to day operations
2. Replenish key items weekly and voice inventory concerns to the line manager
3. Running sales reports
4. Creating binders/boards for presentations
5. Archiving old reporting
6. Day-to-day functions such as copying, printing and handling product transfer requests for cross-functional team members
7. Running competitive analysis on product assortment and pricing
8. Create and maintain seasonal boards for project presentations
9. Maintain, create, and understand weekly reports and tools used by the merchant team",大學,02,1年,0,1,0~5人應徵,53020743000,Michael Kors _香港商邁克爾高司有限公司台灣分公司,1003002013,百貨相關業,0000190,0000190,時薪190元,30,20250602,6/02,64,0,,0,0,"1. Assist with daily, weekly reporting and day to day operations
2. Replenish key items weekly and voice inventory concerns to the line manager
3. Running sales reports
4. Creating binders/boards for presentations
5. Archiving old reporting
6. Day-to-day functions such as copying, printing and handling product transfer requests for cross-functional team members
7. Running competitive analysis on product assortment and pricing
8. Create and maintain seasonal boards for project presentations
9. Maintain, create, and understand weekly reports and tools used by the merchant team","{'zoneForeign': {'desc': '外商公司', 'param': 5}, 'emp': {'desc': '員工110人', 'param': '6'}}",距捷運象山站約500公尺,"{'applyAnalyze': '//www.104.com.tw/jobs/apply/analysis/87uyo?channel=104rpt&jobsource=apply_analyze', 'job': '//www.104.com.tw/job/87uyo?jobsource=n104bank2', 'cust': '//www.104.com.tw/company/ocv6j4o?jobsource=n104bank2'}",,Merchandising Intern,Michael Kors _香港商邁克爾高司有限公司台灣分公司,121.5687861,25.0371739,0,[],H,0.5,99001002001,捷運象山站,False,intern
2,14670107,【2025 Summer Internship】HRIS Intern – Global Workday Promotion,【2025 Summer Internship】HRIS <em class='b-txt--highlight'>Intern</em> – Global Workday Promotion,1,1,6001002004,新北市汐止區,,Wiwynn is seeking a highly motivated and resourceful HRIS [[[Intern]]] to support the global promotion of key features within our,Wiwynn is seeking a highly motivated and resourceful HRIS Intern to support the global promotion of key features within our,大學,00,不拘,0,1,0~5人應徵,53687704000,緯穎科技服務股份有限公司,1001003001,電腦及其週邊設備製造業,0030000,0031000,"月薪30,000~31,000元",50,20250602,6/02,3412096,0,,0,0,Wiwynn is seeking a highly motivated and resourceful HRIS <em class='b-txt--highlight'>Intern</em> to support the global promotion of key features within our,"{'zone': {'desc': '上市上櫃', 'param': 16}, 'emp': {'desc': '員工3000人', 'param': '8'}}",,"{'applyAnalyze': '//www.104.com.tw/jobs/apply/analysis/8qfiz?channel=104rpt&jobsource=apply_analyze', 'job': '//www.104.com.tw/job/8qfiz?jobsource=n104bank2', 'cust': '//www.104.com.tw/company/onw9tj4?jobsource=n104bank2'}",,【2025 Summer Internship】HRIS Intern – Global Workday Promotion,緯穎科技服務股份有限公司,121.6397184,25.0616059,0,"['人力資源相關', '企業管理相關']",M,,,,True,intern
2,14523266,【2025 Summer Internship】Thermal Engineer Intern,【2025 Summer Internship】Thermal Engineer <em class='b-txt--highlight'>Intern</em>,1,1,6001002004,新北市汐止區,新台五路一段90號8樓," solutions for leading data centers. The [[[intern]]] engineer of Wiwynn thermal team, will have chance to assist in the development and"," solutions for leading data centers. The intern engineer of Wiwynn thermal team, will have chance to assist in the development and",大學,00,不拘,00004,1,0~5人應徵,53687704000,緯穎科技服務股份有限公司,1001003001,電腦及其週邊設備製造業,0030000,9999999,"月薪30,000元以上",50,20250602,6/02,3412096,0,,0,0," solutions for leading data centers. The <em class='b-txt--highlight'>intern</em> engineer of Wiwynn thermal team, will have chance to assist in the development and","{'zone': {'desc': '上市上櫃', 'param': 16}, 'emp': {'desc': '員工3000人', 'param': '8'}}",,"{'applyAnalyze': '//www.104.com.tw/jobs/apply/analysis/8na82?channel=104rpt&jobsource=apply_analyze', 'job': '//www.104.com.tw/job/8na82?jobsource=n104bank2', 'cust': '//www.104.com.tw/company/onw9tj4?jobsource=n104bank2'}",,【2025 Summer Internship】Thermal Engineer Intern,緯穎科技服務股份有限公司,121.6478659,25.0603727,0,"['機械工程相關', '航太工程相關', '冷凍空調相關']",M,,,,False,intern
0,14608209,【Marketing】Intern ( Japan ),【Marketing】<em class='b-txt--highlight'>Intern</em> ( Japan ),2,2,6001001003,台北市中山區,中山北路三段22-1號,"★日文行銷實習生招募中｜加入我們，一起打造全新社交體驗★

你熱愛日本文化、懂日文，又對社群媒體、數位內容與創意企劃有興趣嗎？
我們正在尋找有熱情、好奇心強的 日文行銷實習生，加入我們的行銷團隊，從創意發想到實際執行，一起參與改變社交平台未來的旅程！

【你將會執行這些工作】
．社群平台（IG、X、TikTok 等）內容規劃與執行
．創作者／KOL 合作資料整理與聯繫溝通
．協助企劃品牌活動、行銷 campaign 的前置與執行
．分析數據並協助追蹤行銷效益
．一起腦力激盪、提出新鮮好玩的點子！

【希望你具備這些經驗與能力】
．熱愛日本文化
．精通日文 N2以上
．對行銷、社群經營、內容創作有興趣
．邏輯清晰、做事細心、能主動溝通
．熟悉 IG、X、TikTok 等社群平台操作
**加分：會使用影音剪輯軟體（CapCut、Premiere 等）
***更加分：愛觀察流行趨勢、參與流行時事！

【你可以期待的體驗】
．有機會實際參與專案，擁有自己的作品與提案
．和有日本人的行銷團隊一起協作，實戰中快速成長
．與日本創作者、設計師、產品團隊密切合作
．彈性工作環境、開放的討論文化與不藏私的分享


面談時間與實習起始日可彈性安排，歡迎隨時應徵！
★按下「我要應徵」，讓我們一起打造有趣、有人味、又超未來感的內容世界！","★日文行銷實習生招募中｜加入我們，一起打造全新社交體驗★

你熱愛日本文化、懂日文，又對社群媒體、數位內容與創意企劃有興趣嗎？
我們正在尋找有熱情、好奇心強的 日文行銷實習生，加入我們的行銷團隊，從創意發想到實際執行，一起參與改變社交平台未來的旅程！

【你將會執行這些工作】
．社群平台（IG、X、TikTok 等）內容規劃與執行
．創作者／KOL 合作資料整理與聯繫溝通
．協助企劃品牌活動、行銷 campaign 的前置與執行
．分析數據並協助追蹤行銷效益
．一起腦力激盪、提出新鮮好玩的點子！

【希望你具備這些經驗與能力】
．熱愛日本文化
．精通日文 N2以上
．對行銷、社群經營、內容創作有興趣
．邏輯清晰、做事細心、能主動溝通
．熟悉 IG、X、TikTok 等社群平台操作
**加分：會使用影音剪輯軟體（CapCut、Premiere 等）
***更加分：愛觀察流行趨勢、參與流行時事！

【你可以期待的體驗】
．有機會實際參與專案，擁有自己的作品與提案
．和有日本人的行銷團隊一起協作，實戰中快速成長
．與日本創作者、設計師、產品團隊密切合作
．彈性工作環境、開放的討論文化與不藏私的分享


面談時間與實習起始日可彈性安排，歡迎隨時應徵！
★按下「我要應徵」，讓我們一起打造有趣、有人味、又超未來感的內容世界！",專科,00,不拘,00001,1,0~5人應徵,130000000099607,未來市股份有限公司,1001001002,電腦軟體服務業,0000190,9999999,時薪190元以上,30,20250602,6/02,0,0,,0,0,"★日文行銷實習生招募中｜加入我們，一起打造全新社交體驗★

你熱愛日本文化、懂日文，又對社群媒體、數位內容與創意企劃有興趣嗎？
我們正在尋找有熱情、好奇心強的 日文行銷實習生，加入我們的行銷團隊，從創意發想到實際執行，一起參與改變社交平台未來的旅程！

【你將會執行這些工作】
．社群平台（IG、X、TikTok 等）內容規劃與執行
．創作者／KOL 合作資料整理與聯繫溝通
．協助企劃品牌活動、行銷 campaign 的前置與執行
．分析數據並協助追蹤行銷效益
．一起腦力激盪、提出新鮮好玩的點子！

【希望你具備這些經驗與能力】
．熱愛日本文化
．精通日文 N2以上
．對行銷、社群經營、內容創作有興趣
．邏輯清晰、做事細心、能主動溝通
．熟悉 IG、X、TikTok 等社群平台操作
**加分：會使用影音剪輯軟體（CapCut、Premiere 等）
***更加分：愛觀察流行趨勢、參與流行時事！

【你可以期待的體驗】
．有機會實際參與專案，擁有自己的作品與提案
．和有日本人的行銷團隊一起協作，實戰中快速成長
．與日本創作者、設計師、產品團隊密切合作
．彈性工作環境、開放的討論文化與不藏私的分享


面談時間與實習起始日可彈性安排，歡迎隨時應徵！
★按下「我要應徵」，讓我們一起打造有趣、有人味、又超未來感的內容世界！","{'emp': {'desc': '員工90人', 'param': '5'}}",距捷運民權西路站約290公尺,"{'applyAnalyze': '//www.104.com.tw/jobs/apply/analysis/8p3rl?channel=104rpt&jobsource=apply_analyze', 'job': '//www.104.com.tw/job/8p3rl?jobsource=n104bank2', 'cust': '//www.104.com.tw/company/1a2x6bk45z?jobsource=n104bank2'}",,【Marketing】Intern ( Japan ),未來市股份有限公司,121.5221507,25.064302,0,[],H,0.29,99001002012,捷運民權西路站,False,intern
0,13703776,人工智慧工程師-學生實習 AI Engineer(Intern),人工智慧工程師-學生實習 AI Engineer(<em class='b-txt--highlight'>Intern</em>),2,2,6001001011,台北市南港區,園區街3-2號9樓0912室,"【投遞須知】
請意欲參與此項實習的夥伴，檢附過去相關開發資訊，如研究文件、GIT HUB等，以利技術性審核，感謝!

這是一份要動起來的實習旅程，會面對硬實力與軟實力的複合型挑戰!
若您對AI模型商品化，歡迎投遞您的履歷!

&quot;近期之主題偏向生成式AI、VC之產品化開發。
*持續且頻繁使用超過1年的Python經驗，留心coding style
*複合型的應用開發，包括AI技術(NLP/CV/BIG DATA )為主軸、後端產品化(DATABASE/API)為輔

【工作內容】
1. 負責AI軟體與系統化之資料蒐集、設計、程式撰寫、測試、優化與佈署等
2. 依照專案需求建立AI模組並配合純軟或軟硬體整合開發
3. 針對現有產品、模型進行優化、調參 
4. AI模型系統化之環境與後端API、資料庫串接製作
5. 文件化與基礎QAQC

【加分項目】
● 資訊工程科系尤佳，具備自主開發的能力
● 具備物件偵測(Object Detection)相關開發經驗
● 產品化面:熟悉My SQL資料庫運用/NoSQL資料庫運用/Linux作業系統開發/Docker
● AI模型面:熟悉深度學習架構、演算法技術與模型加速技術、NLP
● 熱愛軟體開發，積極有耐心


【實習時程】
● 以長期穩定實體實習為主，時程至少6個月含以上，一週至少能配合3天。
","【投遞須知】
請意欲參與此項實習的夥伴，檢附過去相關開發資訊，如研究文件、GIT HUB等，以利技術性審核，感謝!

這是一份要動起來的實習旅程，會面對硬實力與軟實力的複合型挑戰!
若您對AI模型商品化，歡迎投遞您的履歷!

""近期之主題偏向生成式AI、VC之產品化開發。
*持續且頻繁使用超過1年的Python經驗，留心coding style
*複合型的應用開發，包括AI技術(NLP/CV/BIG DATA )為主軸、後端產品化(DATABASE/API)為輔

【工作內容】
1. 負責AI軟體與系統化之資料蒐集、設計、程式撰寫、測試、優化與佈署等
2. 依照專案需求建立AI模組並配合純軟或軟硬體整合開發
3. 針對現有產品、模型進行優化、調參 
4. AI模型系統化之環境與後端API、資料庫串接製作
5. 文件化與基礎QAQC

【加分項目】
● 資訊工程科系尤佳，具備自主開發的能力
● 具備物件偵測(Object Detection)相關開發經驗
● 產品化面:熟悉My SQL資料庫運用/NoSQL資料庫運用/Linux作業系統開發/Docker
● AI模型面:熟悉深度學習架構、演算法技術與模型加速技術、NLP
● 熱愛軟體開發，積極有耐心


【實習時程】
● 以長期穩定實體實習為主，時程至少6個月含以上，一週至少能配合3天。
",高中,00,不拘,00005,1,0~5人應徵,130000000141400,聚典資訊股份有限公司,1001001002,電腦軟體服務業,0000200,9999999,時薪200元以上,30,20250602,6/02,8388608,0,,0,0,"【投遞須知】
請意欲參與此項實習的夥伴，檢附過去相關開發資訊，如研究文件、GIT HUB等，以利技術性審核，感謝!

這是一份要動起來的實習旅程，會面對硬實力與軟實力的複合型挑戰!
若您對AI模型商品化，歡迎投遞您的履歷!

&quot;近期之主題偏向生成式AI、VC之產品化開發。
*持續且頻繁使用超過1年的Python經驗，留心coding style
*複合型的應用開發，包括AI技術(NLP/CV/BIG DATA )為主軸、後端產品化(DATABASE/API)為輔

【工作內容】
1. 負責AI軟體與系統化之資料蒐集、設計、程式撰寫、測試、優化與佈署等
2. 依照專案需求建立AI模組並配合純軟或軟硬體整合開發
3. 針對現有產品、模型進行優化、調參 
4. AI模型系統化之環境與後端API、資料庫串接製作
5. 文件化與基礎QAQC

【加分項目】
● 資訊工程科系尤佳，具備自主開發的能力
● 具備物件偵測(Object Detection)相關開發經驗
● 產品化面:熟悉My SQL資料庫運用/NoSQL資料庫運用/Linux作業系統開發/Docker
● AI模型面:熟悉深度學習架構、演算法技術與模型加速技術、NLP
● 熱愛軟體開發，積極有耐心


【實習時程】
● 以長期穩定實體實習為主，時程至少6個月含以上，一週至少能配合3天。
","{'emp': {'desc': '員工18人', 'param': '3'}}",距捷運南港展覽館站約330公尺,"{'applyAnalyze': '//www.104.com.tw/jobs/apply/analysis/85pwg?channel=104rpt&jobsource=apply_analyze', 'job': '//www.104.com.tw/job/85pwg?jobsource=n104bank2', 'cust': '//www.104.com.tw/company/1a2x6bl0ew?jobsource=n104bank2'}",,人工智慧工程師-學生實習 AI Engineer(Intern),聚典資訊股份有限公司,121.6118349,25.0568192,0,[],H,0.33,99001005023,捷運南港展覽館站,False,intern
0,14551138,[Multimedia] Business Operations Assistant (Intern),[Multimedia] Business Operations Assistant (<em class='b-txt--highlight'>Intern</em>),2,2,6001001011,台北市南港區,昆陽街16號,"Please submit your application via KKCompany Careers (https://www.kkcompany.com/). Only online applications on the career website will be considered.

KKCompany Technologies Group is a leading technology group in software services. We have created the worlds first legal music streaming platform, KKBOX, and are an international software technology group focused on multimedia technologies, digital cloud, and AI applications as our core business to create value for the customers. The group consists of self-owned brands including KKBOX, BlendVision, and Going Cloud with enterprise customers across Asia. KKCompany Technologies has attained OpenChain ISO/IEC 5230 and ISO 27001 third-party international certification.

We have over 500 employees across offices in Tokyo, Singapore, Taipei, Kaohsiung, and Hong Kong. For more information please visit our website: www.kkcompany.com and blog: blog.kkcompany.com


Responsibilities:
Billing and Accounts Receivable/Payable Management:
- Complete billing tasks according to the company’s schedule (1st, 2nd, and 3rd of each month) to ensure accurate payments
- Communicate with relevant departments and clients to confirm accounts receivable and payable, ensuring a smooth billing process
- Issue invoices, organize, and archive related documents to ensure record completeness
Reimbursement and Payment Processing:
- Assist the department with expense reimbursements and payment requests, ensuring a smooth process in compliance with company policies
Audit Documentation and Contract Handling:
- Provide necessary documents and explanations in response to company audit requirements
- Assist in handling simple departmental contracts, including review, filing, and compliance checks
Other Administrative and Financial Support:
- Support communication and collaboration between the finance department and other departments
- Participate in internal process optimization to improve work efficiency
- Handle other finance and administrative tasks assigned by supervisors


Requirements:
- Prior experience in an accounting firm is preferred
- Experience in finance, accounting, or administrative roles is a plus
- Detail-oriented and responsible, capable of handling large amounts of data and documents accurately
- Proficiency in Excel, financial systems, or ERP systems is a plus
- Strong time management skills to meet deadlines efficiently
- Excellent communication and collaboration skills to coordinate with internal and external stakeholders
","Please submit your application via KKCompany Careers (https://www.kkcompany.com/). Only online applications on the career website will be considered.

KKCompany Technologies Group is a leading technology group in software services. We have created the worlds first legal music streaming platform, KKBOX, and are an international software technology group focused on multimedia technologies, digital cloud, and AI applications as our core business to create value for the customers. The group consists of self-owned brands including KKBOX, BlendVision, and Going Cloud with enterprise customers across Asia. KKCompany Technologies has attained OpenChain ISO/IEC 5230 and ISO 27001 third-party international certification.

We have over 500 employees across offices in Tokyo, Singapore, Taipei, Kaohsiung, and Hong Kong. For more information please visit our website: www.kkcompany.com and blog: blog.kkcompany.com


Responsibilities:
Billing and Accounts Receivable/Payable Management:
- Complete billing tasks according to the company’s schedule (1st, 2nd, and 3rd of each month) to ensure accurate payments
- Communicate with relevant departments and clients to confirm accounts receivable and payable, ensuring a smooth billing process
- Issue invoices, organize, and archive related documents to ensure record completeness
Reimbursement and Payment Processing:
- Assist the department with expense reimbursements and payment requests, ensuring a smooth process in compliance with company policies
Audit Documentation and Contract Handling:
- Provide necessary documents and explanations in response to company audit requirements
- Assist in handling simple departmental contracts, including review, filing, and compliance checks
Other Administrative and Financial Support:
- Support communication and collaboration between the finance department and other departments
- Participate in internal process optimization to improve work efficiency
- Handle other finance and administrative tasks assigned by supervisors


Requirements:
- Prior experience in an accounting firm is preferred
- Experience in finance, accounting, or administrative roles is a plus
- Detail-oriented and responsible, capable of handling large amounts of data and documents accurately
- Proficiency in Excel, financial systems, or ERP systems is a plus
- Strong time management skills to meet deadlines efficiently
- Excellent communication and collaboration skills to coordinate with internal and external stakeholders
",大學,00,不拘,00003,1,0~5人應徵,130000000201026,新加坡商科科科技股份有限公司台灣分公司,1001001003,網際網路相關業,0000200,0000200,時薪200元,30,20250602,6/02,0,0,,0,0,"Please submit your application via KKCompany Careers (https://www.kkcompany.com/). Only online applications on the career website will be considered.

KKCompany Technologies Group is a leading technology group in software services. We have created the worlds first legal music streaming platform, KKBOX, and are an international software technology group focused on multimedia technologies, digital cloud, and AI applications as our core business to create value for the customers. The group consists of self-owned brands including KKBOX, BlendVision, and Going Cloud with enterprise customers across Asia. KKCompany Technologies has attained OpenChain ISO/IEC 5230 and ISO 27001 third-party international certification.

We have over 500 employees across offices in Tokyo, Singapore, Taipei, Kaohsiung, and Hong Kong. For more information please visit our website: www.kkcompany.com and blog: blog.kkcompany.com


Responsibilities:
Billing and Accounts Receivable/Payable Management:
- Complete billing tasks according to the company’s schedule (1st, 2nd, and 3rd of each month) to ensure accurate payments
- Communicate with relevant departments and clients to confirm accounts receivable and payable, ensuring a smooth billing process
- Issue invoices, organize, and archive related documents to ensure record completeness
Reimbursement and Payment Processing:
- Assist the department with expense reimbursements and payment requests, ensuring a smooth process in compliance with company policies
Audit Documentation and Contract Handling:
- Provide necessary documents and explanations in response to company audit requirements
- Assist in handling simple departmental contracts, including review, filing, and compliance checks
Other Administrative and Financial Support:
- Support communication and collaboration between the finance department and other departments
- Participate in internal process optimization to improve work efficiency
- Handle other finance and administrative tasks assigned by supervisors


Requirements:
- Prior experience in an accounting firm is preferred
- Experience in finance, accounting, or administrative roles is a plus
- Detail-oriented and responsible, capable of handling large amounts of data and documents accurately
- Proficiency in Excel, financial systems, or ERP systems is a plus
- Strong time management skills to meet deadlines efficiently
- Excellent communication and collaboration skills to coordinate with internal and external stakeholders
","{'emp': {'desc': '員工500人', 'param': '8'}}",距捷運昆陽站約320公尺,"{'applyAnalyze': '//www.104.com.tw/jobs/apply/analysis/8nvqa?channel=104rpt&jobsource=apply_analyze', 'job': '//www.104.com.tw/job/8nvqa?jobsource=n104bank2', 'cust': '//www.104.com.tw/company/1a2x6bmaf6?jobsource=n104bank2'}",,[Multimedia] Business Operations Assistant (Intern),新加坡商科科科技股份有限公司台灣分公司,121.5921289,25.0532073,0,[],H,0.32,99001005021,捷運昆陽站,False,intern
0,13637555,AWS Cloud Intern (雲端技術實習生),AWS Cloud <em class='b-txt--highlight'>Intern</em> (雲端技術實習生),2,2,6001001003,台北市中山區,樂群二路267號6樓之9,"【What You Need To Do】 
1. 技術文件、SOP手冊撰寫，協助架構最佳化、測試客制化解決方案、協助發想應用的可行性。
2. 學習並培養不受限且有邏輯的思考，並培養未來的Solution Architect或Implement Engineer 所需技能。
3. 每週至少可排班三天。

【What You Can Acquire】 
1. 學習到最新的雲端產品知識，成為同儕間技術的領頭。
2. 快速培養跨部門的溝通能力。
3. 真實案例協助建置經驗。
4. 雲端原廠認證考試補助，提升自我不受限。

【Basic Qualifications】
1. 熱愛學習的心。
2. 勇於表達並解決問題。
3. 不受限的邏輯思考思維。
4. 熟悉計算機概論。
5. 雲端產業以美國企業為主，因此須具備一定的英文閱讀能力。

【Bonus Qualifications】
1. 略懂一種以上的程式語言 (不限制語言種類，每種語言都有適應雲端的方式) 。
2. Side project經驗。
3. 雲端專業認證 (AWS、AZURE、GCP)。
4. 網路與作業系統專業認證(CCNA、CCNP、RHCSA、RHCE、MCSA 等)。","【What You Need To Do】 
1. 技術文件、SOP手冊撰寫，協助架構最佳化、測試客制化解決方案、協助發想應用的可行性。
2. 學習並培養不受限且有邏輯的思考，並培養未來的Solution Architect或Implement Engineer 所需技能。
3. 每週至少可排班三天。

【What You Can Acquire】 
1. 學習到最新的雲端產品知識，成為同儕間技術的領頭。
2. 快速培養跨部門的溝通能力。
3. 真實案例協助建置經驗。
4. 雲端原廠認證考試補助，提升自我不受限。

【Basic Qualifications】
1. 熱愛學習的心。
2. 勇於表達並解決問題。
3. 不受限的邏輯思考思維。
4. 熟悉計算機概論。
5. 雲端產業以美國企業為主，因此須具備一定的英文閱讀能力。

【Bonus Qualifications】
1. 略懂一種以上的程式語言 (不限制語言種類，每種語言都有適應雲端的方式) 。
2. Side project經驗。
3. 雲端專業認證 (AWS、AZURE、GCP)。
4. 網路與作業系統專業認證(CCNA、CCNP、RHCSA、RHCE、MCSA 等)。",大學,00,不拘,0,1,0~5人應徵,28497918000,博弘雲端科技股份有限公司,1001001003,網際網路相關業,0000190,9999999,時薪190元以上,30,20250602,6/02,0,0,,0,0,"【What You Need To Do】 
1. 技術文件、SOP手冊撰寫，協助架構最佳化、測試客制化解決方案、協助發想應用的可行性。
2. 學習並培養不受限且有邏輯的思考，並培養未來的Solution Architect或Implement Engineer 所需技能。
3. 每週至少可排班三天。

【What You Can Acquire】 
1. 學習到最新的雲端產品知識，成為同儕間技術的領頭。
2. 快速培養跨部門的溝通能力。
3. 真實案例協助建置經驗。
4. 雲端原廠認證考試補助，提升自我不受限。

【Basic Qualifications】
1. 熱愛學習的心。
2. 勇於表達並解決問題。
3. 不受限的邏輯思考思維。
4. 熟悉計算機概論。
5. 雲端產業以美國企業為主，因此須具備一定的英文閱讀能力。

【Bonus Qualifications】
1. 略懂一種以上的程式語言 (不限制語言種類，每種語言都有適應雲端的方式) 。
2. Side project經驗。
3. 雲端專業認證 (AWS、AZURE、GCP)。
4. 網路與作業系統專業認證(CCNA、CCNP、RHCSA、RHCE、MCSA 等)。","{'emp': {'desc': '員工200人', 'param': '6'}}",,"{'applyAnalyze': '//www.104.com.tw/jobs/apply/analysis/84asz?channel=104rpt&jobsource=apply_analyze', 'job': '//www.104.com.tw/job/84asz?jobsource=n104bank2', 'cust': '//www.104.com.tw/company/d3axa9c?jobsource=n104bank2'}",,AWS Cloud Intern (雲端技術實習生),博弘雲端科技股份有限公司,121.5606345,25.0801895,0,[],H,,,,True,intern
2,14669990,經營管理實習生_Business Operation Intern_台北,經營管理實習生_Business Operation <em class='b-txt--highlight'>Intern</em>_台北,2,2,6001001010,台北市內湖區,瑞光路335號10樓2室,"我們昕力資訊是一家規模550＋人的B2B跨國軟體設計與開發公司，主要提供企業軟體建置與顧問服務，專精於AI智能客服機器人、Fintech與數位銀行、行動壽險、行動App應用、大數據等系統解決方案，並擁有多項自有產品，經營據點跨足台北、新竹、台中、台南、高雄、新加坡及越南。

在現在這個數位轉型的大時代中，為了提供更專業的服務及產品，我們需要優秀的夥伴加入。

【經營管理實習生的夥伴工作內容會包含什麼？】
1. 協助數據收集、整理與分析，產出經營報告
2. 辦理各利潤中心業務數據追蹤與績效分析
3. 協助準備ESG相關報告與報表，並追蹤專案進展
4. 支援碳盤查作業，如碳排放計算及相關數據整理
5. 完成主管交辦的其他事項。

【我們希望您具備的技能】
- 財務金融科系、商管相關

【加分技能】
1. 具財務分析經驗佳
2. 軟體產業具有高度興趣為佳

【我們期望您擁有的特質】
- 人際溝通能力：必須能夠與不同工作職務和不同特質的人相處融洽、與團隊合作無間
- 高度團隊意識：願意以團隊目標為優先，同時也尊重團隊夥伴有不同的意見
- 邏輯思辨能力：能夠快速分析每個執行方案的優缺點、可行的替代方案
- 自主學習能力：積極主動學習相關產業的domain know-how及工作上所需技能

【注意事項】
如果團隊覺得有機會合作，想跟您更深入的交流，我們將會儘速與您聯繫
若不符合的面試者，將不另行通知，謝謝!","我們昕力資訊是一家規模550＋人的B2B跨國軟體設計與開發公司，主要提供企業軟體建置與顧問服務，專精於AI智能客服機器人、Fintech與數位銀行、行動壽險、行動App應用、大數據等系統解決方案，並擁有多項自有產品，經營據點跨足台北、新竹、台中、台南、高雄、新加坡及越南。

在現在這個數位轉型的大時代中，為了提供更專業的服務及產品，我們需要優秀的夥伴加入。

【經營管理實習生的夥伴工作內容會包含什麼？】
1. 協助數據收集、整理與分析，產出經營報告
2. 辦理各利潤中心業務數據追蹤與績效分析
3. 協助準備ESG相關報告與報表，並追蹤專案進展
4. 支援碳盤查作業，如碳排放計算及相關數據整理
5. 完成主管交辦的其他事項。

【我們希望您具備的技能】
- 財務金融科系、商管相關

【加分技能】
1. 具財務分析經驗佳
2. 軟體產業具有高度興趣為佳

【我們期望您擁有的特質】
- 人際溝通能力：必須能夠與不同工作職務和不同特質的人相處融洽、與團隊合作無間
- 高度團隊意識：願意以團隊目標為優先，同時也尊重團隊夥伴有不同的意見
- 邏輯思辨能力：能夠快速分析每個執行方案的優缺點、可行的替代方案
- 自主學習能力：積極主動學習相關產業的domain know-how及工作上所需技能

【注意事項】
如果團隊覺得有機會合作，想跟您更深入的交流，我們將會儘速與您聯繫
若不符合的面試者，將不另行通知，謝謝!",高中,00,不拘,0,1,0~5人應徵,27714944000,昕力資訊股份有限公司,1001001002,電腦軟體服務業,0000200,0000200,時薪200元,30,20250602,6/02,4096,0,,0,0,"我們昕力資訊是一家規模550＋人的B2B跨國軟體設計與開發公司，主要提供企業軟體建置與顧問服務，專精於AI智能客服機器人、Fintech與數位銀行、行動壽險、行動App應用、大數據等系統解決方案，並擁有多項自有產品，經營據點跨足台北、新竹、台中、台南、高雄、新加坡及越南。

在現在這個數位轉型的大時代中，為了提供更專業的服務及產品，我們需要優秀的夥伴加入。

【經營管理實習生的夥伴工作內容會包含什麼？】
1. 協助數據收集、整理與分析，產出經營報告
2. 辦理各利潤中心業務數據追蹤與績效分析
3. 協助準備ESG相關報告與報表，並追蹤專案進展
4. 支援碳盤查作業，如碳排放計算及相關數據整理
5. 完成主管交辦的其他事項。

【我們希望您具備的技能】
- 財務金融科系、商管相關

【加分技能】
1. 具財務分析經驗佳
2. 軟體產業具有高度興趣為佳

【我們期望您擁有的特質】
- 人際溝通能力：必須能夠與不同工作職務和不同特質的人相處融洽、與團隊合作無間
- 高度團隊意識：願意以團隊目標為優先，同時也尊重團隊夥伴有不同的意見
- 邏輯思辨能力：能夠快速分析每個執行方案的優缺點、可行的替代方案
- 自主學習能力：積極主動學習相關產業的domain know-how及工作上所需技能

【注意事項】
如果團隊覺得有機會合作，想跟您更深入的交流，我們將會儘速與您聯繫
若不符合的面試者，將不另行通知，謝謝!","{'emp': {'desc': '員工600人', 'param': '8'}}",距捷運港墘站約290公尺,"{'applyAnalyze': '//www.104.com.tw/jobs/apply/analysis/8qffq?channel=104rpt&jobsource=apply_analyze', 'job': '//www.104.com.tw/job/8qffq?jobsource=n104bank2', 'cust': '//www.104.com.tw/company/cqcrfnk?jobsource=n104bank2'}",,經營管理實習生_Business Operation Intern_台北,昕力資訊股份有限公司,121.5750009,25.0774939,0,[],H,0.29,99001001017,捷運港墘站,True,intern
2,14522340,Technical Planning Engineer Intern（2025 Summer Internship）,Technical Planning Engineer <em class='b-txt--highlight'>Intern</em>（2025 Summer Internship）,1,1,6001002004,新北市汐止區,新台五路一段90號8樓," solutions for leading data centers. As a Technical Planning Engineer [[[Intern]]] at Wiwynn HQ, you will play a pivotal role in gathering,"," solutions for leading data centers. As a Technical Planning Engineer Intern at Wiwynn HQ, you will play a pivotal role in gathering,",大學,00,不拘,00008,2,6~10人應徵,53687704000,緯穎科技服務股份有限公司,1001003001,電腦及其週邊設備製造業,0030000,9999999,"月薪30,000元以上",50,20250602,6/02,3412096,0,,0,0," solutions for leading data centers. As a Technical Planning Engineer <em class='b-txt--highlight'>Intern</em> at Wiwynn HQ, you will play a pivotal role in gathering,","{'zone': {'desc': '上市上櫃', 'param': 16}, 'emp': {'desc': '員工3000人', 'param': '8'}}",,"{'applyAnalyze': '//www.104.com.tw/jobs/apply/analysis/8n9ic?channel=104rpt&jobsource=apply_analyze', 'job': '//www.104.com.tw/job/8n9ic?jobsource=n104bank2', 'cust': '//www.104.com.tw/company/onw9tj4?jobsource=n104bank2'}",,Technical Planning Engineer Intern（2025 Summer Internship）,緯穎科技服務股份有限公司,121.6478659,25.0603727,0,"['資訊工程相關', '資訊管理相關', '電機電子工程相關']",M,,,,False,intern
2,14452662,【Taiwan Mobile 實習計畫】Intern-採購,【Taiwan Mobile 實習計畫】<em class='b-txt--highlight'>Intern</em>-採購,1,1,6001001007,台北市信義區,,"「台灣大實習計畫」熱烈招募中，實習生不限國籍、實習時間不限寒暑假、實習期間將由專屬導師(Mentor)帶領您，讓您和業界接軌，成為引導Web 3新時代的科技菁英，跟著我們一起Open Possible 展開您的人生新篇章。

【實習內容】
1. 採購處內部系統優化專案
2. 利用RPA程式增進重複性工作處理效率
3. 撰寫Excel巨集減少文件處理時間
","「台灣大實習計畫」熱烈招募中，實習生不限國籍、實習時間不限寒暑假、實習期間將由專屬導師(Mentor)帶領您，讓您和業界接軌，成為引導Web 3新時代的科技菁英，跟著我們一起Open Possible 展開您的人生新篇章。

【實習內容】
1. 採購處內部系統優化專案
2. 利用RPA程式增進重複性工作處理效率
3. 撰寫Excel巨集減少文件處理時間
",不拘,00,不拘,00004,1,0~5人應徵,97176270000,台灣大哥大股份有限公司,1001002001,電信相關業,0000190,0000250,時薪190~250元,30,20250602,6/02,1314816,0,,0,0,"「台灣大實習計畫」熱烈招募中，實習生不限國籍、實習時間不限寒暑假、實習期間將由專屬導師(Mentor)帶領您，讓您和業界接軌，成為引導Web 3新時代的科技菁英，跟著我們一起Open Possible 展開您的人生新篇章。

【實習內容】
1. 採購處內部系統優化專案
2. 利用RPA程式增進重複性工作處理效率
3. 撰寫Excel巨集減少文件處理時間
","{'zone': {'desc': '上市上櫃', 'param': 16}, 'emp': {'desc': '員工4500人', 'param': '8'}, 'remote': {'desc': '遠端工作'}}",,"{'applyAnalyze': '//www.104.com.tw/jobs/apply/analysis/8lrqu?channel=104rpt&jobsource=apply_analyze', 'job': '//www.104.com.tw/job/8lrqu?jobsource=n104bank2', 'cust': '//www.104.com.tw/company/18n48ptc?jobsource=n104bank2'}",,【Taiwan Mobile 實習計畫】Intern-採購,台灣大哥大股份有限公司,121.5720055,25.0409201,2,[],H,,,,True,intern
2,13890884,數據實習工程師 (長期) / Data Engineer Intern,數據實習工程師 (長期) / Data Engineer <em class='b-txt--highlight'>Intern</em>,2,2,6001001003,台北市中山區,民生東路二段145號5樓,"【工作內容】
- 爬蟲程式維護，提升可靠度與可用率
- 爬蟲相關帳號維護
- 主管交辦事項

【必要技能】
- 熟悉Python語法
- 熟悉HTML結構，能使用套件（如beautiful soup）解析網頁資料　

【加分條件】
- 有Git使用經驗
- 有爬蟲套件與框架(如Scrapy, Puppeteer, Selenium, Playwright)使用經驗
- 有Linux, Docker使用經驗","【工作內容】
- 爬蟲程式維護，提升可靠度與可用率
- 爬蟲相關帳號維護
- 主管交辦事項

【必要技能】
- 熟悉Python語法
- 熟悉HTML結構，能使用套件（如beautiful soup）解析網頁資料　

【加分條件】
- 有Git使用經驗
- 有爬蟲套件與框架(如Scrapy, Puppeteer, Selenium, Playwright)使用經驗
- 有Linux, Docker使用經驗",專科,00,不拘,00006,2,6~10人應徵,130000000072800,大數據股份有限公司,1001001006,其它軟體及網路相關業,0000190,0000190,時薪190元,30,20250602,6/02,266240,0,,0,0,"【工作內容】
- 爬蟲程式維護，提升可靠度與可用率
- 爬蟲相關帳號維護
- 主管交辦事項

【必要技能】
- 熟悉Python語法
- 熟悉HTML結構，能使用套件（如beautiful soup）解析網頁資料　

【加分條件】
- 有Git使用經驗
- 有爬蟲套件與框架(如Scrapy, Puppeteer, Selenium, Playwright)使用經驗
- 有Linux, Docker使用經驗","{'emp': {'desc': '員工80人', 'param': '5'}}",距捷運行天宮站約220公尺,"{'applyAnalyze': '//www.104.com.tw/jobs/apply/analysis/89q9w?channel=104rpt&jobsource=apply_analyze', 'job': '//www.104.com.tw/job/89q9w?jobsource=n104bank2', 'cust': '//www.104.com.tw/company/1a2x6bjjhc?jobsource=n104bank2'}",,數據實習工程師 (長期) / Data Engineer Intern,大數據股份有限公司,121.5345738,25.0581408,0,[],H,0.22,99001004009,捷運行天宮站,False,intern
2,14423480,【實習計畫】Warranty Intern 保固實習生,【實習計畫】Warranty <em class='b-txt--highlight'>Intern</em> 保固實習生,2,2,6001001009,台北市北投區,立功街9號7樓,"•	Monitor the dealer workshop warranty KPI and plan audit based on analysis results, define action plan for improvement
監控經銷商維修廠的保固KPI，根據分析結果制定計劃
•	Support dealer workshop for the necessary assistant to use the correct Repair package. 
支援經銷商維修廠，協助使用正確的維修包裝
•	Conduct the removed warranty &amp; goodwill &amp; service measure parts inspection, initiate investigation and provide result to technical support team as a base for quality imporvement. Arrange and handle the warranty parts disposal. 
執行已移除的保固及零件檢查，啟動調查並將結果提供給技術支援團隊，作為品質改進的依據。安排並處理保固零件的處理
•	Consultant and decision making for dealer workshop warranty and goodwill inquiry. 
提供經銷商維修廠保固的諮詢
•	Support for the necessary warranty training course.
","•	Monitor the dealer workshop warranty KPI and plan audit based on analysis results, define action plan for improvement
監控經銷商維修廠的保固KPI，根據分析結果制定計劃
•	Support dealer workshop for the necessary assistant to use the correct Repair package. 
支援經銷商維修廠，協助使用正確的維修包裝
•	Conduct the removed warranty & goodwill & service measure parts inspection, initiate investigation and provide result to technical support team as a base for quality imporvement. Arrange and handle the warranty parts disposal. 
執行已移除的保固及零件檢查，啟動調查並將結果提供給技術支援團隊，作為品質改進的依據。安排並處理保固零件的處理
•	Consultant and decision making for dealer workshop warranty and goodwill inquiry. 
提供經銷商維修廠保固的諮詢
•	Support for the necessary warranty training course.
",大學,02,1年,00007,2,6~10人應徵,12681620000,台灣賓士股份有限公司,1003001012,汽機車及其零配件用品／批發業,0000190,0000190,時薪190元,30,20250602,6/02,4160,0,,0,0,"•	Monitor the dealer workshop warranty KPI and plan audit based on analysis results, define action plan for improvement
監控經銷商維修廠的保固KPI，根據分析結果制定計劃
•	Support dealer workshop for the necessary assistant to use the correct Repair package. 
支援經銷商維修廠，協助使用正確的維修包裝
•	Conduct the removed warranty &amp; goodwill &amp; service measure parts inspection, initiate investigation and provide result to technical support team as a base for quality imporvement. Arrange and handle the warranty parts disposal. 
執行已移除的保固及零件檢查，啟動調查並將結果提供給技術支援團隊，作為品質改進的依據。安排並處理保固零件的處理
•	Consultant and decision making for dealer workshop warranty and goodwill inquiry. 
提供經銷商維修廠保固的諮詢
•	Support for the necessary warranty training course.
","{'zoneForeign': {'desc': '外商公司', 'param': 5}, 'emp': {'desc': '員工260人', 'param': '7'}}",距捷運關渡站約200公尺,"{'applyAnalyze': '//www.104.com.tw/jobs/apply/analysis/8l588?channel=104rpt&jobsource=apply_analyze', 'job': '//www.104.com.tw/job/8l588?jobsource=n104bank2', 'cust': '//www.104.com.tw/company/5tqb4m8?jobsource=n104bank2'}",,【實習計畫】Warranty Intern 保固實習生,台灣賓士股份有限公司,121.4688592,25.1245387,0,"['工業技藝及機械學科類', '商業及管理學科類', '數學及電算機科學學科類']",H,0.2,99001002025,捷運關渡站,False,intern
0,14391923,行銷設計實習工讀生 (Marketing  Intern),行銷設計實習工讀生 (Marketing  <em class='b-txt--highlight'>Intern</em>),2,2,6001001001,台北市中正區,,"1. 協助包材修改，根據指示調整設計細節，確保符合產品說明與法規標準。
2. 協助文件設計與排版調整，維持品牌一致性。
3. 檢查設計檔案，確保格式正確並符合印刷規範。
4. 整理與管理設計檔案，維護資料完整與有序。
5. 支援行銷團隊其他相關工作事項。

每週 2-3 天（可依課業彈性調整）","1. 協助包材修改，根據指示調整設計細節，確保符合產品說明與法規標準。
2. 協助文件設計與排版調整，維持品牌一致性。
3. 檢查設計檔案，確保格式正確並符合印刷規範。
4. 整理與管理設計檔案，維護資料完整與有序。
5. 支援行銷團隊其他相關工作事項。

每週 2-3 天（可依課業彈性調整）",高中,00,不拘,00004,1,0~5人應徵,130000000062949,美商宇心生醫股份有限公司台灣分公司,1002015002,醫療器材製造業,0000190,0000190,時薪190元,30,20250602,6/02,0,0,,0,0,"1. 協助包材修改，根據指示調整設計細節，確保符合產品說明與法規標準。
2. 協助文件設計與排版調整，維持品牌一致性。
3. 檢查設計檔案，確保格式正確並符合印刷規範。
4. 整理與管理設計檔案，維護資料完整與有序。
5. 支援行銷團隊其他相關工作事項。

每週 2-3 天（可依課業彈性調整）",[],,"{'applyAnalyze': '//www.104.com.tw/jobs/apply/analysis/8kgvn?channel=104rpt&jobsource=apply_analyze', 'job': '//www.104.com.tw/job/8kgvn?jobsource=n104bank2', 'cust': '//www.104.com.tw/company/1a2x6bjbvp?jobsource=n104bank2'}",,行銷設計實習工讀生 (Marketing  Intern),美商宇心生醫股份有限公司台灣分公司,121.5198716,25.0421407,0,[],H,,,,True,intern
2,14320529,實習｜O&amp;M Intern 維運實習生,實習｜O&amp;M <em class='b-txt--highlight'>Intern</em> 維運實習生,2,2,6001012007,雲林縣台西鄉,,"工作內容
．掃描文件、合約，並追蹤個太陽能電廠相關報告，建檔並且歸類相關檔案
．整理、分類，並建立資料庫，確保快速且準確地存取檔案及數據
．協助日常營運並支援一般行政工作
．根據需求協助臨時專案

需求條件
．無須工作經驗，但有行政相關經驗者優先
．熟悉 Microsoft Office 軟體
．精通文件歸檔及數據維護
．良好的行政作業及溝通能力","工作內容
．掃描文件、合約，並追蹤個太陽能電廠相關報告，建檔並且歸類相關檔案
．整理、分類，並建立資料庫，確保快速且準確地存取檔案及數據
．協助日常營運並支援一般行政工作
．根據需求協助臨時專案

需求條件
．無須工作經驗，但有行政相關經驗者優先
．熟悉 Microsoft Office 軟體
．精通文件歸檔及數據維護
．良好的行政作業及溝通能力",大學,00,不拘,0,1,0~5人應徵,130000000078781,台灣韋能能源股份有限公司,1014004001,電力供應業,0030000,0032000,"月薪30,000~32,000元",50,20250602,6/02,4096,0,,0,0,"工作內容
．掃描文件、合約，並追蹤個太陽能電廠相關報告，建檔並且歸類相關檔案
．整理、分類，並建立資料庫，確保快速且準確地存取檔案及數據
．協助日常營運並支援一般行政工作
．根據需求協助臨時專案

需求條件
．無須工作經驗，但有行政相關經驗者優先
．熟悉 Microsoft Office 軟體
．精通文件歸檔及數據維護
．良好的行政作業及溝通能力","{'emp': {'desc': '員工110人', 'param': '6'}}",,"{'applyAnalyze': '//www.104.com.tw/jobs/apply/analysis/8ixsh?channel=104rpt&jobsource=apply_analyze', 'job': '//www.104.com.tw/job/8ixsh?jobsource=n104bank2', 'cust': '//www.104.com.tw/company/1a2x6bjo3h?jobsource=n104bank2'}",,實習｜O&M Intern 維運實習生,台灣韋能能源股份有限公司,120.1935663,23.7229714,0,"['電機電子工程相關', '電機電子維護相關']",M,,,,False,intern
0,12927830,QA Intern,QA <em class='b-txt--highlight'>Intern</em>,2,2,6001001001,台北市中正區,襄陽路9號21樓,針對與 QA [[[intern]]] 的合作，QA 部門設計了一系列測試相關的活動參與。其中涵蓋了基本手動測試、產品的理解活動、測試的理論講解以及其他品質把關活動的熟悉。甚至有興趣的話可以接觸使用者提問分析、簡單的自動測試工具與基本的程式語言。,針對與 QA intern 的合作，QA 部門設計了一系列測試相關的活動參與。其中涵蓋了基本手動測試、產品的理解活動、測試的理論講解以及其他品質把關活動的熟悉。甚至有興趣的話可以接觸使用者提問分析、簡單的自動測試工具與基本的程式語言。,大學,00,不拘,00013,3,11~30人應徵,130000000189327,美商海鸚科技股份有限公司台灣分公司,1001001002,電腦軟體服務業,0000200,9999999,時薪200元以上,30,20250602,6/02,0,0,,0,0,針對與 QA <em class='b-txt--highlight'>intern</em> 的合作，QA 部門設計了一系列測試相關的活動參與。其中涵蓋了基本手動測試、產品的理解活動、測試的理論講解以及其他品質把關活動的熟悉。甚至有興趣的話可以接觸使用者提問分析、簡單的自動測試工具與基本的程式語言。,[],距捷運台大醫院站約170公尺,"{'applyAnalyze': '//www.104.com.tw/jobs/apply/analysis/7p36e?channel=104rpt&jobsource=apply_analyze', 'job': '//www.104.com.tw/job/7p36e?jobsource=n104bank2', 'cust': '//www.104.com.tw/company/1a2x6bm1e7?jobsource=n104bank2'}",,QA Intern,美商海鸚科技股份有限公司台灣分公司,121.5158078,25.0435284,0,[],H,0.17,99001002008,捷運台大醫院站,True,intern
0,14536939,Accounting Intern 會計助理,Accounting <em class='b-txt--highlight'>Intern</em> 會計助理,2,2,6001001005,台北市大安區,敦化南路二段319號,"Missions
1. 審閱請款單據以及請款傳票過帳
2. 整理費用紙本憑證
3. 廠商建檔
4. 整理營業稅申報資料
5. 其他主管交辦之工作

Qualifications
1. 就讀或畢業於會計相關科系或有記帳工作經驗者
2. 對於營利事業所得稅查核準則有基礎理解
3. 善於 Excel 表格操作
4. 週一到週五可配合 24 小時，且可配合至少 6 個月
5. 英文需有基本文書及溝通能力
6. 認真負責且有耐心
7. 可彈性遠端工作，依據工作安排配合進公司","Missions
1. 審閱請款單據以及請款傳票過帳
2. 整理費用紙本憑證
3. 廠商建檔
4. 整理營業稅申報資料
5. 其他主管交辦之工作

Qualifications
1. 就讀或畢業於會計相關科系或有記帳工作經驗者
2. 對於營利事業所得稅查核準則有基礎理解
3. 善於 Excel 表格操作
4. 週一到週五可配合 24 小時，且可配合至少 6 個月
5. 英文需有基本文書及溝通能力
6. 認真負責且有耐心
7. 可彈性遠端工作，依據工作安排配合進公司",大學,00,不拘,00004,1,0~5人應徵,3686999000,Gogolook_走著瞧股份有限公司,1001001002,電腦軟體服務業,0000190,0000300,時薪190~300元,30,20250602,6/02,0,0,,0,0,"Missions
1. 審閱請款單據以及請款傳票過帳
2. 整理費用紙本憑證
3. 廠商建檔
4. 整理營業稅申報資料
5. 其他主管交辦之工作

Qualifications
1. 就讀或畢業於會計相關科系或有記帳工作經驗者
2. 對於營利事業所得稅查核準則有基礎理解
3. 善於 Excel 表格操作
4. 週一到週五可配合 24 小時，且可配合至少 6 個月
5. 英文需有基本文書及溝通能力
6. 認真負責且有耐心
7. 可彈性遠端工作，依據工作安排配合進公司","{'emp': {'desc': '員工200人', 'param': '6'}}",距捷運六張犁站約410公尺,"{'applyAnalyze': '//www.104.com.tw/jobs/apply/analysis/8nkrv?channel=104rpt&jobsource=apply_analyze', 'job': '//www.104.com.tw/job/8nkrv?jobsource=n104bank2', 'cust': '//www.104.com.tw/company/1oz56mw?jobsource=n104bank2'}",,Accounting Intern 會計助理,Gogolook_走著瞧股份有限公司,121.5491801,25.0228784,0,['會計學相關'],H,0.41,99001001007,捷運六張犁站,False,intern
2,14619979,【2025 GPS Intern】維修技術 學年實習生_中壢,【2025 GPS <em class='b-txt--highlight'>Intern</em>】維修技術 學年實習生_中壢,1,1,6001005001,桃園市中壢區,北園路24號,"【工作內容】 
◾ 專業相關實務工作：
1.PCBa、機台組裝、不良品分析、維修。
2.品質異常、作業手法、原材料等異常之分析與改善。
3.其他主管交辦事項 。

◾ 一般例行性事務工作：
1.人員管理。
2.定期做人員教育訓練。

【工作目標】
近程目標：先學習基本分析與拆解
中程目標：獨立上手分析機種與執行拆解工單
遠程目標：由這些工作內容，提出質疑並改善

【工作計畫】
0-4月：訓練期熟悉系統操作與文件系統內容
4-8月：幫助團隊維修，不良品分析、良率改善
8-12月：負責專案的推行，學習新的技術 


【實習期間】
✅合作期間為2025/07-2026/06
✅一週到班五天(月薪制)，可合作一年者優先考量
✅此職缺為長期實習，時間無法配合者請勿投遞
","【工作內容】 
◾ 專業相關實務工作：
1.PCBa、機台組裝、不良品分析、維修。
2.品質異常、作業手法、原材料等異常之分析與改善。
3.其他主管交辦事項 。

◾ 一般例行性事務工作：
1.人員管理。
2.定期做人員教育訓練。

【工作目標】
近程目標：先學習基本分析與拆解
中程目標：獨立上手分析機種與執行拆解工單
遠程目標：由這些工作內容，提出質疑並改善

【工作計畫】
0-4月：訓練期熟悉系統操作與文件系統內容
4-8月：幫助團隊維修，不良品分析、良率改善
8-12月：負責專案的推行，學習新的技術 


【實習期間】
✅合作期間為2025/07-2026/06
✅一週到班五天(月薪制)，可合作一年者優先考量
✅此職缺為長期實習，時間無法配合者請勿投遞
",大學,00,不拘,00003,1,0~5人應徵,23527104000,GARMIN_台灣國際航電股份有限公司,1001002001,電信相關業,0035500,0035500,"月薪35,500元",50,20250602,6/02,266248,0,,0,0,"【工作內容】 
◾ 專業相關實務工作：
1.PCBa、機台組裝、不良品分析、維修。
2.品質異常、作業手法、原材料等異常之分析與改善。
3.其他主管交辦事項 。

◾ 一般例行性事務工作：
1.人員管理。
2.定期做人員教育訓練。

【工作目標】
近程目標：先學習基本分析與拆解
中程目標：獨立上手分析機種與執行拆解工單
遠程目標：由這些工作內容，提出質疑並改善

【工作計畫】
0-4月：訓練期熟悉系統操作與文件系統內容
4-8月：幫助團隊維修，不良品分析、良率改善
8-12月：負責專案的推行，學習新的技術 


【實習期間】
✅合作期間為2025/07-2026/06
✅一週到班五天(月薪制)，可合作一年者優先考量
✅此職缺為長期實習，時間無法配合者請勿投遞
","{'zoneForeign': {'desc': '外商公司', 'param': 5}, 'emp': {'desc': '員工9000人', 'param': '8'}}",,"{'applyAnalyze': '//www.104.com.tw/jobs/apply/analysis/8pcuj?channel=104rpt&jobsource=apply_analyze', 'job': '//www.104.com.tw/job/8pcuj?jobsource=n104bank2', 'cust': '//www.104.com.tw/company/at3fhmo?jobsource=n104bank2'}",,【2025 GPS Intern】維修技術 學年實習生_中壢,GARMIN_台灣國際航電股份有限公司,121.242431,24.9810058,0,"['電機電子工程相關', '電機電子維護相關']",M,,,,True,intern
2,13703189,實習生-歐美市場行銷助理(Global Marketing Intern)(非短期寒暑假實習),實習生-歐美市場行銷助理(Global Marketing <em class='b-txt--highlight'>Intern</em>)(非短期寒暑假實習),2,2,6001001010,台北市內湖區,堤頂大道二段301號 9樓,"【Meitu Global Marketing [[[Intern]]]】 如果你熱愛拍照/修圖、是社群重度使用者、
喜歡研究歐美流行文化趨勢，且擁有優秀(或母語程度)的英語能力，歡迎投遞履歷！ 
也歡迎「美籍/加拿大籍」在台學生或有長年美加留學經驗的同學加","【Meitu Global Marketing Intern】 如果你熱愛拍照/修圖、是社群重度使用者、
喜歡研究歐美流行文化趨勢，且擁有優秀(或母語程度)的英語能力，歡迎投遞履歷！ 
也歡迎「美籍/加拿大籍」在台學生或有長年美加留學經驗的同學加",大學,00,不拘,00004,1,0~5人應徵,130000000046843,玩美行動股份有限公司,1001001002,電腦軟體服務業,0000190,0000215,時薪190~215元,30,20250602,6/02,4198400,0,,0,0,"【Meitu Global Marketing <em class='b-txt--highlight'>Intern</em>】 如果你熱愛拍照/修圖、是社群重度使用者、
喜歡研究歐美流行文化趨勢，且擁有優秀(或母語程度)的英語能力，歡迎投遞履歷！ 
也歡迎「美籍/加拿大籍」在台學生或有長年美加留學經驗的同學加","{'emp': {'desc': '員工50人', 'param': '5'}}",距捷運西湖站約440公尺,"{'applyAnalyze': '//www.104.com.tw/jobs/apply/analysis/85pg5?channel=104rpt&jobsource=apply_analyze', 'job': '//www.104.com.tw/job/85pg5?jobsource=n104bank2', 'cust': '//www.104.com.tw/company/1a2x6bizgb?jobsource=n104bank2'}",,實習生-歐美市場行銷助理(Global Marketing Intern)(非短期寒暑假實習),玩美行動股份有限公司,121.5649109,25.0788104,0,[],H,0.44,99001001016,捷運西湖站,True,intern
2,14512408,【Taiwan Mobile 實習計畫】Intern-影音產品規劃,【Taiwan Mobile 實習計畫】<em class='b-txt--highlight'>Intern</em>-影音產品規劃,1,1,6001001007,台北市信義區,,"1. 影音平台市場觀察與資料蒐集彙整
2. 參與影音服務易用性測試(usability test)與原型開發協助","1. 影音平台市場觀察與資料蒐集彙整
2. 參與影音服務易用性測試(usability test)與原型開發協助",不拘,00,不拘,00002,1,0~5人應徵,97176270000,台灣大哥大股份有限公司,1001002001,電信相關業,0000190,0000200,時薪190~200元,30,20250602,6/02,1314816,0,,0,0,"1. 影音平台市場觀察與資料蒐集彙整
2. 參與影音服務易用性測試(usability test)與原型開發協助","{'zone': {'desc': '上市上櫃', 'param': 16}, 'emp': {'desc': '員工4500人', 'param': '8'}}",,"{'applyAnalyze': '//www.104.com.tw/jobs/apply/analysis/8n1ug?channel=104rpt&jobsource=apply_analyze', 'job': '//www.104.com.tw/job/8n1ug?jobsource=n104bank2', 'cust': '//www.104.com.tw/company/18n48ptc?jobsource=n104bank2'}",,【Taiwan Mobile 實習計畫】Intern-影音產品規劃,台灣大哥大股份有限公司,121.5720055,25.0409201,0,[],H,,,,False,intern
0,14541276,【部分遠端】Business  Development Intern (B2B市場開發實習生)_2026年寒假實習計劃,【部分遠端】Business  Development <em class='b-txt--highlight'>Intern</em> (B2B市場開發實習生)_2026年寒假實習計劃,2,2,6001001012,台北市文山區,興隆路3段,"【重要公告】熱烈迴響！下一期實習生招募啟動
2025暑期實習生計畫已全數招募完畢
感謝超過百位熱情夥伴的投遞（鞠躬）！我們正緊鑼密鼓準備 2026寒假實習生計畫，快來成為下一位「零食特務」！

應徵時程
▸ 履歷審核期：2025/11/1-11/30 
▸ 電話面試啟動：2025/12/1起開放線上預約電話面試

歪編有話說
提前投遞者會優先審核，於2025年11月1日後開始收到審核結果！


【公司使命】
我們深信：美味零食 = 辦公室歡樂指數！
我們是一家致力於顛覆傳統員工福利模式的創新公司，專注於為企業提供全方位、客製化的零食解決方案。透過精心挑選來自全球各地的零食、飲料和新鮮水果，我們不僅滿足員工味蕾，更提升企業的組織活力。

【核心職責】
陌生開發潛在企業客戶，拓展市場以達成目標
瞭解客戶需求，順利約訪，並完成相關簡報提案
協助團隊策略發想，嘗試各種市場機會，驅動成長新引擎
歪國零食嘴企業方案連結：https://office.snacklips.com/

學期間每週至少 16 或 24 小時
寒、暑假期間每週至少 32 小時

【實習生薪資】
基本時薪 $190（時薪制，含勞健保）


【加入我們的理由】
・直接與創辦人共事，參與公司核心戰略
・在新創環境中實現個人抱負
・不只是一份工作，更是改變職場福利生態的使命

在歪國零食嘴可以很自由的發揮想像力，打團隊戰不再是個人單打獨鬥，有任何想法和困難大家都可以一起討論，創造出不一樣的方案！


【面試旅程】
1. 履歷暨問答篩選
2. 輕鬆電話初談 (5-10分鐘)
3. 專業線上評測
4. 線上/實體面試 (30-60分鐘)

歡迎充滿幹勁、想要顛覆傳統的你，一起加入我們的零食革命！
更了解歪國零食嘴：https://office.snacklips.com/","【重要公告】熱烈迴響！下一期實習生招募啟動
2025暑期實習生計畫已全數招募完畢
感謝超過百位熱情夥伴的投遞（鞠躬）！我們正緊鑼密鼓準備 2026寒假實習生計畫，快來成為下一位「零食特務」！

應徵時程
▸ 履歷審核期：2025/11/1-11/30 
▸ 電話面試啟動：2025/12/1起開放線上預約電話面試

歪編有話說
提前投遞者會優先審核，於2025年11月1日後開始收到審核結果！


【公司使命】
我們深信：美味零食 = 辦公室歡樂指數！
我們是一家致力於顛覆傳統員工福利模式的創新公司，專注於為企業提供全方位、客製化的零食解決方案。透過精心挑選來自全球各地的零食、飲料和新鮮水果，我們不僅滿足員工味蕾，更提升企業的組織活力。

【核心職責】
陌生開發潛在企業客戶，拓展市場以達成目標
瞭解客戶需求，順利約訪，並完成相關簡報提案
協助團隊策略發想，嘗試各種市場機會，驅動成長新引擎
歪國零食嘴企業方案連結：https://office.snacklips.com/

學期間每週至少 16 或 24 小時
寒、暑假期間每週至少 32 小時

【實習生薪資】
基本時薪 $190（時薪制，含勞健保）


【加入我們的理由】
・直接與創辦人共事，參與公司核心戰略
・在新創環境中實現個人抱負
・不只是一份工作，更是改變職場福利生態的使命

在歪國零食嘴可以很自由的發揮想像力，打團隊戰不再是個人單打獨鬥，有任何想法和困難大家都可以一起討論，創造出不一樣的方案！


【面試旅程】
1. 履歷暨問答篩選
2. 輕鬆電話初談 (5-10分鐘)
3. 專業線上評測
4. 線上/實體面試 (30-60分鐘)

歡迎充滿幹勁、想要顛覆傳統的你，一起加入我們的零食革命！
更了解歪國零食嘴：https://office.snacklips.com/",專科,02,1年,00001,1,0~5人應徵,130000000105068,歪國零食嘴_食娜客國際開發股份有限公司,1003002002,食品什貨零售業,0000190,0000190,時薪190元,30,20250602,6/02,0,0,,0,0,"【重要公告】熱烈迴響！下一期實習生招募啟動
2025暑期實習生計畫已全數招募完畢
感謝超過百位熱情夥伴的投遞（鞠躬）！我們正緊鑼密鼓準備 2026寒假實習生計畫，快來成為下一位「零食特務」！

應徵時程
▸ 履歷審核期：2025/11/1-11/30 
▸ 電話面試啟動：2025/12/1起開放線上預約電話面試

歪編有話說
提前投遞者會優先審核，於2025年11月1日後開始收到審核結果！


【公司使命】
我們深信：美味零食 = 辦公室歡樂指數！
我們是一家致力於顛覆傳統員工福利模式的創新公司，專注於為企業提供全方位、客製化的零食解決方案。透過精心挑選來自全球各地的零食、飲料和新鮮水果，我們不僅滿足員工味蕾，更提升企業的組織活力。

【核心職責】
陌生開發潛在企業客戶，拓展市場以達成目標
瞭解客戶需求，順利約訪，並完成相關簡報提案
協助團隊策略發想，嘗試各種市場機會，驅動成長新引擎
歪國零食嘴企業方案連結：https://office.snacklips.com/

學期間每週至少 16 或 24 小時
寒、暑假期間每週至少 32 小時

【實習生薪資】
基本時薪 $190（時薪制，含勞健保）


【加入我們的理由】
・直接與創辦人共事，參與公司核心戰略
・在新創環境中實現個人抱負
・不只是一份工作，更是改變職場福利生態的使命

在歪國零食嘴可以很自由的發揮想像力，打團隊戰不再是個人單打獨鬥，有任何想法和困難大家都可以一起討論，創造出不一樣的方案！


【面試旅程】
1. 履歷暨問答篩選
2. 輕鬆電話初談 (5-10分鐘)
3. 專業線上評測
4. 線上/實體面試 (30-60分鐘)

歡迎充滿幹勁、想要顛覆傳統的你，一起加入我們的零食革命！
更了解歪國零食嘴：https://office.snacklips.com/","{'emp': {'desc': '員工15人', 'param': '3'}, 'remote': {'desc': '遠端工作'}}",,"{'applyAnalyze': '//www.104.com.tw/jobs/apply/analysis/8no4c?channel=104rpt&jobsource=apply_analyze', 'job': '//www.104.com.tw/job/8no4c?jobsource=n104bank2', 'cust': '//www.104.com.tw/company/1a2x6bk8do?jobsource=n104bank2'}",,【部分遠端】Business  Development Intern (B2B市場開發實習生)_2026年寒假實習計劃,歪國零食嘴_食娜客國際開發股份有限公司,121.5597427,24.9954644,2,[],H,,,,False,intern
0,14111301,Visual Design Intern 品牌視覺設計實習生,Visual Design <em class='b-txt--highlight'>Intern</em> 品牌視覺設計實習生,2,2,6001001005,台北市大安區,敦化南路二段319號,"Gogolook 是一家專注於防詐騙、數位金融領域的軟體公司。
品牌視覺設計實習生將協助品牌設計師以及創意總監一同經營品牌形象。

Mission:
1. 了解業界如何將發想實際落地成品牌視覺，並實際參與視覺製作，能夠學習多元面向的設計手法，與品牌設計觀察點、思考點
2. 結合行銷團隊發想合作，製作圖片與素材搜集，透過官方社群、網站、APP 等數位管道，如 Facebook / LinkedIn / Blog / In App，創造視覺影響力與話題熱度
3. 能承襲各種產品風格獨立製圖，官方視覺品牌化

Requirements:
1. 善於與人溝通、表達意見，懂得提問，樂於參與集思廣義
2. 對於視覺傳達有追求完美不輕易妥協的心
3. 對於畫面規劃製作及數位行銷趨勢熱血沸騰
4. 打從母胎內建的責任心，對於負責的專案絕不漏接
5. 具備獨立完成資料搜集、產圖能力，熟悉使用 Adobe Photoshop / Illustrator/ Indesign/ Premiere/ After Effect 等工具，懂 Figma 者更棒！
6. 週一至週五平日，每週至少配合 3 天，實習時長至少可配合 6 個月，可彈性遠端工作","Gogolook 是一家專注於防詐騙、數位金融領域的軟體公司。
品牌視覺設計實習生將協助品牌設計師以及創意總監一同經營品牌形象。

Mission:
1. 了解業界如何將發想實際落地成品牌視覺，並實際參與視覺製作，能夠學習多元面向的設計手法，與品牌設計觀察點、思考點
2. 結合行銷團隊發想合作，製作圖片與素材搜集，透過官方社群、網站、APP 等數位管道，如 Facebook / LinkedIn / Blog / In App，創造視覺影響力與話題熱度
3. 能承襲各種產品風格獨立製圖，官方視覺品牌化

Requirements:
1. 善於與人溝通、表達意見，懂得提問，樂於參與集思廣義
2. 對於視覺傳達有追求完美不輕易妥協的心
3. 對於畫面規劃製作及數位行銷趨勢熱血沸騰
4. 打從母胎內建的責任心，對於負責的專案絕不漏接
5. 具備獨立完成資料搜集、產圖能力，熟悉使用 Adobe Photoshop / Illustrator/ Indesign/ Premiere/ After Effect 等工具，懂 Figma 者更棒！
6. 週一至週五平日，每週至少配合 3 天，實習時長至少可配合 6 個月，可彈性遠端工作",大學,00,不拘,00003,1,0~5人應徵,3686999000,Gogolook_走著瞧股份有限公司,1001001002,電腦軟體服務業,0000190,0000190,時薪190元,30,20250602,6/02,0,0,,0,0,"Gogolook 是一家專注於防詐騙、數位金融領域的軟體公司。
品牌視覺設計實習生將協助品牌設計師以及創意總監一同經營品牌形象。

Mission:
1. 了解業界如何將發想實際落地成品牌視覺，並實際參與視覺製作，能夠學習多元面向的設計手法，與品牌設計觀察點、思考點
2. 結合行銷團隊發想合作，製作圖片與素材搜集，透過官方社群、網站、APP 等數位管道，如 Facebook / LinkedIn / Blog / In App，創造視覺影響力與話題熱度
3. 能承襲各種產品風格獨立製圖，官方視覺品牌化

Requirements:
1. 善於與人溝通、表達意見，懂得提問，樂於參與集思廣義
2. 對於視覺傳達有追求完美不輕易妥協的心
3. 對於畫面規劃製作及數位行銷趨勢熱血沸騰
4. 打從母胎內建的責任心，對於負責的專案絕不漏接
5. 具備獨立完成資料搜集、產圖能力，熟悉使用 Adobe Photoshop / Illustrator/ Indesign/ Premiere/ After Effect 等工具，懂 Figma 者更棒！
6. 週一至週五平日，每週至少配合 3 天，實習時長至少可配合 6 個月，可彈性遠端工作","{'emp': {'desc': '員工200人', 'param': '6'}}",距捷運六張犁站約410公尺,"{'applyAnalyze': '//www.104.com.tw/jobs/apply/analysis/8egcl?channel=104rpt&jobsource=apply_analyze', 'job': '//www.104.com.tw/job/8egcl?jobsource=n104bank2', 'cust': '//www.104.com.tw/company/1oz56mw?jobsource=n104bank2'}",,Visual Design Intern 品牌視覺設計實習生,Gogolook_走著瞧股份有限公司,121.5492911,25.0226258,0,[],H,0.41,99001001007,捷運六張犁站,False,intern
0,14453504,intern-財務部實習生(歡迎大四學生加入),<em class='b-txt--highlight'>intern</em>-財務部實習生(歡迎大四學生加入),2,2,6001001010,台北市內湖區,瑞光路208號4樓,"[[[intern]]]實習生，每週可固定排班週一~週三，專案期間可配合排班4天以上，歡迎大四學生加入。

1. 協助審核有關各項費用支付之發票、單據。
2. 協助處理廠商貨款或費用等應付款項帳務。
3. 協助營業稅申報。
4. 財務文件整理及歸檔。
5.","intern實習生，每週可固定排班週一~週三，專案期間可配合排班4天以上，歡迎大四學生加入。

1. 協助審核有關各項費用支付之發票、單據。
2. 協助處理廠商貨款或費用等應付款項帳務。
3. 協助營業稅申報。
4. 財務文件整理及歸檔。
5.",大學,00,不拘,0,1,0~5人應徵,22426682000,台灣筆克股份有限公司,1006003001,廣告行銷公關業,0000200,0000200,時薪200元,30,20250602,6/02,4194368,0,,0,0,"<em class='b-txt--highlight'>intern</em>實習生，每週可固定排班週一~週三，專案期間可配合排班4天以上，歡迎大四學生加入。

1. 協助審核有關各項費用支付之發票、單據。
2. 協助處理廠商貨款或費用等應付款項帳務。
3. 協助營業稅申報。
4. 財務文件整理及歸檔。
5.","{'zoneForeign': {'desc': '外商公司', 'param': 5}, 'emp': {'desc': '員工50人', 'param': '5'}}",,"{'applyAnalyze': '//www.104.com.tw/jobs/apply/analysis/8lse8?channel=104rpt&jobsource=apply_analyze', 'job': '//www.104.com.tw/job/8lse8?jobsource=n104bank2', 'cust': '//www.104.com.tw/company/aaw9mkw?jobsource=n104bank2'}",,intern-財務部實習生(歡迎大四學生加入),台灣筆克股份有限公司,121.5763352,25.0750825,0,"['一般商業學類', '會計學相關']",H,,,,False,intern
2,13880353,HR Intern-人力資源實習生,HR <em class='b-txt--highlight'>Intern</em>-人力資源實習生,1,1,6001007001,苗栗縣竹南鎮,仁義街1號,"★ Edwards 實習生募集！ ★

預見職場的第一步，你可以從實習開始！
我們在尋找對半導體科技產業有興趣、想體驗外商文化、且樂於嘗試新事物的夥伴。
成為Edwards的實習生一員，你可以透過Peer mentoring制度更快融入，探索未來的職涯方向，並獲得關於產業、公司、職場的珍貴實務經驗。


實習期間：2025/07-2025/09
招募對象：在學學生，可配合學期全職實習者

實習內容：
1. 人才招募：協助安排面談與接待面試者、新人報到、支援校園/就業機構徵才活動
2. 教育訓練：協助訓練課程前、中、後的準備工作、登錄訓練時數
3. 年度活動：支援2025 Wellbeing 幸福活動年度計畫、品牌宣導活動
4. 其他任務：協助行政庶務相關事項、其他交辦事項

應徵Edwards實習生時，請準備好以下資料：
* 請將履歷、自傳填寫完整後再進行投遞
* 可提供相關英文能力之證明(GEPT、TOEIC...)
* 可提供其他有利審查之證照","★ Edwards 實習生募集！ ★

預見職場的第一步，你可以從實習開始！
我們在尋找對半導體科技產業有興趣、想體驗外商文化、且樂於嘗試新事物的夥伴。
成為Edwards的實習生一員，你可以透過Peer mentoring制度更快融入，探索未來的職涯方向，並獲得關於產業、公司、職場的珍貴實務經驗。


實習期間：2025/07-2025/09
招募對象：在學學生，可配合學期全職實習者

實習內容：
1. 人才招募：協助安排面談與接待面試者、新人報到、支援校園/就業機構徵才活動
2. 教育訓練：協助訓練課程前、中、後的準備工作、登錄訓練時數
3. 年度活動：支援2025 Wellbeing 幸福活動年度計畫、品牌宣導活動
4. 其他任務：協助行政庶務相關事項、其他交辦事項

應徵Edwards實習生時，請準備好以下資料：
* 請將履歷、自傳填寫完整後再進行投遞
* 可提供相關英文能力之證明(GEPT、TOEIC...)
* 可提供其他有利審查之證照",專科,00,不拘,00008,2,6~10人應徵,16741894000,Edwards_愛德華先進科技股份有限公司,1001006002,半導體製造業,0032000,0032000,"月薪32,000元",50,20250602,6/02,33558536,0,,0,0,"★ Edwards 實習生募集！ ★

預見職場的第一步，你可以從實習開始！
我們在尋找對半導體科技產業有興趣、想體驗外商文化、且樂於嘗試新事物的夥伴。
成為Edwards的實習生一員，你可以透過Peer mentoring制度更快融入，探索未來的職涯方向，並獲得關於產業、公司、職場的珍貴實務經驗。


實習期間：2025/07-2025/09
招募對象：在學學生，可配合學期全職實習者

實習內容：
1. 人才招募：協助安排面談與接待面試者、新人報到、支援校園/就業機構徵才活動
2. 教育訓練：協助訓練課程前、中、後的準備工作、登錄訓練時數
3. 年度活動：支援2025 Wellbeing 幸福活動年度計畫、品牌宣導活動
4. 其他任務：協助行政庶務相關事項、其他交辦事項

應徵Edwards實習生時，請準備好以下資料：
* 請將履歷、自傳填寫完整後再進行投遞
* 可提供相關英文能力之證明(GEPT、TOEIC...)
* 可提供其他有利審查之證照","{'zoneForeign': {'desc': '外商公司', 'param': 5}, 'emp': {'desc': '員工750人', 'param': '8'}}",,"{'applyAnalyze': '//www.104.com.tw/jobs/apply/analysis/89i5d?channel=104rpt&jobsource=apply_analyze', 'job': '//www.104.com.tw/job/89i5d?jobsource=n104bank2', 'cust': '//www.104.com.tw/company/7ovow34?jobsource=n104bank2'}",,HR Intern-人力資源實習生,Edwards_愛德華先進科技股份有限公司,120.9092152,24.7282296,0,"['商業及管理學科類', '語文及人文學科類', '經濟社會及心理學科類']",M,,,,True,intern
2,14575099,&lt;實習計劃&gt; 海運出口部實習生 Intern(台北)(1 year contract),&lt;實習計劃&gt; 海運出口部實習生 <em class='b-txt--highlight'>Intern</em>(台北)(1 year contract),2,2,6001001010,台北市內湖區,舊宗路二段189號3樓,"*實習期間(一年制)：2025/07/01～2026/06/30
*實習每週工作天數：五天(週一至週五)

*實習工作內容：
1.海運出口E2E作業流程 (含訂艙/派車/文件/帳單等相關業務)
2.廠商請款帳務相關作業
3.參與作業流程改善專案計劃
4.報表彙整與製作
5.主管交辦事項


*透過此實習計畫，讓您熟悉物流產業的運作模式，並提前適應職場生態，以為未來求職做準備。歡迎有興趣的同學加入全球最大的物流公司-DHL*
","*實習期間(一年制)：2025/07/01～2026/06/30
*實習每週工作天數：五天(週一至週五)

*實習工作內容：
1.海運出口E2E作業流程 (含訂艙/派車/文件/帳單等相關業務)
2.廠商請款帳務相關作業
3.參與作業流程改善專案計劃
4.報表彙整與製作
5.主管交辦事項


*透過此實習計畫，讓您熟悉物流產業的運作模式，並提前適應職場生態，以為未來求職做準備。歡迎有興趣的同學加入全球最大的物流公司-DHL*
",專科,00,不拘,00005,1,0~5人應徵,22954677000,DHL_新加坡商敦豪全球貨運物流股份有限公司台灣分公司,1010002005,貨運承攬業,0030000,0030000,"月薪30,000元",50,20250602,6/02,4160,0,,0,0,"*實習期間(一年制)：2025/07/01～2026/06/30
*實習每週工作天數：五天(週一至週五)

*實習工作內容：
1.海運出口E2E作業流程 (含訂艙/派車/文件/帳單等相關業務)
2.廠商請款帳務相關作業
3.參與作業流程改善專案計劃
4.報表彙整與製作
5.主管交辦事項


*透過此實習計畫，讓您熟悉物流產業的運作模式，並提前適應職場生態，以為未來求職做準備。歡迎有興趣的同學加入全球最大的物流公司-DHL*
","{'zoneForeign': {'desc': '外商公司', 'param': 5}}",,"{'applyAnalyze': '//www.104.com.tw/jobs/apply/analysis/8oe7v?channel=104rpt&jobsource=apply_analyze', 'job': '//www.104.com.tw/job/8oe7v?jobsource=n104bank2', 'cust': '//www.104.com.tw/company/ajmme4o?jobsource=n104bank2'}",,<實習計劃> 海運出口部實習生 Intern(台北)(1 year contract),DHL_新加坡商敦豪全球貨運物流股份有限公司台灣分公司,121.5744093,25.0721401,0,"['航海相關', '航運管理相關', '國際貿易相關']",M,,,,True,intern
2,14560238,【Infineon 1 year Intern Program】PD Controller Firmware Application Engineer Intern,【Infineon 1 year <em class='b-txt--highlight'>Intern</em> Program】PD Controller Firmware Application Engineer <em class='b-txt--highlight'>Intern</em>,5,2,6001001010,台北市內湖區,瑞光路335號17樓B棟,"The [[[Intern]]] Program in Taiwan is a 1-year program designed to provide a comprehensive and engaging experience for interns,","The Intern Program in Taiwan is a 1-year program designed to provide a comprehensive and engaging experience for interns,",大學,00,不拘,00006,2,6~10人應徵,80673823000,台灣英飛凌科技股份有限公司,1001006002,半導體製造業,0030000,0030000,"部分工時(月薪)30,000元",70,20250602,6/02,4104,0,,0,0,"The <em class='b-txt--highlight'>Intern</em> Program in Taiwan is a 1-year program designed to provide a comprehensive and engaging experience for interns,","{'zoneForeign': {'desc': '外商公司', 'param': 5}, 'emp': {'desc': '員工400人', 'param': '7'}}",距捷運港墘站約290公尺,"{'applyAnalyze': '//www.104.com.tw/jobs/apply/analysis/8o2r2?channel=104rpt&jobsource=apply_analyze', 'job': '//www.104.com.tw/job/8o2r2?jobsource=n104bank2', 'cust': '//www.104.com.tw/company/1127407s?jobsource=n104bank2'}",,【Infineon 1 year Intern Program】PD Controller Firmware Application Engineer Intern,台灣英飛凌科技股份有限公司,121.5750009,25.0774939,0,"['電機電子工程相關', '其他工程相關']",,0.29,99001001017,捷運港墘站,True,intern
2,14586610,Technical writing intern,Technical writing <em class='b-txt--highlight'>intern</em>,1,1,6001002004,新北市汐止區,,"1. Responsible for technical writing for server-level products (mainly mechanical procedural descriptions) (70%).
2. Simple photo shooting and editing.
3. Proof-read/review of English technical articles (10%).
4. Video editing (15-20%).","1. Responsible for technical writing for server-level products (mainly mechanical procedural descriptions) (70%).
2. Simple photo shooting and editing.
3. Proof-read/review of English technical articles (10%).
4. Video editing (15-20%).",大學,00,不拘,00002,1,0~5人應徵,53687704000,緯穎科技服務股份有限公司,1001003001,電腦及其週邊設備製造業,0000190,9999999,時薪190元以上,30,20250602,6/02,3412096,0,,0,0,"1. Responsible for technical writing for server-level products (mainly mechanical procedural descriptions) (70%).
2. Simple photo shooting and editing.
3. Proof-read/review of English technical articles (10%).
4. Video editing (15-20%).","{'zone': {'desc': '上市上櫃', 'param': 16}, 'emp': {'desc': '員工3000人', 'param': '8'}}",,"{'applyAnalyze': '//www.104.com.tw/jobs/apply/analysis/8on3m?channel=104rpt&jobsource=apply_analyze', 'job': '//www.104.com.tw/job/8on3m?jobsource=n104bank2', 'cust': '//www.104.com.tw/company/onw9tj4?jobsource=n104bank2'}",,Technical writing intern,緯穎科技服務股份有限公司,121.6397184,25.0616059,0,[],H,,,,False,intern
0,14412198,AI 科技-Software QA Intern (QA team 實習生),AI 科技-Software QA <em class='b-txt--highlight'>Intern</em> (QA team 實習生),2,2,6001006002,新竹縣竹北市,高鐵二路32號16樓之3,"QA [[[Intern]]] Job Description

We are seeking a QA [[[Intern]]] to evaluate software quality through both manual and automated","QA Intern Job Description

We are seeking a QA Intern to evaluate software quality through both manual and automated",大學,00,不拘,00009,2,6~10人應徵,130000000055334,鐵雲科技股份有限公司,1001001002,電腦軟體服務業,0000220,9999999,時薪220元以上,30,20250602,6/02,262144,0,,0,0,"QA <em class='b-txt--highlight'>Intern</em> Job Description

We are seeking a QA <em class='b-txt--highlight'>Intern</em> to evaluate software quality through both manual and automated",[],,"{'applyAnalyze': '//www.104.com.tw/jobs/apply/analysis/8kwiu?channel=104rpt&jobsource=apply_analyze', 'job': '//www.104.com.tw/job/8kwiu?jobsource=n104bank2', 'cust': '//www.104.com.tw/company/1a2x6bj606?jobsource=n104bank2'}",,AI 科技-Software QA Intern (QA team 實習生),鐵雲科技股份有限公司,121.0371307,24.8072312,0,[],H,,,,True,intern
0,13897593,拓荒實習計畫 - Visual Design Intern,拓荒實習計畫 - Visual Design <em class='b-txt--highlight'>Intern</em>,2,2,6001001005,台北市大安區,敦化南路二段38號4樓之1,"About ZONE Wallet

ZONE Wallet Web3 錢包專為初入 Web3 世界的新手打造，以「簡單、安全」兩大核心出發，基於新手初次接觸 Web3 世界的痛點，打造出簡單易懂、兼顧安全與便利的介面與系統，讓新手也能輕鬆擁有第一個 Web3 錢包！

ZONE Wallet is the ideal Web3 wallet for beginners, crafted to simplify your entry into the Web3 world. With an emphasis on both simplicity and security, our wallet is designed to address the challenges faced by newcomers to the Web3 space. The user-friendly interface and robust security features ensure safety and ease of use, making it effortless for you to start your journey with your first Web3 wallet. Experience the convenience and confidence of using ZONE Wallet today!

About Design Team

ZONE Wallet 設計團隊由 Product Design 與 Brand Design 組成。
我們以勇於面對挑戰的精神，致力於為每個項目注入創意和專業。我們希望設計師都擁有保持彈性、靈活面對挑戰與變化的能力，積極溝通並尊重所有回饋。我們以聰明的方式迭代產品，不斷優化設計，確保每個解決方案都能達到最佳效果。



設計兼職計畫說明

ZONE Wallet Design Team 正在尋找大三以上（畢業可）富有創意和專業知識的設計兼職。你將有機會參與品牌戰略制定、形象維護、網頁設計與 app 設計協作，協助公司品牌擴展知名度和戶用增長。只要你對 Web3、區塊鏈、加密貨幣、或是科技金融有興趣，就是我們正在尋找的人！

※合作時長約 3-6 個月，若表現優異將有機會轉正！

【 Responsibilities 】

日常設計協助：
與行銷團隊合作，配合線上、線下行銷活動製作相關設計素材，
例如：社群行銷素材、數位廣告素材、報吿手冊編排、宣傳影片…等。


參與企業識別系統規劃：
與設計團隊的資深設計師緊密合作，一同管理 Design System，優化品牌視覺與產品體驗。


網頁與產品設計協作：
同時從品牌設計與產品設計的切角，參與官網的改版規劃，練習設計思考的邏輯與應用。

【 Basic Qualifications 】
對加密貨幣、Fintech、品牌設計、用戶體驗有興趣，且有持續鑽研的熱情 
使用 Mac，熟悉 iOS 
熟悉 Adobe 與 Figma 軟體操作，且積極探索 AI 工具 
擁有好的美感，專注細節，對品質有要求
自主性高，積極學習，擁有極高求知慾 
時間管理大師，追求準時達成任務 
有豐富想像力和創意解決問題的能力
願意在快節奏的環境中保有一定的協作彈性
主動與跨部門夥伴溝通，主動發現並解決問題。

【 Plus 】可根據加分項目討論時薪
 - 熟悉 Canva、Webflow、Framer 等線上設計工具
 - 具備向量插畫設計能力
 - 理解基本的 UI/UX 設計概念與流程
 - 有使用 3D 工具經驗（如 Spline、C4D、Blender）者佳
 - 有動畫設計經驗（如 After Effects）者為佳

【 How to apply? 】
 - 中文或英文履歷都可以
 - 請ㄧ定要附上作品集，方便我們了解你的風格與能力
 - 團體作品請註明個人參與比例，內容須為真實經歷，並說明你負責的部分
 - 若提供網站形式作品集，請務必兼顧電腦與手機的瀏覽體驗


如果你對此職位感興趣，請將你的簡歷和作品集一併提交 。期待與你相遇，一同探索區塊鏈世界的無限可能性！
","About ZONE Wallet

ZONE Wallet Web3 錢包專為初入 Web3 世界的新手打造，以「簡單、安全」兩大核心出發，基於新手初次接觸 Web3 世界的痛點，打造出簡單易懂、兼顧安全與便利的介面與系統，讓新手也能輕鬆擁有第一個 Web3 錢包！

ZONE Wallet is the ideal Web3 wallet for beginners, crafted to simplify your entry into the Web3 world. With an emphasis on both simplicity and security, our wallet is designed to address the challenges faced by newcomers to the Web3 space. The user-friendly interface and robust security features ensure safety and ease of use, making it effortless for you to start your journey with your first Web3 wallet. Experience the convenience and confidence of using ZONE Wallet today!

About Design Team

ZONE Wallet 設計團隊由 Product Design 與 Brand Design 組成。
我們以勇於面對挑戰的精神，致力於為每個項目注入創意和專業。我們希望設計師都擁有保持彈性、靈活面對挑戰與變化的能力，積極溝通並尊重所有回饋。我們以聰明的方式迭代產品，不斷優化設計，確保每個解決方案都能達到最佳效果。



設計兼職計畫說明

ZONE Wallet Design Team 正在尋找大三以上（畢業可）富有創意和專業知識的設計兼職。你將有機會參與品牌戰略制定、形象維護、網頁設計與 app 設計協作，協助公司品牌擴展知名度和戶用增長。只要你對 Web3、區塊鏈、加密貨幣、或是科技金融有興趣，就是我們正在尋找的人！

※合作時長約 3-6 個月，若表現優異將有機會轉正！

【 Responsibilities 】

日常設計協助：
與行銷團隊合作，配合線上、線下行銷活動製作相關設計素材，
例如：社群行銷素材、數位廣告素材、報吿手冊編排、宣傳影片…等。


參與企業識別系統規劃：
與設計團隊的資深設計師緊密合作，一同管理 Design System，優化品牌視覺與產品體驗。


網頁與產品設計協作：
同時從品牌設計與產品設計的切角，參與官網的改版規劃，練習設計思考的邏輯與應用。

【 Basic Qualifications 】
對加密貨幣、Fintech、品牌設計、用戶體驗有興趣，且有持續鑽研的熱情 
使用 Mac，熟悉 iOS 
熟悉 Adobe 與 Figma 軟體操作，且積極探索 AI 工具 
擁有好的美感，專注細節，對品質有要求
自主性高，積極學習，擁有極高求知慾 
時間管理大師，追求準時達成任務 
有豐富想像力和創意解決問題的能力
願意在快節奏的環境中保有一定的協作彈性
主動與跨部門夥伴溝通，主動發現並解決問題。

【 Plus 】可根據加分項目討論時薪
 - 熟悉 Canva、Webflow、Framer 等線上設計工具
 - 具備向量插畫設計能力
 - 理解基本的 UI/UX 設計概念與流程
 - 有使用 3D 工具經驗（如 Spline、C4D、Blender）者佳
 - 有動畫設計經驗（如 After Effects）者為佳

【 How to apply? 】
 - 中文或英文履歷都可以
 - 請ㄧ定要附上作品集，方便我們了解你的風格與能力
 - 團體作品請註明個人參與比例，內容須為真實經歷，並說明你負責的部分
 - 若提供網站形式作品集，請務必兼顧電腦與手機的瀏覽體驗


如果你對此職位感興趣，請將你的簡歷和作品集一併提交 。期待與你相遇，一同探索區塊鏈世界的無限可能性！
",大學,00,不拘,00010,2,6~10人應徵,130000000208494,拓荒數碼科技股份有限公司,1001001002,電腦軟體服務業,0000200,0000250,時薪200~250元,30,20250602,6/02,0,0,,0,0,"About ZONE Wallet

ZONE Wallet Web3 錢包專為初入 Web3 世界的新手打造，以「簡單、安全」兩大核心出發，基於新手初次接觸 Web3 世界的痛點，打造出簡單易懂、兼顧安全與便利的介面與系統，讓新手也能輕鬆擁有第一個 Web3 錢包！

ZONE Wallet is the ideal Web3 wallet for beginners, crafted to simplify your entry into the Web3 world. With an emphasis on both simplicity and security, our wallet is designed to address the challenges faced by newcomers to the Web3 space. The user-friendly interface and robust security features ensure safety and ease of use, making it effortless for you to start your journey with your first Web3 wallet. Experience the convenience and confidence of using ZONE Wallet today!

About Design Team

ZONE Wallet 設計團隊由 Product Design 與 Brand Design 組成。
我們以勇於面對挑戰的精神，致力於為每個項目注入創意和專業。我們希望設計師都擁有保持彈性、靈活面對挑戰與變化的能力，積極溝通並尊重所有回饋。我們以聰明的方式迭代產品，不斷優化設計，確保每個解決方案都能達到最佳效果。



設計兼職計畫說明

ZONE Wallet Design Team 正在尋找大三以上（畢業可）富有創意和專業知識的設計兼職。你將有機會參與品牌戰略制定、形象維護、網頁設計與 app 設計協作，協助公司品牌擴展知名度和戶用增長。只要你對 Web3、區塊鏈、加密貨幣、或是科技金融有興趣，就是我們正在尋找的人！

※合作時長約 3-6 個月，若表現優異將有機會轉正！

【 Responsibilities 】

日常設計協助：
與行銷團隊合作，配合線上、線下行銷活動製作相關設計素材，
例如：社群行銷素材、數位廣告素材、報吿手冊編排、宣傳影片…等。


參與企業識別系統規劃：
與設計團隊的資深設計師緊密合作，一同管理 Design System，優化品牌視覺與產品體驗。


網頁與產品設計協作：
同時從品牌設計與產品設計的切角，參與官網的改版規劃，練習設計思考的邏輯與應用。

【 Basic Qualifications 】
對加密貨幣、Fintech、品牌設計、用戶體驗有興趣，且有持續鑽研的熱情 
使用 Mac，熟悉 iOS 
熟悉 Adobe 與 Figma 軟體操作，且積極探索 AI 工具 
擁有好的美感，專注細節，對品質有要求
自主性高，積極學習，擁有極高求知慾 
時間管理大師，追求準時達成任務 
有豐富想像力和創意解決問題的能力
願意在快節奏的環境中保有一定的協作彈性
主動與跨部門夥伴溝通，主動發現並解決問題。

【 Plus 】可根據加分項目討論時薪
 - 熟悉 Canva、Webflow、Framer 等線上設計工具
 - 具備向量插畫設計能力
 - 理解基本的 UI/UX 設計概念與流程
 - 有使用 3D 工具經驗（如 Spline、C4D、Blender）者佳
 - 有動畫設計經驗（如 After Effects）者為佳

【 How to apply? 】
 - 中文或英文履歷都可以
 - 請ㄧ定要附上作品集，方便我們了解你的風格與能力
 - 團體作品請註明個人參與比例，內容須為真實經歷，並說明你負責的部分
 - 若提供網站形式作品集，請務必兼顧電腦與手機的瀏覽體驗


如果你對此職位感興趣，請將你的簡歷和作品集一併提交 。期待與你相遇，一同探索區塊鏈世界的無限可能性！
","{'emp': {'desc': '員工50人', 'param': '5'}}",距捷運大安站約500公尺,"{'applyAnalyze': '//www.104.com.tw/jobs/apply/analysis/89vg9?channel=104rpt&jobsource=apply_analyze', 'job': '//www.104.com.tw/job/89vg9?jobsource=n104bank2', 'cust': '//www.104.com.tw/company/1a2x6bmg6m?jobsource=n104bank2'}",,拓荒實習計畫 - Visual Design Intern,拓荒數碼科技股份有限公司,121.548319,25.031696,0,['藝術商業設計'],H,0.5,99001001009,捷運大安站,True,intern
0,13923558,Business Development Intern 商業開發實習生,Business Development <em class='b-txt--highlight'>Intern</em> 商業開發實習生,2,2,6001001004,台北市松山區,復興北路369號14樓之2(中山國中捷運站附近),"我們正積極尋找善於溝通、積極負責、樂於學習的商業開發實習生，
如果你重視團隊士氣，希望與團隊一同進步，那你就是我們所找尋的優秀人才！

【Your Responsibilities】
1. 市場研究與數據分析
➤研究潛在客戶產業與市場趨勢，進行競品分析、提供市場洞察報告
➤協助追蹤業務數據，製作績效報表（如客戶轉換率、成交率）
2. 客戶開發與維護
➤整理並更新客戶名單與聯絡紀錄
➤撰寫客戶溝通信件與會議記錄
3. 外部會議與活動參與
➤參與客戶會議，記錄關鍵討論內容
➤支援業務人員準備會議資料與提案簡報
➤參與產業論壇、展會、異業合作活動，蒐集市場資訊
4. 提案與簡報製作
➤參與提案策略規劃與內容整理
➤製作提案簡報與客戶展示資料
➤協助準備案例研究與行銷素材
5. 專案支援與執行
➤協助專案規劃與進度追蹤、跟進專案執行狀況
➤參與跨部門協調與內部會議
6. 教育訓練與內部支援
➤協助整理 BD 相關教育訓練資料
➤協助內部業務開發 SOP 建立與優化

【Our Expectations】
➤長期實習
➤一週可進公司2~3天（時段可彈性調整）
➤具團隊精神、抗壓性高，想法靈活敏銳，團隊配合度高且能根據現況適時調整操作方向
➤具備邏輯思考與整合能力
➤具備良好溝通技巧且有跨部門溝通整合能力
➤自主學習能力強、積極度高
➤具備流利英文溝通能力

【Preferred Qualifications】
➤具有Chatbot的提案企劃及行銷應用、操作運用的能力為佳
➤使用過LINE官方帳號
➤具Martech基礎了解
➤檢附相關檢定證明（TOEIC成績700分以上或同等證明）

在 Aiii.Ai，我們重視每一位成員的專業與協作精神，致力於個人與團隊的共同成長。我們追求的不僅是合作的締結，更是對產業與用戶的實質影響。期待與您攜手同行，突破界限，共創更美好的未來！","我們正積極尋找善於溝通、積極負責、樂於學習的商業開發實習生，
如果你重視團隊士氣，希望與團隊一同進步，那你就是我們所找尋的優秀人才！

【Your Responsibilities】
1. 市場研究與數據分析
➤研究潛在客戶產業與市場趨勢，進行競品分析、提供市場洞察報告
➤協助追蹤業務數據，製作績效報表（如客戶轉換率、成交率）
2. 客戶開發與維護
➤整理並更新客戶名單與聯絡紀錄
➤撰寫客戶溝通信件與會議記錄
3. 外部會議與活動參與
➤參與客戶會議，記錄關鍵討論內容
➤支援業務人員準備會議資料與提案簡報
➤參與產業論壇、展會、異業合作活動，蒐集市場資訊
4. 提案與簡報製作
➤參與提案策略規劃與內容整理
➤製作提案簡報與客戶展示資料
➤協助準備案例研究與行銷素材
5. 專案支援與執行
➤協助專案規劃與進度追蹤、跟進專案執行狀況
➤參與跨部門協調與內部會議
6. 教育訓練與內部支援
➤協助整理 BD 相關教育訓練資料
➤協助內部業務開發 SOP 建立與優化

【Our Expectations】
➤長期實習
➤一週可進公司2~3天（時段可彈性調整）
➤具團隊精神、抗壓性高，想法靈活敏銳，團隊配合度高且能根據現況適時調整操作方向
➤具備邏輯思考與整合能力
➤具備良好溝通技巧且有跨部門溝通整合能力
➤自主學習能力強、積極度高
➤具備流利英文溝通能力

【Preferred Qualifications】
➤具有Chatbot的提案企劃及行銷應用、操作運用的能力為佳
➤使用過LINE官方帳號
➤具Martech基礎了解
➤檢附相關檢定證明（TOEIC成績700分以上或同等證明）

在 Aiii.Ai，我們重視每一位成員的專業與協作精神，致力於個人與團隊的共同成長。我們追求的不僅是合作的締結，更是對產業與用戶的實質影響。期待與您攜手同行，突破界限，共創更美好的未來！",高中,00,不拘,00009,2,6~10人應徵,130000000115492,類神經網路股份有限公司,1001001002,電腦軟體服務業,0000190,0000200,時薪190~200元,30,20250602,6/02,0,0,,0,0,"我們正積極尋找善於溝通、積極負責、樂於學習的商業開發實習生，
如果你重視團隊士氣，希望與團隊一同進步，那你就是我們所找尋的優秀人才！

【Your Responsibilities】
1. 市場研究與數據分析
➤研究潛在客戶產業與市場趨勢，進行競品分析、提供市場洞察報告
➤協助追蹤業務數據，製作績效報表（如客戶轉換率、成交率）
2. 客戶開發與維護
➤整理並更新客戶名單與聯絡紀錄
➤撰寫客戶溝通信件與會議記錄
3. 外部會議與活動參與
➤參與客戶會議，記錄關鍵討論內容
➤支援業務人員準備會議資料與提案簡報
➤參與產業論壇、展會、異業合作活動，蒐集市場資訊
4. 提案與簡報製作
➤參與提案策略規劃與內容整理
➤製作提案簡報與客戶展示資料
➤協助準備案例研究與行銷素材
5. 專案支援與執行
➤協助專案規劃與進度追蹤、跟進專案執行狀況
➤參與跨部門協調與內部會議
6. 教育訓練與內部支援
➤協助整理 BD 相關教育訓練資料
➤協助內部業務開發 SOP 建立與優化

【Our Expectations】
➤長期實習
➤一週可進公司2~3天（時段可彈性調整）
➤具團隊精神、抗壓性高，想法靈活敏銳，團隊配合度高且能根據現況適時調整操作方向
➤具備邏輯思考與整合能力
➤具備良好溝通技巧且有跨部門溝通整合能力
➤自主學習能力強、積極度高
➤具備流利英文溝通能力

【Preferred Qualifications】
➤具有Chatbot的提案企劃及行銷應用、操作運用的能力為佳
➤使用過LINE官方帳號
➤具Martech基礎了解
➤檢附相關檢定證明（TOEIC成績700分以上或同等證明）

在 Aiii.Ai，我們重視每一位成員的專業與協作精神，致力於個人與團隊的共同成長。我們追求的不僅是合作的締結，更是對產業與用戶的實質影響。期待與您攜手同行，突破界限，共創更美好的未來！","{'emp': {'desc': '員工60人', 'param': '5'}}",距捷運中山國中站約220公尺,"{'applyAnalyze': '//www.104.com.tw/jobs/apply/analysis/8afhi?channel=104rpt&jobsource=apply_analyze', 'job': '//www.104.com.tw/job/8afhi?jobsource=n104bank2', 'cust': '//www.104.com.tw/company/1a2x6bkgf8?jobsource=n104bank2'}",,Business Development Intern 商業開發實習生,類神經網路股份有限公司,121.5447404,25.0625969,0,[],H,0.22,99001001012,捷運中山國中站,True,intern
0,13659674,(PR)Account Executive Intern 專案企劃執行實習生,(PR)Account Executive <em class='b-txt--highlight'>Intern</em> 專案企劃執行實習生,2,2,6001001004,台北市松山區,復興北路369號14樓之2(中山國中捷運站附近),"我們正在尋找一位細心且負責的AE [[[Intern]]]！
如果你對社群媒體運營有興趣、熱愛獨立思考，並且擅長精確執行設定與上架貼文的工作，那麼這份職位將是你的最佳選擇！我們需要一位細心、負責且能夠穩定執行的實習生，協助團隊管理社群平台的日常運營。

【","我們正在尋找一位細心且負責的AE Intern！
如果你對社群媒體運營有興趣、熱愛獨立思考，並且擅長精確執行設定與上架貼文的工作，那麼這份職位將是你的最佳選擇！我們需要一位細心、負責且能夠穩定執行的實習生，協助團隊管理社群平台的日常運營。

【",高中,00,不拘,00008,2,6~10人應徵,130000000115492,類神經網路股份有限公司,1001001002,電腦軟體服務業,0000190,0000205,時薪190~205元,30,20250602,6/02,0,0,,0,0,"我們正在尋找一位細心且負責的AE <em class='b-txt--highlight'>Intern</em>！
如果你對社群媒體運營有興趣、熱愛獨立思考，並且擅長精確執行設定與上架貼文的工作，那麼這份職位將是你的最佳選擇！我們需要一位細心、負責且能夠穩定執行的實習生，協助團隊管理社群平台的日常運營。

【","{'emp': {'desc': '員工60人', 'param': '5'}}",距捷運中山國中站約220公尺,"{'applyAnalyze': '//www.104.com.tw/jobs/apply/analysis/84rve?channel=104rpt&jobsource=apply_analyze', 'job': '//www.104.com.tw/job/84rve?jobsource=n104bank2', 'cust': '//www.104.com.tw/company/1a2x6bkgf8?jobsource=n104bank2'}",,(PR)Account Executive Intern 專案企劃執行實習生,類神經網路股份有限公司,121.5447579,25.0626001,0,[],H,0.22,99001001012,捷運中山國中站,True,intern
0,13694776,專案導入實習生 Customer Success Intern,專案導入實習生 Customer Success <em class='b-txt--highlight'>Intern</em>,2,2,6001001007,台北市信義區,松德路65號9樓,"【關於未來巢】
Futurenest 未來巢是由一群對新科技充滿熱情的愛好者在社群中發起的團隊。未來「巢」，我們希望打造未來人才的孵化地，相信培育下一代不受限的人才會是公司最大的資產。在未來巢，我們聆聽每位夥伴的聲音，這裡沒有束縛，只有各種挑戰等著你去突破，歡迎充滿創意、不畏艱辛、擁抱挑戰、滿腔熱血的你，踏出第一步，加入未來巢！ 

我們相信 AI 能開啟全新的可能，致力於發展人工智慧解決方案；服務客戶跨及國內外一線公司，產業涵蓋金融、教育、汽車、電子、傳產、運輸、公衛、資訊等產業。

【CS 團隊】
客戶成功部是我們幫助客戶順利使用產品的好夥伴！我們負責解決問題、協助專案上線，還會定期跟客戶溝通，了解他們的需求。你將與不同部門合作，確保專案成功。喜歡學新事物、勇於面對挑戰的你，這裡就是你展現異於常人實力的地方！加入我們進擊成長吧！

【工作內容】
- 了解產品，成為產品達人，能夠回答客戶的各種疑問。
- 協助客戶使用產品及提供上線前的教育訓練。
- 定期蒐集客戶的回饋與建議，讓我們的產品越來越好。
- 確保專案的順利進行，掌握進度，讓所有人輕鬆到達專案終點。
- 與業務、技術、產品團隊無縫溝通，讓客戶需求變現實。
- 即時發現客戶需要，主動提出良好的解決方案。

【希望你具備】
- 良好的溝通協作能力。
- 願意學習新事物，能適應快速變化的環境。
- 基本的問題解決能力。
- 對財務及資訊系統感興趣。
- 負責任、抗壓能力高。

【這些很加分】
- 若具備財務或商業相關知識佳。
- 有使用過企業系統 (B2B SaaS 或 ERP) 的經驗加分。
- 不排斥生成式AI系統導入工作。

*請說明應徵原因並提供履歷 PDF","【關於未來巢】
Futurenest 未來巢是由一群對新科技充滿熱情的愛好者在社群中發起的團隊。未來「巢」，我們希望打造未來人才的孵化地，相信培育下一代不受限的人才會是公司最大的資產。在未來巢，我們聆聽每位夥伴的聲音，這裡沒有束縛，只有各種挑戰等著你去突破，歡迎充滿創意、不畏艱辛、擁抱挑戰、滿腔熱血的你，踏出第一步，加入未來巢！ 

我們相信 AI 能開啟全新的可能，致力於發展人工智慧解決方案；服務客戶跨及國內外一線公司，產業涵蓋金融、教育、汽車、電子、傳產、運輸、公衛、資訊等產業。

【CS 團隊】
客戶成功部是我們幫助客戶順利使用產品的好夥伴！我們負責解決問題、協助專案上線，還會定期跟客戶溝通，了解他們的需求。你將與不同部門合作，確保專案成功。喜歡學新事物、勇於面對挑戰的你，這裡就是你展現異於常人實力的地方！加入我們進擊成長吧！

【工作內容】
- 了解產品，成為產品達人，能夠回答客戶的各種疑問。
- 協助客戶使用產品及提供上線前的教育訓練。
- 定期蒐集客戶的回饋與建議，讓我們的產品越來越好。
- 確保專案的順利進行，掌握進度，讓所有人輕鬆到達專案終點。
- 與業務、技術、產品團隊無縫溝通，讓客戶需求變現實。
- 即時發現客戶需要，主動提出良好的解決方案。

【希望你具備】
- 良好的溝通協作能力。
- 願意學習新事物，能適應快速變化的環境。
- 基本的問題解決能力。
- 對財務及資訊系統感興趣。
- 負責任、抗壓能力高。

【這些很加分】
- 若具備財務或商業相關知識佳。
- 有使用過企業系統 (B2B SaaS 或 ERP) 的經驗加分。
- 不排斥生成式AI系統導入工作。

*請說明應徵原因並提供履歷 PDF",大學,00,不拘,00008,2,6~10人應徵,130000000218607,未來巢科技股份有限公司,1001001002,電腦軟體服務業,0000000,0000000,待遇面議,10,20250602,6/02,0,0,,0,0,"【關於未來巢】
Futurenest 未來巢是由一群對新科技充滿熱情的愛好者在社群中發起的團隊。未來「巢」，我們希望打造未來人才的孵化地，相信培育下一代不受限的人才會是公司最大的資產。在未來巢，我們聆聽每位夥伴的聲音，這裡沒有束縛，只有各種挑戰等著你去突破，歡迎充滿創意、不畏艱辛、擁抱挑戰、滿腔熱血的你，踏出第一步，加入未來巢！ 

我們相信 AI 能開啟全新的可能，致力於發展人工智慧解決方案；服務客戶跨及國內外一線公司，產業涵蓋金融、教育、汽車、電子、傳產、運輸、公衛、資訊等產業。

【CS 團隊】
客戶成功部是我們幫助客戶順利使用產品的好夥伴！我們負責解決問題、協助專案上線，還會定期跟客戶溝通，了解他們的需求。你將與不同部門合作，確保專案成功。喜歡學新事物、勇於面對挑戰的你，這裡就是你展現異於常人實力的地方！加入我們進擊成長吧！

【工作內容】
- 了解產品，成為產品達人，能夠回答客戶的各種疑問。
- 協助客戶使用產品及提供上線前的教育訓練。
- 定期蒐集客戶的回饋與建議，讓我們的產品越來越好。
- 確保專案的順利進行，掌握進度，讓所有人輕鬆到達專案終點。
- 與業務、技術、產品團隊無縫溝通，讓客戶需求變現實。
- 即時發現客戶需要，主動提出良好的解決方案。

【希望你具備】
- 良好的溝通協作能力。
- 願意學習新事物，能適應快速變化的環境。
- 基本的問題解決能力。
- 對財務及資訊系統感興趣。
- 負責任、抗壓能力高。

【這些很加分】
- 若具備財務或商業相關知識佳。
- 有使用過企業系統 (B2B SaaS 或 ERP) 的經驗加分。
- 不排斥生成式AI系統導入工作。

*請說明應徵原因並提供履歷 PDF","{'emp': {'desc': '員工26人', 'param': '3'}}",距捷運永春站約280公尺,"{'applyAnalyze': '//www.104.com.tw/jobs/apply/analysis/85iyg?channel=104rpt&jobsource=apply_analyze', 'job': '//www.104.com.tw/job/85iyg?jobsource=n104bank2', 'cust': '//www.104.com.tw/company/1a2x6bmnzj?jobsource=n104bank2'}",,專案導入實習生 Customer Success Intern,未來巢科技股份有限公司,121.576699,25.0384449,0,[],,0.28,99001005019,捷運永春站,False,intern
0,14605085,Quality Control Intern  (一年期，新竹工廠),Quality Control <em class='b-txt--highlight'>Intern</em>  (一年期，新竹工廠),2,2,6001006004,新竹縣新豐鄉,中崙村中崙290之1號,This is a role for [[[intern]]]. With the daily assistance to Quality function the role can learn the actual operation in Quality,This is a role for intern. With the daily assistance to Quality function the role can learn the actual operation in Quality,大學,00,不拘,0,1,0~5人應徵,130000000196099,英商赫力昂股份有限公司台灣分公司,1012001004,其他醫療保健服務業,0028590,0028590,"月薪28,590元",50,20250602,6/02,0,0,,0,0,This is a role for <em class='b-txt--highlight'>intern</em>. With the daily assistance to Quality function the role can learn the actual operation in Quality,[],,"{'applyAnalyze': '//www.104.com.tw/jobs/apply/analysis/8p1ct?channel=104rpt&jobsource=apply_analyze', 'job': '//www.104.com.tw/job/8p1ct?jobsource=n104bank2', 'cust': '//www.104.com.tw/company/1a2x6bm6mb?jobsource=n104bank2'}",,Quality Control Intern  (一年期，新竹工廠),英商赫力昂股份有限公司台灣分公司,121.0018588,24.8967763,0,[],M,,,,False,intern
2,13813095,【台北實習】行銷實習生｜Marketing Intern,【台北實習】行銷實習生｜Marketing <em class='b-txt--highlight'>Intern</em>,2,2,6001001010,台北市內湖區,堤頂大道二段301號,"如果你對時尚新創產業充滿興趣，熱愛化妝、美妝保養品，並樂於與人溝通分享，充滿創意，歡迎加入我們的團隊！

【工作內容】
◆ 線上行銷活動規劃與執行（社群、異業合作、Influencer 行銷等）
◆ 市場趨勢調查與分析，規劃品牌策略
◆ 定期監測行銷數據，找出高轉換率的行銷管道
◆ 其他品牌相關行政事務及主管交辦事項

【我們希望您具備】
◆ 喜愛流行與時尚，關注美妝產業趨勢
◆ 具備基礎行銷知識，對數據分析有興趣
◆ 具備良好的溝通能力與團隊合作精神
◆ 積極主動，樂於學習與挑戰

【加分條件】
◆ 熟悉美妝類相關產品
◆ 具備內容企劃、社群經營或數位廣告操作經驗
◆ 勇於發表，喜歡與團隊討論與交流

【療癒福利】
◆ 採光極佳、明亮舒適的工作環境，站著或坐著辦公都可以
◆ 設有咖啡機、飲料吧，提供豐富零食與美味下午茶
◆ 團隊年輕有活力，氛圍自在愉快，沒有拘謹死板的制度

※ 此實習職缺需配合至少半年，每週排班至少 20 小時
※ 投遞履歷請附上作品集，並註明每週可上班天數
※ 歡迎設計相關科系學生加入，恕不接受已畢業之求職者","如果你對時尚新創產業充滿興趣，熱愛化妝、美妝保養品，並樂於與人溝通分享，充滿創意，歡迎加入我們的團隊！

【工作內容】
◆ 線上行銷活動規劃與執行（社群、異業合作、Influencer 行銷等）
◆ 市場趨勢調查與分析，規劃品牌策略
◆ 定期監測行銷數據，找出高轉換率的行銷管道
◆ 其他品牌相關行政事務及主管交辦事項

【我們希望您具備】
◆ 喜愛流行與時尚，關注美妝產業趨勢
◆ 具備基礎行銷知識，對數據分析有興趣
◆ 具備良好的溝通能力與團隊合作精神
◆ 積極主動，樂於學習與挑戰

【加分條件】
◆ 熟悉美妝類相關產品
◆ 具備內容企劃、社群經營或數位廣告操作經驗
◆ 勇於發表，喜歡與團隊討論與交流

【療癒福利】
◆ 採光極佳、明亮舒適的工作環境，站著或坐著辦公都可以
◆ 設有咖啡機、飲料吧，提供豐富零食與美味下午茶
◆ 團隊年輕有活力，氛圍自在愉快，沒有拘謹死板的制度

※ 此實習職缺需配合至少半年，每週排班至少 20 小時
※ 投遞履歷請附上作品集，並註明每週可上班天數
※ 歡迎設計相關科系學生加入，恕不接受已畢業之求職者",大學,00,不拘,00008,2,6~10人應徵,130000000144438,聚美世股份有限公司,1002007007,化妝品製造業,0000200,9999999,時薪200元以上,30,20250602,6/02,4160,0,,0,0,"如果你對時尚新創產業充滿興趣，熱愛化妝、美妝保養品，並樂於與人溝通分享，充滿創意，歡迎加入我們的團隊！

【工作內容】
◆ 線上行銷活動規劃與執行（社群、異業合作、Influencer 行銷等）
◆ 市場趨勢調查與分析，規劃品牌策略
◆ 定期監測行銷數據，找出高轉換率的行銷管道
◆ 其他品牌相關行政事務及主管交辦事項

【我們希望您具備】
◆ 喜愛流行與時尚，關注美妝產業趨勢
◆ 具備基礎行銷知識，對數據分析有興趣
◆ 具備良好的溝通能力與團隊合作精神
◆ 積極主動，樂於學習與挑戰

【加分條件】
◆ 熟悉美妝類相關產品
◆ 具備內容企劃、社群經營或數位廣告操作經驗
◆ 勇於發表，喜歡與團隊討論與交流

【療癒福利】
◆ 採光極佳、明亮舒適的工作環境，站著或坐著辦公都可以
◆ 設有咖啡機、飲料吧，提供豐富零食與美味下午茶
◆ 團隊年輕有活力，氛圍自在愉快，沒有拘謹死板的制度

※ 此實習職缺需配合至少半年，每週排班至少 20 小時
※ 投遞履歷請附上作品集，並註明每週可上班天數
※ 歡迎設計相關科系學生加入，恕不接受已畢業之求職者","{'zoneForeign': {'desc': '外商公司', 'param': 5}, 'emp': {'desc': '員工70人', 'param': '5'}}",距捷運西湖站約440公尺,"{'applyAnalyze': '//www.104.com.tw/jobs/apply/analysis/88293?channel=104rpt&jobsource=apply_analyze', 'job': '//www.104.com.tw/job/88293?jobsource=n104bank2', 'cust': '//www.104.com.tw/company/1a2x6bl2ra?jobsource=n104bank2'}",,【台北實習】行銷實習生｜Marketing Intern,聚美世股份有限公司,121.5649109,25.0788104,0,[],H,0.44,99001001016,捷運西湖站,True,intern
0,14661547,【2025 Summer Intern】眼動研究實習生,【2025 Summer <em class='b-txt--highlight'>Intern</em>】眼動研究實習生,2,2,6001002011,新北市新店區,民權路95號12F(近大坪林捷運站),"【Job Responsibilities】
Utilize wearable eye-tracking devices to conduct a behavioral science study, encompassing the entire research process from literature review and experimental design to data collection, analysis, and research report writing.

【Qualifications】
1. Familiar with the principles and practices of experimental design.
2. Proven experience in participant recruitment and experiment conduction.
3. Possesses strong independent research capabilities, a knack for quickly acquiring new technical skills, and effective problem-solving abilities.
4. Capable of performing basic statistical analysis and familiar with statistical software.
5. Prior experience in eye-tracking research is highly valued.","【Job Responsibilities】
Utilize wearable eye-tracking devices to conduct a behavioral science study, encompassing the entire research process from literature review and experimental design to data collection, analysis, and research report writing.

【Qualifications】
1. Familiar with the principles and practices of experimental design.
2. Proven experience in participant recruitment and experiment conduction.
3. Possesses strong independent research capabilities, a knack for quickly acquiring new technical skills, and effective problem-solving abilities.
4. Capable of performing basic statistical analysis and familiar with statistical software.
5. Prior experience in eye-tracking research is highly valued.",大學,00,不拘,00008,2,6~10人應徵,130000000125116,見臻科技股份有限公司,1001005003,其他電子零組件相關業,0035000,0055000,"部分工時(月薪)35,000~55,000元",70,20250602,6/02,0,0,,0,0,"【Job Responsibilities】
Utilize wearable eye-tracking devices to conduct a behavioral science study, encompassing the entire research process from literature review and experimental design to data collection, analysis, and research report writing.

【Qualifications】
1. Familiar with the principles and practices of experimental design.
2. Proven experience in participant recruitment and experiment conduction.
3. Possesses strong independent research capabilities, a knack for quickly acquiring new technical skills, and effective problem-solving abilities.
4. Capable of performing basic statistical analysis and familiar with statistical software.
5. Prior experience in eye-tracking research is highly valued.","{'emp': {'desc': '員工30人', 'param': '4'}}",距捷運大坪林站約180公尺,"{'applyAnalyze': '//www.104.com.tw/jobs/apply/analysis/8q8x7?channel=104rpt&jobsource=apply_analyze', 'job': '//www.104.com.tw/job/8q8x7?jobsource=n104bank2', 'cust': '//www.104.com.tw/company/1a2x6bknuk?jobsource=n104bank2'}",,【2025 Summer Intern】眼動研究實習生,見臻科技股份有限公司,121.5370854,24.9825236,0,[],,0.18,99001006001,捷運大坪林站,True,intern
2,14585248,【Taiwan Mobile 實習計畫】Intern-無線網路優化 – 南區,【Taiwan Mobile 實習計畫】<em class='b-txt--highlight'>Intern</em>-無線網路優化 – 南區,1,1,6001016008,高雄市三民區,,"1. LTE/NR RF網路規劃和優化概念。
2. RF網路KPI報表學習，品質觀察與參數調整差異分析。
3. 客訴學習和訊號量測、拆補站場測資料前後比較與分析。
4. 站台天線異常查測(天線射向拍攝)，環評表製作(環景照拍攝)","1. LTE/NR RF網路規劃和優化概念。
2. RF網路KPI報表學習，品質觀察與參數調整差異分析。
3. 客訴學習和訊號量測、拆補站場測資料前後比較與分析。
4. 站台天線異常查測(天線射向拍攝)，環評表製作(環景照拍攝)",不拘,00,不拘,00007,2,6~10人應徵,97176270000,台灣大哥大股份有限公司,1001002001,電信相關業,0000200,0000200,時薪200元,30,20250602,6/02,1314816,0,,0,0,"1. LTE/NR RF網路規劃和優化概念。
2. RF網路KPI報表學習，品質觀察與參數調整差異分析。
3. 客訴學習和訊號量測、拆補站場測資料前後比較與分析。
4. 站台天線異常查測(天線射向拍攝)，環評表製作(環景照拍攝)","{'zone': {'desc': '上市上櫃', 'param': 16}, 'emp': {'desc': '員工4500人', 'param': '8'}}",,"{'applyAnalyze': '//www.104.com.tw/jobs/apply/analysis/8om1s?channel=104rpt&jobsource=apply_analyze', 'job': '//www.104.com.tw/job/8om1s?jobsource=n104bank2', 'cust': '//www.104.com.tw/company/18n48ptc?jobsource=n104bank2'}",,【Taiwan Mobile 實習計畫】Intern-無線網路優化 – 南區,台灣大哥大股份有限公司,120.3262535,22.6483444,0,[],H,,,,False,intern
2,13858492,【2025 Summer Intern】Analog IC Design Engineer,【2025 Summer <em class='b-txt--highlight'>Intern</em>】Analog IC Design Engineer,1,1,6001006001,新竹市,創新一路1-2號 / 新竹縣竹北市台元二街9號,"2025 Novatek Summer Internship Program

Program Features: Challenging tasks, employment opportunities, guidance from mentors, social events, Accommodation allowance
Location: Hsinchu(Zhubei)
Internship Period: 2025/7~8 Weekday (Mon.~Fri.)

Job Description：
Design analog functional blocks, plan and supervise layouts.
Define verification plan for a portion of IP or chip and run complex simulations and analysis(e.g., power, performance, linearity, yield)

Requirements：
Familiar with HSPICE、Matlab、Laker、Spectre、Simplis、Cadence Virtuoso
Strong understanding of circuit design and semiconductor device fundamentals
Experience with UNIX TCL/TK GUI tools is a plus

Qualifications：
1.Pre-graduate students(Currently undergraduates 4th year) or Master’s or Ph.D. students in Electrical Engineering, Computer Science or related field 
2.Interested candidates should first get the permission from their professors to attend internship program
3.Please also provide the following documents:
   Resume/CV 
   Educational transcripts/research or thesis topics


","2025 Novatek Summer Internship Program

Program Features: Challenging tasks, employment opportunities, guidance from mentors, social events, Accommodation allowance
Location: Hsinchu(Zhubei)
Internship Period: 2025/7~8 Weekday (Mon.~Fri.)

Job Description：
Design analog functional blocks, plan and supervise layouts.
Define verification plan for a portion of IP or chip and run complex simulations and analysis(e.g., power, performance, linearity, yield)

Requirements：
Familiar with HSPICE、Matlab、Laker、Spectre、Simplis、Cadence Virtuoso
Strong understanding of circuit design and semiconductor device fundamentals
Experience with UNIX TCL/TK GUI tools is a plus

Qualifications：
1.Pre-graduate students(Currently undergraduates 4th year) or Master’s or Ph.D. students in Electrical Engineering, Computer Science or related field 
2.Interested candidates should first get the permission from their professors to attend internship program
3.Please also provide the following documents:
   Resume/CV 
   Educational transcripts/research or thesis topics


",碩士,00,不拘,00004,1,0~5人應徵,84149955000,聯詠科技股份有限公司,1001006002,半導體製造業,0036000,0045000,"月薪36,000~45,000元",50,20250602,6/02,34902144,0,,0,0,"2025 Novatek Summer Internship Program

Program Features: Challenging tasks, employment opportunities, guidance from mentors, social events, Accommodation allowance
Location: Hsinchu(Zhubei)
Internship Period: 2025/7~8 Weekday (Mon.~Fri.)

Job Description：
Design analog functional blocks, plan and supervise layouts.
Define verification plan for a portion of IP or chip and run complex simulations and analysis(e.g., power, performance, linearity, yield)

Requirements：
Familiar with HSPICE、Matlab、Laker、Spectre、Simplis、Cadence Virtuoso
Strong understanding of circuit design and semiconductor device fundamentals
Experience with UNIX TCL/TK GUI tools is a plus

Qualifications：
1.Pre-graduate students(Currently undergraduates 4th year) or Master’s or Ph.D. students in Electrical Engineering, Computer Science or related field 
2.Interested candidates should first get the permission from their professors to attend internship program
3.Please also provide the following documents:
   Resume/CV 
   Educational transcripts/research or thesis topics


","{'zone': {'desc': '上市上櫃', 'param': 16}, 'emp': {'desc': '員工2700人', 'param': '8'}}",,"{'applyAnalyze': '//www.104.com.tw/jobs/apply/analysis/891a4?channel=104rpt&jobsource=apply_analyze', 'job': '//www.104.com.tw/job/891a4?jobsource=n104bank2', 'cust': '//www.104.com.tw/company/12nopku0?jobsource=n104bank2'}",,【2025 Summer Intern】Analog IC Design Engineer,聯詠科技股份有限公司,121.0180746,24.8392651,0,"['電機電子工程相關', '資訊工程相關']",M,,,,False,intern
0,14656478,HR/Talent Acquisition Intern,HR/Talent Acquisition <em class='b-txt--highlight'>Intern</em>,2,2,6001001001,台北市中正區,杭州南路一段15-1號10樓之1,"About Us:	
The Talent Acquisition Team at VICI Holdings plays a pivotal role in driving the company&#039;s growth by developing effective recruitment plans, strategies, and delivering key market insights. We excel in building robust talent pipelines and maintaining top-tier talent pools, enabling VICI to attract and retain exceptional individuals. These efforts support VICI in achieving both its short-term hiring objectives and long-term organizational goals.

Roles/ Responsibilities:
• 	Build and maintain a top-tier talent pool within the ATS
• 	Manage and execute recruitment-related projects
• 	Source potential candidates and conduct phone screenings
• 	Optimize and streamline recruitment documentation and workflow processes


Candidate Requirements:	
•	Bachelor&#039;s or Master&#039;s degree in Human Resources Management, Business Administration, or a related field
•	Internship experience at a headhunting firm or consulting firm is a plus
•	Demonstrated ability to multitask, embrace challenges, and implement effective solutions
•	Strong communication skills with logical thinking and structured expression
	
Other Requirements:
•	High self-motivated individual with good communication skill
•	English level – working level proficiency is a plus

Interview Process:(The interview process is subject to change based on circumstances)
HR phone screen -&gt;Take Home assessment -&gt;HR Manager","About Us:	
The Talent Acquisition Team at VICI Holdings plays a pivotal role in driving the company's growth by developing effective recruitment plans, strategies, and delivering key market insights. We excel in building robust talent pipelines and maintaining top-tier talent pools, enabling VICI to attract and retain exceptional individuals. These efforts support VICI in achieving both its short-term hiring objectives and long-term organizational goals.

Roles/ Responsibilities:
• 	Build and maintain a top-tier talent pool within the ATS
• 	Manage and execute recruitment-related projects
• 	Source potential candidates and conduct phone screenings
• 	Optimize and streamline recruitment documentation and workflow processes


Candidate Requirements:	
•	Bachelor's or Master's degree in Human Resources Management, Business Administration, or a related field
•	Internship experience at a headhunting firm or consulting firm is a plus
•	Demonstrated ability to multitask, embrace challenges, and implement effective solutions
•	Strong communication skills with logical thinking and structured expression
	
Other Requirements:
•	High self-motivated individual with good communication skill
•	English level – working level proficiency is a plus

Interview Process:(The interview process is subject to change based on circumstances)
HR phone screen ->Take Home assessment ->HR Manager",大學,00,不拘,00012,3,11~30人應徵,130000000098433,威旭資訊股份有限公司,1001001002,電腦軟體服務業,0000200,0000200,時薪200元,30,20250602,6/02,0,0,,0,0,"About Us:	
The Talent Acquisition Team at VICI Holdings plays a pivotal role in driving the company&#039;s growth by developing effective recruitment plans, strategies, and delivering key market insights. We excel in building robust talent pipelines and maintaining top-tier talent pools, enabling VICI to attract and retain exceptional individuals. These efforts support VICI in achieving both its short-term hiring objectives and long-term organizational goals.

Roles/ Responsibilities:
• 	Build and maintain a top-tier talent pool within the ATS
• 	Manage and execute recruitment-related projects
• 	Source potential candidates and conduct phone screenings
• 	Optimize and streamline recruitment documentation and workflow processes


Candidate Requirements:	
•	Bachelor&#039;s or Master&#039;s degree in Human Resources Management, Business Administration, or a related field
•	Internship experience at a headhunting firm or consulting firm is a plus
•	Demonstrated ability to multitask, embrace challenges, and implement effective solutions
•	Strong communication skills with logical thinking and structured expression
	
Other Requirements:
•	High self-motivated individual with good communication skill
•	English level – working level proficiency is a plus

Interview Process:(The interview process is subject to change based on circumstances)
HR phone screen -&gt;Take Home assessment -&gt;HR Manager","{'emp': {'desc': '員工150人', 'param': '6'}}",距捷運善導寺站約430公尺,"{'applyAnalyze': '//www.104.com.tw/jobs/apply/analysis/8q50e?channel=104rpt&jobsource=apply_analyze', 'job': '//www.104.com.tw/job/8q50e?jobsource=n104bank2', 'cust': '//www.104.com.tw/company/1a2x6bk39d?jobsource=n104bank2'}",,HR/Talent Acquisition Intern,威旭資訊股份有限公司,121.5269924,25.0427474,0,[],H,0.43,99001005013,捷運善導寺站,True,intern
2,14660033,【2025 GPS Intern】行政總務 學年實習生_中壢,【2025 GPS <em class='b-txt--highlight'>Intern</em>】行政總務 學年實習生_中壢,1,1,6001005001,桃園市中壢區,北園路24號,"【工作內容】 
1.員工餐廳管理 
(1)每日定期巡檢(備餐作業、烹煮作業、供餐完清潔作業) 
(2)每周菜單維護 
(3)每周內部稽核作業 
(4)新人報到餐點預備 
(5)訪客來訪餐點預備 
(6)異常事件回報與協助處理 
(7)宣導事項公告製作 
2.行政總務專案執行 
(1)中央活動協辦 
(2)廠區活動規劃 
3.主管交辦事項 

【工作目標】
近程目標：盡快熟習各項行政基礎事務，了解職場與學生生涯的差異性。
中程目標：期待能獨立作業，並承接部分專案事務，以期達成自我成長。
遠程目標：成為專業人才，若實習期間表現良好，將有機會提報成為正職同仁。 

【工作計畫】
0-2月：協助完成事務性工作，盡快熟悉公司行政系統的使用。
2-6月：獨立完成事務性工作，提升基礎技能。
6-12月：可執行專案業務，並完成期末發表。 


【實習期間】
✅合作期間為2025/07-2026/06
✅一週到班五天(月薪制)，可合作一年者優先考量
✅此職缺為長期實習，時間無法配合者請勿投遞
","【工作內容】 
1.員工餐廳管理 
(1)每日定期巡檢(備餐作業、烹煮作業、供餐完清潔作業) 
(2)每周菜單維護 
(3)每周內部稽核作業 
(4)新人報到餐點預備 
(5)訪客來訪餐點預備 
(6)異常事件回報與協助處理 
(7)宣導事項公告製作 
2.行政總務專案執行 
(1)中央活動協辦 
(2)廠區活動規劃 
3.主管交辦事項 

【工作目標】
近程目標：盡快熟習各項行政基礎事務，了解職場與學生生涯的差異性。
中程目標：期待能獨立作業，並承接部分專案事務，以期達成自我成長。
遠程目標：成為專業人才，若實習期間表現良好，將有機會提報成為正職同仁。 

【工作計畫】
0-2月：協助完成事務性工作，盡快熟悉公司行政系統的使用。
2-6月：獨立完成事務性工作，提升基礎技能。
6-12月：可執行專案業務，並完成期末發表。 


【實習期間】
✅合作期間為2025/07-2026/06
✅一週到班五天(月薪制)，可合作一年者優先考量
✅此職缺為長期實習，時間無法配合者請勿投遞
",大學,00,不拘,00008,2,6~10人應徵,23527104000,GARMIN_台灣國際航電股份有限公司,1001002001,電信相關業,0031500,0031500,"月薪31,500元",50,20250602,6/02,266248,0,,0,0,"【工作內容】 
1.員工餐廳管理 
(1)每日定期巡檢(備餐作業、烹煮作業、供餐完清潔作業) 
(2)每周菜單維護 
(3)每周內部稽核作業 
(4)新人報到餐點預備 
(5)訪客來訪餐點預備 
(6)異常事件回報與協助處理 
(7)宣導事項公告製作 
2.行政總務專案執行 
(1)中央活動協辦 
(2)廠區活動規劃 
3.主管交辦事項 

【工作目標】
近程目標：盡快熟習各項行政基礎事務，了解職場與學生生涯的差異性。
中程目標：期待能獨立作業，並承接部分專案事務，以期達成自我成長。
遠程目標：成為專業人才，若實習期間表現良好，將有機會提報成為正職同仁。 

【工作計畫】
0-2月：協助完成事務性工作，盡快熟悉公司行政系統的使用。
2-6月：獨立完成事務性工作，提升基礎技能。
6-12月：可執行專案業務，並完成期末發表。 


【實習期間】
✅合作期間為2025/07-2026/06
✅一週到班五天(月薪制)，可合作一年者優先考量
✅此職缺為長期實習，時間無法配合者請勿投遞
","{'zoneForeign': {'desc': '外商公司', 'param': 5}, 'emp': {'desc': '員工9000人', 'param': '8'}}",,"{'applyAnalyze': '//www.104.com.tw/jobs/apply/analysis/8q7r5?channel=104rpt&jobsource=apply_analyze', 'job': '//www.104.com.tw/job/8q7r5?jobsource=n104bank2', 'cust': '//www.104.com.tw/company/at3fhmo?jobsource=n104bank2'}",,【2025 GPS Intern】行政總務 學年實習生_中壢,GARMIN_台灣國際航電股份有限公司,121.242431,24.9810058,0,[],M,,,,True,intern
2,12646166,【知名外商銀行】一年期Intern 工讀生(歡迎夜校生.研究生),【知名外商銀行】一年期<em class='b-txt--highlight'>Intern</em> 工讀生(歡迎夜校生.研究生),2,2,6001001007,台北市信義區,忠孝東路五段68號30樓 (國泰置地廣場),"一般性行政庶務工作，無出差或體力性質工作
一天8小時每周要去5天","一般性行政庶務工作，無出差或體力性質工作
一天8小時每周要去5天",大學,00,不拘,00002,1,0~5人應徵,70523522000,怡東人事顧問股份有限公司,1009001001,人力仲介代徵,0000190,0000190,時薪190元,30,20250602,6/02,4096,0,,0,0,"一般性行政庶務工作，無出差或體力性質工作
一天8小時每周要去5天",[],距捷運市政府站約90公尺,"{'applyAnalyze': '//www.104.com.tw/jobs/apply/analysis/7j1ue?channel=104rpt&jobsource=apply_analyze', 'job': '//www.104.com.tw/job/7j1ue?jobsource=n104bank2', 'cust': '//www.104.com.tw/company/webvtu8?jobsource=n104bank2'}",,【知名外商銀行】一年期Intern 工讀生(歡迎夜校生.研究生),怡東人事顧問股份有限公司,121.5667981,25.0404433,0,['商業及管理學科類'],H,0.09,99001005018,捷運市政府站,False,intern
0,14512494,Software Engineering Intern (QA)(12 months),Software Engineering <em class='b-txt--highlight'>Intern</em> (QA)(12 months),2,2,6001001010,台北市內湖區,瑞光路 411號11樓," social events! 


How You&#039;ll Help Us Connect the World
As a QA [[[Intern]]], you will be responsible for Wifi controller software"," social events! 


How You'll Help Us Connect the World
As a QA Intern, you will be responsible for Wifi controller software",大學,00,不拘,00005,1,0~5人應徵,130000000102312,CommScope Ruckus_台灣康普通信系統有限公司,1001002004,其他電信及通訊相關業,0000200,9999999,時薪200元以上,30,20250602,6/02,4194304,0,,0,0," social events! 


How You&#039;ll Help Us Connect the World
As a QA <em class='b-txt--highlight'>Intern</em>, you will be responsible for Wifi controller software","{'emp': {'desc': '員工500人', 'param': '8'}}",距捷運港墘站約420公尺,"{'applyAnalyze': '//www.104.com.tw/jobs/apply/analysis/8n1wu?channel=104rpt&jobsource=apply_analyze', 'job': '//www.104.com.tw/job/8n1wu?jobsource=n104bank2', 'cust': '//www.104.com.tw/company/1a2x6bk694?jobsource=n104bank2'}",,Software Engineering Intern (QA)(12 months),CommScope Ruckus_台灣康普通信系統有限公司,121.5714213,25.0783532,0,"['數學及電算機科學學科類', '電機電子工程相關']",H,0.42,99001001017,捷運港墘站,False,intern
0,13976160,AI algorithm intern,AI algorithm <em class='b-txt--highlight'>intern</em>,2,2,6001001010,台北市內湖區,台北/新北全區（依照公司規定分派）,"Design and implement machine learning algorithms for medical -related applications. 

我們歡迎大學在校生或即將畢業的學生申請，並且不限於特定科系。
我們期望您具備對Python或C++的程式語法以及程式邏輯的基本熟悉度。
您應該有處理程式錯誤和軟體環境相關問題的能力。
我們重視快速學習新知識的能力和熱情，因為這對於不斷成長和應對新挑戰非常重要。
團隊合作精神對我們來說很關鍵，我們希望您能有效地協作和溝通。
對於人工智慧領域和數據處理的基本了解或激情是加分項目。

我們歡迎有上進心、願意挑戰自我，並持續追求個人和專業成長的個人申請。

關於我們的詳細職缺內容都可以在面試中確認
我們徵才職缺屬於常態性職缺，會一直開放申請，
只是104平台不一定會一直開啟， 由於有時候同時收到太多履歷 會整理好再開放

***************************************************************************
如有興趣 若可以請準備個人履歷或相關作品說明                                                                               
線上筆試測驗表單 : 
https://forms.gle/DC2keERhbncpb7Ds5
Google Colab連結  (記得複製一份作答，檔案名稱設定為Technical interview (AI position) v2.0_XXX : 
https://colab.research.google.com/drive/1e0AfKRnrtFyrWmYJUhESrU6x9jExtdJx?usp=sharing

***************************************************************************




","Design and implement machine learning algorithms for medical -related applications. 

我們歡迎大學在校生或即將畢業的學生申請，並且不限於特定科系。
我們期望您具備對Python或C++的程式語法以及程式邏輯的基本熟悉度。
您應該有處理程式錯誤和軟體環境相關問題的能力。
我們重視快速學習新知識的能力和熱情，因為這對於不斷成長和應對新挑戰非常重要。
團隊合作精神對我們來說很關鍵，我們希望您能有效地協作和溝通。
對於人工智慧領域和數據處理的基本了解或激情是加分項目。

我們歡迎有上進心、願意挑戰自我，並持續追求個人和專業成長的個人申請。

關於我們的詳細職缺內容都可以在面試中確認
我們徵才職缺屬於常態性職缺，會一直開放申請，
只是104平台不一定會一直開啟， 由於有時候同時收到太多履歷 會整理好再開放

***************************************************************************
如有興趣 若可以請準備個人履歷或相關作品說明                                                                               
線上筆試測驗表單 : 
https://forms.gle/DC2keERhbncpb7Ds5
Google Colab連結  (記得複製一份作答，檔案名稱設定為Technical interview (AI position) v2.0_XXX : 
https://colab.research.google.com/drive/1e0AfKRnrtFyrWmYJUhESrU6x9jExtdJx?usp=sharing

***************************************************************************




",大學,00,不拘,00001,1,0~5人應徵,130000000151552,巨量移動科技股份有限公司,1001001002,電腦軟體服務業,0000200,0000300,時薪200~300元,30,20250602,6/02,0,0,,0,0,"Design and implement machine learning algorithms for medical -related applications. 

我們歡迎大學在校生或即將畢業的學生申請，並且不限於特定科系。
我們期望您具備對Python或C++的程式語法以及程式邏輯的基本熟悉度。
您應該有處理程式錯誤和軟體環境相關問題的能力。
我們重視快速學習新知識的能力和熱情，因為這對於不斷成長和應對新挑戰非常重要。
團隊合作精神對我們來說很關鍵，我們希望您能有效地協作和溝通。
對於人工智慧領域和數據處理的基本了解或激情是加分項目。

我們歡迎有上進心、願意挑戰自我，並持續追求個人和專業成長的個人申請。

關於我們的詳細職缺內容都可以在面試中確認
我們徵才職缺屬於常態性職缺，會一直開放申請，
只是104平台不一定會一直開啟， 由於有時候同時收到太多履歷 會整理好再開放

***************************************************************************
如有興趣 若可以請準備個人履歷或相關作品說明                                                                               
線上筆試測驗表單 : 
https://forms.gle/DC2keERhbncpb7Ds5
Google Colab連結  (記得複製一份作答，檔案名稱設定為Technical interview (AI position) v2.0_XXX : 
https://colab.research.google.com/drive/1e0AfKRnrtFyrWmYJUhESrU6x9jExtdJx?usp=sharing

***************************************************************************




",[],,"{'applyAnalyze': '//www.104.com.tw/jobs/apply/analysis/8bk2o?channel=104rpt&jobsource=apply_analyze', 'job': '//www.104.com.tw/job/8bk2o?jobsource=n104bank2', 'cust': '//www.104.com.tw/company/1a2x6bl88w?jobsource=n104bank2'}",,AI algorithm intern,巨量移動科技股份有限公司,121.5909027,25.0689422,0,[],H,,,,False,intern
0,13590566,【日商樂天】Ecosystem Intern (Ecosystem),【日商樂天】Ecosystem <em class='b-txt--highlight'>Intern</em> (Ecosystem),2,2,6001001003,台北市中山區,民生東路三段49號11樓,"At Rakuten Taiwan Ecosystem Department, we’re looking for an enthusiastic Rakuten Ecosystem [[[intern]]] to join our team and","At Rakuten Taiwan Ecosystem Department, we’re looking for an enthusiastic Rakuten Ecosystem intern to join our team and",大學,00,不拘,00008,2,6~10人應徵,28847204000,台灣樂天市場股份有限公司,1001001003,網際網路相關業,0000200,0000220,時薪200~220元,30,20250602,6/02,8,0,,0,0,"At Rakuten Taiwan Ecosystem Department, we’re looking for an enthusiastic Rakuten Ecosystem <em class='b-txt--highlight'>intern</em> to join our team and","{'zoneForeign': {'desc': '外商公司', 'param': 5}, 'emp': {'desc': '員工250人', 'param': '7'}}",距捷運中山國中站約500公尺,"{'applyAnalyze': '//www.104.com.tw/jobs/apply/analysis/83ajq?channel=104rpt&jobsource=apply_analyze', 'job': '//www.104.com.tw/job/83ajq?jobsource=n104bank2', 'cust': '//www.104.com.tw/company/d92vp28?jobsource=n104bank2'}",,【日商樂天】Ecosystem Intern (Ecosystem),台灣樂天市場股份有限公司,121.5401845,25.0580568,0,[],H,0.5,99001001012,捷運中山國中站,False,intern
2,13338564,【客務部】休閒中心實習生  Recreation Intern,【客務部】休閒中心實習生  Recreation <em class='b-txt--highlight'>Intern</em>,2,2,6001016028,高雄市大樹區,三和村學城路一段153號,"1.於休閒部櫃台接待服務客人 
2.工作區域之清潔維護工作 
3.櫃檯相關文書處理 
4.櫃檯商品販售及結帳
5.支援休閒部各項活動執行

※此職務為在校學生實習(學期/學年制)","1.於休閒部櫃台接待服務客人 
2.工作區域之清潔維護工作 
3.櫃檯相關文書處理 
4.櫃檯商品販售及結帳
5.支援休閒部各項活動執行

※此職務為在校學生實習(學期/學年制)",專科,00,不拘,00004,1,0~5人應徵,28956758000,義大皇家酒店股份有限公司,1016001001,旅館業,0029500,0030500,"月薪29,500~30,500元",50,20250602,6/02,4096,0,,0,0,"1.於休閒部櫃台接待服務客人 
2.工作區域之清潔維護工作 
3.櫃檯相關文書處理 
4.櫃檯商品販售及結帳
5.支援休閒部各項活動執行

※此職務為在校學生實習(學期/學年制)","{'emp': {'desc': '員工500人', 'param': '8'}}",,"{'applyAnalyze': '//www.104.com.tw/jobs/apply/analysis/7xw3o?channel=104rpt&jobsource=apply_analyze', 'job': '//www.104.com.tw/job/7xw3o?jobsource=n104bank2', 'cust': '//www.104.com.tw/company/daw3tgw?jobsource=n104bank2'}",,【客務部】休閒中心實習生  Recreation Intern,義大皇家酒店股份有限公司,120.4014837,22.7297405,0,[],M,,,,True,intern
2,14657516,Intern實習生 (Policy Accounting)_財務部 保單會計人員,<em class='b-txt--highlight'>Intern</em>實習生 (Policy Accounting)_財務部 保單會計人員,2,2,6001001007,台北市信義區,信義路5段7號79樓,"1. 各管道保費收款、核對、入帳及暫收款沖銷。
2. 保單相關退費入帳。
3. 編制會計科目餘額表及銀行調節表。
4. 傳票Filling。
5. 其他主管交辦事項。

*歡迎大學、研究所之會計或財務金融背景同學投遞，能配合至2025年7月至12月者優先。","1. 各管道保費收款、核對、入帳及暫收款沖銷。
2. 保單相關退費入帳。
3. 編制會計科目餘額表及銀行調節表。
4. 傳票Filling。
5. 其他主管交辦事項。

*歡迎大學、研究所之會計或財務金融背景同學投遞，能配合至2025年7月至12月者優先。",大學,00,不拘,00009,2,6~10人應徵,16094897000,法商法國巴黎人壽保險股份有限公司台灣分公司,1004003001,人身保險業,0000200,0000200,時薪200元,30,20250602,6/02,4160,0,,0,0,"1. 各管道保費收款、核對、入帳及暫收款沖銷。
2. 保單相關退費入帳。
3. 編制會計科目餘額表及銀行調節表。
4. 傳票Filling。
5. 其他主管交辦事項。

*歡迎大學、研究所之會計或財務金融背景同學投遞，能配合至2025年7月至12月者優先。","{'zoneForeign': {'desc': '外商公司', 'param': 5}, 'emp': {'desc': '員工400人', 'param': '7'}}",距捷運台北101/世貿站約210公尺,"{'applyAnalyze': '//www.104.com.tw/jobs/apply/analysis/8q5t8?channel=104rpt&jobsource=apply_analyze', 'job': '//www.104.com.tw/job/8q5t8?jobsource=n104bank2', 'cust': '//www.104.com.tw/company/7e6hi08?jobsource=n104bank2'}",,Intern實習生 (Policy Accounting)_財務部 保單會計人員,法商法國巴黎人壽保險股份有限公司台灣分公司,121.5645389,25.033976,0,"['會計學相關', '財稅金融相關', '企業管理相關']",H,0.21,99001002002,捷運台北101/世貿站,True,intern
0,11841132,Occupier Services(企業顧問服務部) – Intern,Occupier Services(企業顧問服務部) – <em class='b-txt--highlight'>Intern</em>,2,2,6001001007,台北市信義區,松仁路101號6樓,"We offer a broad range of specialized real estate solutions to cater our client’s business strategies. Our full-service package includes consultation, leasing and investment. Over the years, our team has gained extensive experience in acting on behalf of developers, landlords, and tenants, offering them simple, one-stop services to fulfill their commercial property needs. 為企業客戶提供專業且出色的一站式商業房地產解決方案，並以客戶的商業目標為中心，在滿足客戶需求之餘，超越客戶所期望，助力客戶邁向成功。全球企業服務彙聚了戴德梁行全方位的服務，包括諮詢、租賃、銷售及市場策劃等，以滿足客戶對商用物業的實際需求。

	此為業務⽀援之⻑期⼯讀職位，經錄取後即可開始。
	學習與我們的客戶－跨國企業一起工作，同時學習跨國企業和其區域總部人員評估不動產的角度，以及製作富有邏輯和聰明的高品質簡報。在此工作能隨時獲取最新最快的國際商用不動產觀點各種資料。
	管理及建立業務相關資料庫如物業簡報、不動產行情、客戶管理。
	前述作業需中等之中英文讀寫能力。
	其他主管交辦事項。
","We offer a broad range of specialized real estate solutions to cater our client’s business strategies. Our full-service package includes consultation, leasing and investment. Over the years, our team has gained extensive experience in acting on behalf of developers, landlords, and tenants, offering them simple, one-stop services to fulfill their commercial property needs. 為企業客戶提供專業且出色的一站式商業房地產解決方案，並以客戶的商業目標為中心，在滿足客戶需求之餘，超越客戶所期望，助力客戶邁向成功。全球企業服務彙聚了戴德梁行全方位的服務，包括諮詢、租賃、銷售及市場策劃等，以滿足客戶對商用物業的實際需求。

	此為業務⽀援之⻑期⼯讀職位，經錄取後即可開始。
	學習與我們的客戶－跨國企業一起工作，同時學習跨國企業和其區域總部人員評估不動產的角度，以及製作富有邏輯和聰明的高品質簡報。在此工作能隨時獲取最新最快的國際商用不動產觀點各種資料。
	管理及建立業務相關資料庫如物業簡報、不動產行情、客戶管理。
	前述作業需中等之中英文讀寫能力。
	其他主管交辦事項。
",大學,00,不拘,00009,2,6~10人應徵,84253350000,香港商戴德梁行不動產投資顧問有限公司台灣分公司,1009001002,人力派遣服務,0000220,0000220,時薪220元,30,20250602,6/02,0,0,,0,0,"We offer a broad range of specialized real estate solutions to cater our client’s business strategies. Our full-service package includes consultation, leasing and investment. Over the years, our team has gained extensive experience in acting on behalf of developers, landlords, and tenants, offering them simple, one-stop services to fulfill their commercial property needs. 為企業客戶提供專業且出色的一站式商業房地產解決方案，並以客戶的商業目標為中心，在滿足客戶需求之餘，超越客戶所期望，助力客戶邁向成功。全球企業服務彙聚了戴德梁行全方位的服務，包括諮詢、租賃、銷售及市場策劃等，以滿足客戶對商用物業的實際需求。

	此為業務⽀援之⻑期⼯讀職位，經錄取後即可開始。
	學習與我們的客戶－跨國企業一起工作，同時學習跨國企業和其區域總部人員評估不動產的角度，以及製作富有邏輯和聰明的高品質簡報。在此工作能隨時獲取最新最快的國際商用不動產觀點各種資料。
	管理及建立業務相關資料庫如物業簡報、不動產行情、客戶管理。
	前述作業需中等之中英文讀寫能力。
	其他主管交辦事項。
",[],距捷運象山站約390公尺,"{'applyAnalyze': '//www.104.com.tw/jobs/apply/analysis/71soc?channel=104rpt&jobsource=apply_analyze', 'job': '//www.104.com.tw/job/71soc?jobsource=n104bank2', 'cust': '//www.104.com.tw/company/12pe9oxc?jobsource=n104bank2'}",,Occupier Services(企業顧問服務部) – Intern,香港商戴德梁行不動產投資顧問有限公司台灣分公司,121.5690497,25.0361689,0,"['都巿規劃相關', '英美語文相關', '一般商業學類']",H,0.39,99001002001,捷運象山站,False,intern
2,12257442,實習生-歐美市場行銷助理(Global Marketing Intern) (美加外籍來台留學生)( Foreign students are preferred),實習生-歐美市場行銷助理(Global Marketing <em class='b-txt--highlight'>Intern</em>) (美加外籍來台留學生)( Foreign students are preferred),2,2,6001001010,台北市內湖區,堤頂大道二段301號 9樓,"【Meitu Global Marketing [[[Intern]]]】 如果你熱愛拍照/修圖、是社群重度使用者、
喜歡研究歐美流行文化趨勢，且擁有優秀(或母語程度)的英語能力，歡迎投遞履歷！ 
也歡迎「美籍/加拿大籍」在台學生或有長年美加留學經驗的同學加","【Meitu Global Marketing Intern】 如果你熱愛拍照/修圖、是社群重度使用者、
喜歡研究歐美流行文化趨勢，且擁有優秀(或母語程度)的英語能力，歡迎投遞履歷！ 
也歡迎「美籍/加拿大籍」在台學生或有長年美加留學經驗的同學加",大學,00,不拘,00001,1,0~5人應徵,130000000046843,玩美行動股份有限公司,1001001002,電腦軟體服務業,0000190,0000215,時薪190~215元,30,20250602,6/02,4198400,0,,0,0,"【Meitu Global Marketing <em class='b-txt--highlight'>Intern</em>】 如果你熱愛拍照/修圖、是社群重度使用者、
喜歡研究歐美流行文化趨勢，且擁有優秀(或母語程度)的英語能力，歡迎投遞履歷！ 
也歡迎「美籍/加拿大籍」在台學生或有長年美加留學經驗的同學加","{'emp': {'desc': '員工50人', 'param': '5'}}",距捷運西湖站約450公尺,"{'applyAnalyze': '//www.104.com.tw/jobs/apply/analysis/7apwi?channel=104rpt&jobsource=apply_analyze', 'job': '//www.104.com.tw/job/7apwi?jobsource=n104bank2', 'cust': '//www.104.com.tw/company/1a2x6bizgb?jobsource=n104bank2'}",,實習生-歐美市場行銷助理(Global Marketing Intern) (美加外籍來台留學生)( Foreign students are preferred),玩美行動股份有限公司,121.5649034,25.0788091,0,[],H,0.45,99001001016,捷運西湖站,False,intern
0,14394987,HR&amp;Admin Intern 人資&amp;行政實習生,HR&amp;Admin <em class='b-txt--highlight'>Intern</em> 人資&amp;行政實習生,2,2,6001001004,台北市松山區,,"我們正在尋找熱情洋溢且願意學習的行政&amp;HR實習生！
如果你對人力資源與行政管理充滿熱情，並希望在實務中學習成長，那麼我們正在尋找的就是你！這是一個深入了解 HR 運作、累積行政與人資經驗的絕佳機會。

【Your Responsibilities】
人資支援（學習與主要工作內容) 
1. 招募支援與面試安排
➤ 協助 HR 團隊安排面試邀約與排程，熟悉基礎招募流程。
➤ 參與面試過程，協助紀錄與整理面試回饋，並與相關部門保持溝通。
2. 新進員工報到與教育訓練
➤ 協助新人入職流程，包括文件準備、帳號申請、設備發放等。
➤ 安排與執行新人教育訓練，確保新進同仁順利融入團隊。
3. 教育訓練與內部活動
➤ 協助 HR 團隊規劃與執行內部培訓課程，包括教材準備、課程通知與場地確認。
➤ 協助籌劃Team Building活動，提升團隊凝聚力與工作氛圍。
4. 員工異動與離職流程
➤ 協助離職員工的交接與離職流程，包括設備歸還及文件辦理。
➤ 進行離職訪談，整理並分析員工離職原因，提供 HR 參考。
5. 其他人資支援事務
➤ 協助整理員工出勤與紀錄工時，確保薪資與考勤資訊準確。
➤ 支援 HR 各類專案，如職涯發展計畫、員工健檢計畫等。
➤ 整理與維護人資相關數據與報表，以利管理決策。

行政支援 (支援性工作內容)
➤ 負責辦公室日常庶務：零食櫃補充、辦公用品採購，確保辦公環境整潔與設備運作正常。
➤ 處理包裹及文件的收發、寄送。
➤ 協助安排會議事宜，包括會議室準備、設備確認及訪客接待。
➤ 協助文件掃描、歸檔，保持資料準確性與完整性。

【Our Expectations】
➤ 良好的組織與細心度，能妥善處理多項任務，保持高效率與高品質執行力。
➤ 靈活的應變與協作能力，能快速適應多樣化的工作內容，願意學習並實際操作。
➤ 高度責任感，能妥善處理機密資訊，並確保作業準確無誤。
➤ 親和力與服務意識，樂於提供支援，營造良好的團隊氛圍。
➤ 熟悉 Excel / Google Sheets 等辦公軟體，能進行基本數據處理者佳。

【Preferred Qualifications】
➤ 具備活動籌劃與團隊協作經驗。
➤ 具有處理人事行政作業或數據分析的基礎能力。
➤ 自主學習能力，能在指導下持續提升。

【Why Join Us?】
➤ 實務經驗：獲得行政、人資相關工作實務經驗，深入了解辦公室運作及管理流程。
➤ 技能發展：提升你的組織能力、溝通技巧和時間管理能力，增強技術能力。
➤ 團隊協作與人脈建立：參與團隊建設活動和內部活動，提升團隊合作能力。
➤ 多元工作環境的體驗：成為一個充滿活力與變化的公司的一員，觀察並參與日常業務運營，深入了解企業管理與人員管理的各個面向。

在 Aiii.Ai，我們重視每個人的創意與專業，致力於實現個人與團隊的共同成長。加入我們，您將有機會挑戰多樣化的工作，發揮專長與創意，學習行政、人力資源等領域的知識，並在真實的工作環境中成長，為團隊和公司貢獻價值。
","我們正在尋找熱情洋溢且願意學習的行政&HR實習生！
如果你對人力資源與行政管理充滿熱情，並希望在實務中學習成長，那麼我們正在尋找的就是你！這是一個深入了解 HR 運作、累積行政與人資經驗的絕佳機會。

【Your Responsibilities】
人資支援（學習與主要工作內容) 
1. 招募支援與面試安排
➤ 協助 HR 團隊安排面試邀約與排程，熟悉基礎招募流程。
➤ 參與面試過程，協助紀錄與整理面試回饋，並與相關部門保持溝通。
2. 新進員工報到與教育訓練
➤ 協助新人入職流程，包括文件準備、帳號申請、設備發放等。
➤ 安排與執行新人教育訓練，確保新進同仁順利融入團隊。
3. 教育訓練與內部活動
➤ 協助 HR 團隊規劃與執行內部培訓課程，包括教材準備、課程通知與場地確認。
➤ 協助籌劃Team Building活動，提升團隊凝聚力與工作氛圍。
4. 員工異動與離職流程
➤ 協助離職員工的交接與離職流程，包括設備歸還及文件辦理。
➤ 進行離職訪談，整理並分析員工離職原因，提供 HR 參考。
5. 其他人資支援事務
➤ 協助整理員工出勤與紀錄工時，確保薪資與考勤資訊準確。
➤ 支援 HR 各類專案，如職涯發展計畫、員工健檢計畫等。
➤ 整理與維護人資相關數據與報表，以利管理決策。

行政支援 (支援性工作內容)
➤ 負責辦公室日常庶務：零食櫃補充、辦公用品採購，確保辦公環境整潔與設備運作正常。
➤ 處理包裹及文件的收發、寄送。
➤ 協助安排會議事宜，包括會議室準備、設備確認及訪客接待。
➤ 協助文件掃描、歸檔，保持資料準確性與完整性。

【Our Expectations】
➤ 良好的組織與細心度，能妥善處理多項任務，保持高效率與高品質執行力。
➤ 靈活的應變與協作能力，能快速適應多樣化的工作內容，願意學習並實際操作。
➤ 高度責任感，能妥善處理機密資訊，並確保作業準確無誤。
➤ 親和力與服務意識，樂於提供支援，營造良好的團隊氛圍。
➤ 熟悉 Excel / Google Sheets 等辦公軟體，能進行基本數據處理者佳。

【Preferred Qualifications】
➤ 具備活動籌劃與團隊協作經驗。
➤ 具有處理人事行政作業或數據分析的基礎能力。
➤ 自主學習能力，能在指導下持續提升。

【Why Join Us?】
➤ 實務經驗：獲得行政、人資相關工作實務經驗，深入了解辦公室運作及管理流程。
➤ 技能發展：提升你的組織能力、溝通技巧和時間管理能力，增強技術能力。
➤ 團隊協作與人脈建立：參與團隊建設活動和內部活動，提升團隊合作能力。
➤ 多元工作環境的體驗：成為一個充滿活力與變化的公司的一員，觀察並參與日常業務運營，深入了解企業管理與人員管理的各個面向。

在 Aiii.Ai，我們重視每個人的創意與專業，致力於實現個人與團隊的共同成長。加入我們，您將有機會挑戰多樣化的工作，發揮專長與創意，學習行政、人力資源等領域的知識，並在真實的工作環境中成長，為團隊和公司貢獻價值。
",高中,00,不拘,00009,2,6~10人應徵,130000000115492,類神經網路股份有限公司,1001001002,電腦軟體服務業,0000190,0000210,時薪190~210元,30,20250602,6/02,0,0,,0,0,"我們正在尋找熱情洋溢且願意學習的行政&amp;HR實習生！
如果你對人力資源與行政管理充滿熱情，並希望在實務中學習成長，那麼我們正在尋找的就是你！這是一個深入了解 HR 運作、累積行政與人資經驗的絕佳機會。

【Your Responsibilities】
人資支援（學習與主要工作內容) 
1. 招募支援與面試安排
➤ 協助 HR 團隊安排面試邀約與排程，熟悉基礎招募流程。
➤ 參與面試過程，協助紀錄與整理面試回饋，並與相關部門保持溝通。
2. 新進員工報到與教育訓練
➤ 協助新人入職流程，包括文件準備、帳號申請、設備發放等。
➤ 安排與執行新人教育訓練，確保新進同仁順利融入團隊。
3. 教育訓練與內部活動
➤ 協助 HR 團隊規劃與執行內部培訓課程，包括教材準備、課程通知與場地確認。
➤ 協助籌劃Team Building活動，提升團隊凝聚力與工作氛圍。
4. 員工異動與離職流程
➤ 協助離職員工的交接與離職流程，包括設備歸還及文件辦理。
➤ 進行離職訪談，整理並分析員工離職原因，提供 HR 參考。
5. 其他人資支援事務
➤ 協助整理員工出勤與紀錄工時，確保薪資與考勤資訊準確。
➤ 支援 HR 各類專案，如職涯發展計畫、員工健檢計畫等。
➤ 整理與維護人資相關數據與報表，以利管理決策。

行政支援 (支援性工作內容)
➤ 負責辦公室日常庶務：零食櫃補充、辦公用品採購，確保辦公環境整潔與設備運作正常。
➤ 處理包裹及文件的收發、寄送。
➤ 協助安排會議事宜，包括會議室準備、設備確認及訪客接待。
➤ 協助文件掃描、歸檔，保持資料準確性與完整性。

【Our Expectations】
➤ 良好的組織與細心度，能妥善處理多項任務，保持高效率與高品質執行力。
➤ 靈活的應變與協作能力，能快速適應多樣化的工作內容，願意學習並實際操作。
➤ 高度責任感，能妥善處理機密資訊，並確保作業準確無誤。
➤ 親和力與服務意識，樂於提供支援，營造良好的團隊氛圍。
➤ 熟悉 Excel / Google Sheets 等辦公軟體，能進行基本數據處理者佳。

【Preferred Qualifications】
➤ 具備活動籌劃與團隊協作經驗。
➤ 具有處理人事行政作業或數據分析的基礎能力。
➤ 自主學習能力，能在指導下持續提升。

【Why Join Us?】
➤ 實務經驗：獲得行政、人資相關工作實務經驗，深入了解辦公室運作及管理流程。
➤ 技能發展：提升你的組織能力、溝通技巧和時間管理能力，增強技術能力。
➤ 團隊協作與人脈建立：參與團隊建設活動和內部活動，提升團隊合作能力。
➤ 多元工作環境的體驗：成為一個充滿活力與變化的公司的一員，觀察並參與日常業務運營，深入了解企業管理與人員管理的各個面向。

在 Aiii.Ai，我們重視每個人的創意與專業，致力於實現個人與團隊的共同成長。加入我們，您將有機會挑戰多樣化的工作，發揮專長與創意，學習行政、人力資源等領域的知識，並在真實的工作環境中成長，為團隊和公司貢獻價值。
","{'emp': {'desc': '員工60人', 'param': '5'}}",,"{'applyAnalyze': '//www.104.com.tw/jobs/apply/analysis/8kj8r?channel=104rpt&jobsource=apply_analyze', 'job': '//www.104.com.tw/job/8kj8r?jobsource=n104bank2', 'cust': '//www.104.com.tw/company/1a2x6bkgf8?jobsource=n104bank2'}",,HR&Admin Intern 人資&行政實習生,類神經網路股份有限公司,121.5638621,25.0541591,0,[],H,,,,True,intern
2,14522355,【2025 Summer Internship】Power Engineer Intern,【2025 Summer Internship】Power Engineer <em class='b-txt--highlight'>Intern</em>,1,1,6001002004,新北市汐止區,新台五路一段90號8樓, solutions for leading data centers. We’re looking for a motivated and detail-oriented Power electronic Engineer [[[Intern]]] to join our, solutions for leading data centers. We’re looking for a motivated and detail-oriented Power electronic Engineer Intern to join our,大學,00,不拘,00011,3,11~30人應徵,53687704000,緯穎科技服務股份有限公司,1001003001,電腦及其週邊設備製造業,0030000,9999999,"月薪30,000元以上",50,20250602,6/02,3412096,0,,0,0, solutions for leading data centers. We’re looking for a motivated and detail-oriented Power electronic Engineer <em class='b-txt--highlight'>Intern</em> to join our,"{'zone': {'desc': '上市上櫃', 'param': 16}, 'emp': {'desc': '員工3000人', 'param': '8'}}",,"{'applyAnalyze': '//www.104.com.tw/jobs/apply/analysis/8n9ir?channel=104rpt&jobsource=apply_analyze', 'job': '//www.104.com.tw/job/8n9ir?jobsource=n104bank2', 'cust': '//www.104.com.tw/company/onw9tj4?jobsource=n104bank2'}",,【2025 Summer Internship】Power Engineer Intern,緯穎科技服務股份有限公司,121.6478659,25.0603727,0,['電機電子工程相關'],M,,,,False,intern
0,13886819,品牌行銷實習生 Brand Marketing Intern,品牌行銷實習生 Brand Marketing <em class='b-txt--highlight'>Intern</em>,2,2,6001001011,台北市南港區,三重路19之11號,"1. Support executions of brand &amp; marketing activities to engage with pet owners.
2. Support content management of social platforms.
3. Support BAPO team to prepare always-on, marketing campaigns &amp; projects deployment.
4. Assist to update reports and support in database management.
5. Work closely with internal and external parties, including various business units and external vendors &amp; agencies &amp; KOL.
6. Perform ad-hoc tasks as assigned.
","1. Support executions of brand & marketing activities to engage with pet owners.
2. Support content management of social platforms.
3. Support BAPO team to prepare always-on, marketing campaigns & projects deployment.
4. Assist to update reports and support in database management.
5. Work closely with internal and external parties, including various business units and external vendors & agencies & KOL.
6. Perform ad-hoc tasks as assigned.
",大學,00,不拘,00011,3,11~30人應徵,130000000125980,法國皇家_台灣皇家寵物食品有限公司,1009007002,寵物相關服務業,0000200,0000220,時薪200~220元,30,20250602,6/02,64,0,,0,0,"1. Support executions of brand &amp; marketing activities to engage with pet owners.
2. Support content management of social platforms.
3. Support BAPO team to prepare always-on, marketing campaigns &amp; projects deployment.
4. Assist to update reports and support in database management.
5. Work closely with internal and external parties, including various business units and external vendors &amp; agencies &amp; KOL.
6. Perform ad-hoc tasks as assigned.
","{'zoneForeign': {'desc': '外商公司', 'param': 5}, 'emp': {'desc': '員工50人', 'param': '5'}, 'remote': {'desc': '遠端工作'}}",距捷運南港軟體園區站約330公尺,"{'applyAnalyze': '//www.104.com.tw/jobs/apply/analysis/89n4z?channel=104rpt&jobsource=apply_analyze', 'job': '//www.104.com.tw/job/89n4z?jobsource=n104bank2', 'cust': '//www.104.com.tw/company/1a2x6bkoik?jobsource=n104bank2'}",,品牌行銷實習生 Brand Marketing Intern,法國皇家_台灣皇家寵物食品有限公司,121.6129927,25.0587767,2,['市場行銷相關'],H,0.33,99001001023,捷運南港軟體園區站,True,intern
2,14594490,"【實習計畫】Intern, Legal","【實習計畫】<em class='b-txt--highlight'>Intern</em>, Legal",2,2,6001001004,台北市松山區,民生東路三段129號13樓," considering a career as an in-house counsel after graduation, Mercedes-Benz Taiwan is seeking a legal [[[intern]]] for 6 months."," considering a career as an in-house counsel after graduation, Mercedes-Benz Taiwan is seeking a legal intern for 6 months.",大學,02,1年,00012,3,11~30人應徵,12681620000,台灣賓士股份有限公司,1003001012,汽機車及其零配件用品／批發業,0000190,0000190,時薪190元,30,20250602,6/02,4160,0,,0,0," considering a career as an in-house counsel after graduation, Mercedes-Benz Taiwan is seeking a legal <em class='b-txt--highlight'>intern</em> for 6 months.","{'zoneForeign': {'desc': '外商公司', 'param': 5}, 'emp': {'desc': '員工260人', 'param': '7'}}",距捷運中山國中站約470公尺,"{'applyAnalyze': '//www.104.com.tw/jobs/apply/analysis/8ot6i?channel=104rpt&jobsource=apply_analyze', 'job': '//www.104.com.tw/job/8ot6i?jobsource=n104bank2', 'cust': '//www.104.com.tw/company/5tqb4m8?jobsource=n104bank2'}",,"【實習計畫】Intern, Legal",台灣賓士股份有限公司,121.5477063,25.0579349,0,"['商業及管理學科類', '經濟學相關', '數理統計相關']",H,0.47,99001001012,捷運中山國中站,True,intern
0,12299405,Digital Marketing &amp; Sales Development Intern,Digital Marketing &amp; Sales Development <em class='b-txt--highlight'>Intern</em>,2,2,6001001003,台北市中山區,中山北路2段96號,"We are looking for a like-minded individual to participate in our 6-month internship program, in this role, you will be part of our Sales and Marketing team and learn about the process of B2B sales development and digital marketing. 

Throughout the program, you will:
- Assist with video editing
- Assist with content translation and provide administrative support
- Compose professional digital contents for company website and media outlet
- Conduct industry market research 
- Effectively identify potential customers and reach them through e-mail or phone
- Work with team members to reach marketing goals 
- Operate and manage media accounts
- Learn the process of SDR
- Gain knowledge in factory/manufacturing operations and industry 4.0

Requirements: 
- Have video editing experience
- Good writing skills in at least two of the following languages: English, Mandarin, Spanish, Japanese, with English or Mandarin required
- Good communication skills in either Mandarin or English
- Currently pursuing a Bachelor&#039;s degree or higher in any field of study
- Able to work at least 20 hours a week (4 hours / unit)
- Motivated and interested in inbound/outbound marketing
- Able to work both independently and as a team 


About us:
Founded by ex-googlers and started at Stanford’s StartX program, PowerArena now has offices in the States, Taiwan, Hong Kong and China. We are a fast-growing, research-driven company building AI solutions that helps manufacturing corporations and factories assembly operations overcome the challenges they face in productions every day. 

","We are looking for a like-minded individual to participate in our 6-month internship program, in this role, you will be part of our Sales and Marketing team and learn about the process of B2B sales development and digital marketing. 

Throughout the program, you will:
- Assist with video editing
- Assist with content translation and provide administrative support
- Compose professional digital contents for company website and media outlet
- Conduct industry market research 
- Effectively identify potential customers and reach them through e-mail or phone
- Work with team members to reach marketing goals 
- Operate and manage media accounts
- Learn the process of SDR
- Gain knowledge in factory/manufacturing operations and industry 4.0

Requirements: 
- Have video editing experience
- Good writing skills in at least two of the following languages: English, Mandarin, Spanish, Japanese, with English or Mandarin required
- Good communication skills in either Mandarin or English
- Currently pursuing a Bachelor's degree or higher in any field of study
- Able to work at least 20 hours a week (4 hours / unit)
- Motivated and interested in inbound/outbound marketing
- Able to work both independently and as a team 


About us:
Founded by ex-googlers and started at Stanford’s StartX program, PowerArena now has offices in the States, Taiwan, Hong Kong and China. We are a fast-growing, research-driven company building AI solutions that helps manufacturing corporations and factories assembly operations overcome the challenges they face in productions every day. 

",大學,00,不拘,00013,3,11~30人應徵,130000000163800,百威雷科技有限公司,1001001006,其它軟體及網路相關業,0000190,9999999,時薪190元以上,30,20250602,6/02,0,0,,0,0,"We are looking for a like-minded individual to participate in our 6-month internship program, in this role, you will be part of our Sales and Marketing team and learn about the process of B2B sales development and digital marketing. 

Throughout the program, you will:
- Assist with video editing
- Assist with content translation and provide administrative support
- Compose professional digital contents for company website and media outlet
- Conduct industry market research 
- Effectively identify potential customers and reach them through e-mail or phone
- Work with team members to reach marketing goals 
- Operate and manage media accounts
- Learn the process of SDR
- Gain knowledge in factory/manufacturing operations and industry 4.0

Requirements: 
- Have video editing experience
- Good writing skills in at least two of the following languages: English, Mandarin, Spanish, Japanese, with English or Mandarin required
- Good communication skills in either Mandarin or English
- Currently pursuing a Bachelor&#039;s degree or higher in any field of study
- Able to work at least 20 hours a week (4 hours / unit)
- Motivated and interested in inbound/outbound marketing
- Able to work both independently and as a team 


About us:
Founded by ex-googlers and started at Stanford’s StartX program, PowerArena now has offices in the States, Taiwan, Hong Kong and China. We are a fast-growing, research-driven company building AI solutions that helps manufacturing corporations and factories assembly operations overcome the challenges they face in productions every day. 

","{'emp': {'desc': '員工30人', 'param': '4'}}",距捷運雙連站約270公尺,"{'applyAnalyze': '//www.104.com.tw/jobs/apply/analysis/7bma5?channel=104rpt&jobsource=apply_analyze', 'job': '//www.104.com.tw/job/7bma5?jobsource=n104bank2', 'cust': '//www.104.com.tw/company/1a2x6blhp4?jobsource=n104bank2'}",,Digital Marketing & Sales Development Intern,百威雷科技有限公司,121.5225193,25.0594978,0,"['商業及管理學科類', '大眾傳播學科類']",H,0.27,99001002011,捷運雙連站,False,intern
2,14568577,【實習生專區】Quality &amp; Regulatory Affairs Intern,【實習生專區】Quality &amp; Regulatory Affairs <em class='b-txt--highlight'>Intern</em>,1,1,6001001004,台北市松山區,光復北路,"You will:
•	Support Chinese artwork creation, Chinese labelling content verification  and related activities on various quality systems such as ISO13485, QMS and GDP.
•	Support the preparation of registration documents preparation.
•	Regulatory administration work support and document filing.
*We welcome applications from candidates with a disability. (Please attach the certification)

If you are:
•	Motivated and interested in Quality &amp; Regulatory Affairs function in Orthopedic industry.
•	Have Basic windows operation and good at office apps.
•	Detail-oriented and basic English ability.

*We welcome applications from candidates with a disability. (Please attach the certification)","You will:
•	Support Chinese artwork creation, Chinese labelling content verification  and related activities on various quality systems such as ISO13485, QMS and GDP.
•	Support the preparation of registration documents preparation.
•	Regulatory administration work support and document filing.
*We welcome applications from candidates with a disability. (Please attach the certification)

If you are:
•	Motivated and interested in Quality & Regulatory Affairs function in Orthopedic industry.
•	Have Basic windows operation and good at office apps.
•	Detail-oriented and basic English ability.

*We welcome applications from candidates with a disability. (Please attach the certification)",高中,00,不拘,00008,2,6~10人應徵,12854951000,Zimmer Biomet_台灣捷邁醫療器材股份有限公司,1002015002,醫療器材製造業,0000200,9999999,時薪200元以上,30,20250602,6/02,2101440,0,,0,0,"You will:
•	Support Chinese artwork creation, Chinese labelling content verification  and related activities on various quality systems such as ISO13485, QMS and GDP.
•	Support the preparation of registration documents preparation.
•	Regulatory administration work support and document filing.
*We welcome applications from candidates with a disability. (Please attach the certification)

If you are:
•	Motivated and interested in Quality &amp; Regulatory Affairs function in Orthopedic industry.
•	Have Basic windows operation and good at office apps.
•	Detail-oriented and basic English ability.

*We welcome applications from candidates with a disability. (Please attach the certification)","{'zoneForeign': {'desc': '外商公司', 'param': 5}}",,"{'applyAnalyze': '//www.104.com.tw/jobs/apply/analysis/8o96p?channel=104rpt&jobsource=apply_analyze', 'job': '//www.104.com.tw/job/8o96p?jobsource=n104bank2', 'cust': '//www.104.com.tw/company/5wli7o8?jobsource=n104bank2'}",,【實習生專區】Quality & Regulatory Affairs Intern,Zimmer Biomet_台灣捷邁醫療器材股份有限公司,121.5557557,25.0553683,0,[],H,,,,False,intern
2,13915548,"產品照修圖實習生, Photo Retouching Intern, Global Marketing","產品照修圖實習生, Photo Retouching <em class='b-txt--highlight'>Intern</em>, Global Marketing",2,2,6001002015,新北市中和區,連城路192號9樓(235),"【Job Description 職務內容】

■ 負責全球產品照片精修與陰影製作，依循規範創建具吸引力的視覺。
■ 協助攝影師拍攝現場，調整攝影設備、燈光器材等。
■ 協助照片歸檔管理與遵循規範建立圖庫。
■ 與各部門密切合作，依據專案計畫並按時完成工作。


【Job Requirements職位所需資格】

■ 對於平面攝影有濃厚興趣且具有影像或平面設計相關領域科系。
■ 熟練Adobe Creative Suite（Photoshop、Illustrator）
■ 對影像邏輯與美感風格具敏銳度，能挑戰不同類型的風格，勇於創新。
■ 注重細節，能夠高效完成工作，勇於提出問題與想法。


【Plus加分項目】

■ 對於3C產品的規格有基本的了解。
■ 在工作流程中擅於使用如DALL·E 3, ChatGPT, Photoshop AI生成等工具。


**請附上個人作品集**
• 工作時間：一週至少三天","【Job Description 職務內容】

■ 負責全球產品照片精修與陰影製作，依循規範創建具吸引力的視覺。
■ 協助攝影師拍攝現場，調整攝影設備、燈光器材等。
■ 協助照片歸檔管理與遵循規範建立圖庫。
■ 與各部門密切合作，依據專案計畫並按時完成工作。


【Job Requirements職位所需資格】

■ 對於平面攝影有濃厚興趣且具有影像或平面設計相關領域科系。
■ 熟練Adobe Creative Suite（Photoshop、Illustrator）
■ 對影像邏輯與美感風格具敏銳度，能挑戰不同類型的風格，勇於創新。
■ 注重細節，能夠高效完成工作，勇於提出問題與想法。


【Plus加分項目】

■ 對於3C產品的規格有基本的了解。
■ 在工作流程中擅於使用如DALL·E 3, ChatGPT, Photoshop AI生成等工具。


**請附上個人作品集**
• 工作時間：一週至少三天",大學,00,不拘,00004,1,0~5人應徵,23553019000,ViewSonic Corporation_優派國際股份有限公司,1001001001,電腦系統整合服務業,0000190,0000190,時薪190元,30,20250602,6/02,4104,0,,0,0,"【Job Description 職務內容】

■ 負責全球產品照片精修與陰影製作，依循規範創建具吸引力的視覺。
■ 協助攝影師拍攝現場，調整攝影設備、燈光器材等。
■ 協助照片歸檔管理與遵循規範建立圖庫。
■ 與各部門密切合作，依據專案計畫並按時完成工作。


【Job Requirements職位所需資格】

■ 對於平面攝影有濃厚興趣且具有影像或平面設計相關領域科系。
■ 熟練Adobe Creative Suite（Photoshop、Illustrator）
■ 對影像邏輯與美感風格具敏銳度，能挑戰不同類型的風格，勇於創新。
■ 注重細節，能夠高效完成工作，勇於提出問題與想法。


【Plus加分項目】

■ 對於3C產品的規格有基本的了解。
■ 在工作流程中擅於使用如DALL·E 3, ChatGPT, Photoshop AI生成等工具。


**請附上個人作品集**
• 工作時間：一週至少三天","{'zoneForeign': {'desc': '外商公司', 'param': 5}, 'emp': {'desc': '員工1400人', 'param': '8'}}",,"{'applyAnalyze': '//www.104.com.tw/jobs/apply/analysis/8a9b0?channel=104rpt&jobsource=apply_analyze', 'job': '//www.104.com.tw/job/8a9b0?jobsource=n104bank2', 'cust': '//www.104.com.tw/company/atiuxrs?jobsource=n104bank2'}",,"產品照修圖實習生, Photo Retouching Intern, Global Marketing",ViewSonic Corporation_優派國際股份有限公司,121.4923062,24.9968661,0,[],H,,,,False,intern
2,14533740,【2025 Infineon Intern Program】Software Validation Test Engineer Intern,【2025 Infineon <em class='b-txt--highlight'>Intern</em> Program】Software Validation Test Engineer <em class='b-txt--highlight'>Intern</em>,5,2,6001001010,台北市內湖區,瑞光路335號17樓B棟,"The [[[Intern]]] Program in Taiwan is a 1-year program designed to provide a comprehensive and engaging experience for interns,","The Intern Program in Taiwan is a 1-year program designed to provide a comprehensive and engaging experience for interns,",大學,00,不拘,00008,2,6~10人應徵,80673823000,台灣英飛凌科技股份有限公司,1001006002,半導體製造業,0030000,0030000,"部分工時(月薪)30,000元",70,20250602,6/02,4104,0,,0,0,"The <em class='b-txt--highlight'>Intern</em> Program in Taiwan is a 1-year program designed to provide a comprehensive and engaging experience for interns,","{'zoneForeign': {'desc': '外商公司', 'param': 5}, 'emp': {'desc': '員工400人', 'param': '7'}}",距捷運港墘站約290公尺,"{'applyAnalyze': '//www.104.com.tw/jobs/apply/analysis/8nib0?channel=104rpt&jobsource=apply_analyze', 'job': '//www.104.com.tw/job/8nib0?jobsource=n104bank2', 'cust': '//www.104.com.tw/company/1127407s?jobsource=n104bank2'}",,【2025 Infineon Intern Program】Software Validation Test Engineer Intern,台灣英飛凌科技股份有限公司,121.5750009,25.0774939,0,"['資訊工程相關', '其他數學及電算機科學相關', '電機電子工程相關']",,0.29,99001001017,捷運港墘站,False,intern
2,12240834,[Internship] Key Account Management &amp; Cross-Selling Intern (At least 1 year),[Internship] Key Account Management &amp; Cross-Selling <em class='b-txt--highlight'>Intern</em> (At least 1 year),2,2,6001001004,台北市松山區,敦化南路一段2號2樓,"* 運用EXCEL/ ACCESS等統計工具，負責大數據資料庫的對應、對照、彙整(如：國際產品條碼UDI等)
* 維護、更新、管理各類文件檔案（如：標案、合約、產品資料、Masterdata）
* 熟悉Word/PowerPoint/Outlook等Office文書工具，以協助主管交辦工作。
* 完成工作時程表及會議安排
","* 運用EXCEL/ ACCESS等統計工具，負責大數據資料庫的對應、對照、彙整(如：國際產品條碼UDI等)
* 維護、更新、管理各類文件檔案（如：標案、合約、產品資料、Masterdata）
* 熟悉Word/PowerPoint/Outlook等Office文書工具，以協助主管交辦工作。
* 完成工作時程表及會議安排
",不拘,00,不拘,00004,1,0~5人應徵,12690579000,Medtronic (Taiwan) Ltd._美敦力醫療產品股份有限公司,1012001004,其他醫療保健服務業,0000220,0000220,時薪220元,30,20250602,6/02,4160,0,,0,0,"* 運用EXCEL/ ACCESS等統計工具，負責大數據資料庫的對應、對照、彙整(如：國際產品條碼UDI等)
* 維護、更新、管理各類文件檔案（如：標案、合約、產品資料、Masterdata）
* 熟悉Word/PowerPoint/Outlook等Office文書工具，以協助主管交辦工作。
* 完成工作時程表及會議安排
","{'zoneForeign': {'desc': '外商公司', 'param': 5}, 'emp': {'desc': '員工300人', 'param': '7'}}",,"{'applyAnalyze': '//www.104.com.tw/jobs/apply/analysis/7ad36?channel=104rpt&jobsource=apply_analyze', 'job': '//www.104.com.tw/job/7ad36?jobsource=n104bank2', 'cust': '//www.104.com.tw/company/5tvn5fc?jobsource=n104bank2'}",,[Internship] Key Account Management & Cross-Selling Intern (At least 1 year),Medtronic (Taiwan) Ltd._美敦力醫療產品股份有限公司,121.5480952,25.0479478,0,[],H,,,,False,intern
0,14118441,拓荒實習計畫 - Social Marketing Intern 社群行銷實習生,拓荒實習計畫 - Social Marketing <em class='b-txt--highlight'>Intern</em> 社群行銷實習生,2,2,6001001005,台北市大安區,敦化南路二段38號4樓之1,"#Ｗhat will You do?

- 協助社群行銷專員在 Facebook、Instagram、YouTube 等平台上執行行銷計劃
- 協助創作 Reels 腳本並學習影片拍攝、剪輯技巧
- 負責社群平台內容的排程與發佈，維持平台的活躍度
- 監控社群反饋，協助整理數據並提供報告
- 協助策劃線上活動並增進粉絲互動
- 協助蒐集網紅名單，以利品牌進行後續合作

- Assist the Social Marketing Specialist in executing marketing plans on Facebook, Instagram, and YouTube.
- Help create Reels scripts and learn video shooting and editing skills.
- Manage content scheduling and posting on social media platforms to maintain activity.
- Monitor community feedback, assist in data organization, and provide reports.
- Assist in planning online events to increase fan engagement.


# What do You need?
- 對社群行銷、發想社群玩法有興趣並願意學習
- 了解 Facebook、Instagram、YouTube 等社交平台
- 有基本的 Reels 影片腳本編寫、拍攝及剪輯後製經驗者優先
- 良好的溝通能力與創意思維，並能快速學習
- 大學、研究所在學中，能配合至少兩個工作天為優先
- 會簡易操作 Figma 製圖軟體加分

- Currently enrolled in university, majoring in Marketing, Communications, Digital Media, or related fields.
- Interested in community marketing and eager to learn.
- Familiar with Facebook, Instagram, and YouTube platforms.
- Basic experience in Reels scriptwriting, shooting, and editing videos is a plus.
- Good communication skills, creative thinking, and quick to learn.
- Assist in collecting a list of influencers to facilitate future brand collaborations.

","#Ｗhat will You do?

- 協助社群行銷專員在 Facebook、Instagram、YouTube 等平台上執行行銷計劃
- 協助創作 Reels 腳本並學習影片拍攝、剪輯技巧
- 負責社群平台內容的排程與發佈，維持平台的活躍度
- 監控社群反饋，協助整理數據並提供報告
- 協助策劃線上活動並增進粉絲互動
- 協助蒐集網紅名單，以利品牌進行後續合作

- Assist the Social Marketing Specialist in executing marketing plans on Facebook, Instagram, and YouTube.
- Help create Reels scripts and learn video shooting and editing skills.
- Manage content scheduling and posting on social media platforms to maintain activity.
- Monitor community feedback, assist in data organization, and provide reports.
- Assist in planning online events to increase fan engagement.


# What do You need?
- 對社群行銷、發想社群玩法有興趣並願意學習
- 了解 Facebook、Instagram、YouTube 等社交平台
- 有基本的 Reels 影片腳本編寫、拍攝及剪輯後製經驗者優先
- 良好的溝通能力與創意思維，並能快速學習
- 大學、研究所在學中，能配合至少兩個工作天為優先
- 會簡易操作 Figma 製圖軟體加分

- Currently enrolled in university, majoring in Marketing, Communications, Digital Media, or related fields.
- Interested in community marketing and eager to learn.
- Familiar with Facebook, Instagram, and YouTube platforms.
- Basic experience in Reels scriptwriting, shooting, and editing videos is a plus.
- Good communication skills, creative thinking, and quick to learn.
- Assist in collecting a list of influencers to facilitate future brand collaborations.

",大學,00,不拘,00008,2,6~10人應徵,130000000208494,拓荒數碼科技股份有限公司,1001001002,電腦軟體服務業,0000200,0000250,時薪200~250元,30,20250602,6/02,0,0,,0,0,"#Ｗhat will You do?

- 協助社群行銷專員在 Facebook、Instagram、YouTube 等平台上執行行銷計劃
- 協助創作 Reels 腳本並學習影片拍攝、剪輯技巧
- 負責社群平台內容的排程與發佈，維持平台的活躍度
- 監控社群反饋，協助整理數據並提供報告
- 協助策劃線上活動並增進粉絲互動
- 協助蒐集網紅名單，以利品牌進行後續合作

- Assist the Social Marketing Specialist in executing marketing plans on Facebook, Instagram, and YouTube.
- Help create Reels scripts and learn video shooting and editing skills.
- Manage content scheduling and posting on social media platforms to maintain activity.
- Monitor community feedback, assist in data organization, and provide reports.
- Assist in planning online events to increase fan engagement.


# What do You need?
- 對社群行銷、發想社群玩法有興趣並願意學習
- 了解 Facebook、Instagram、YouTube 等社交平台
- 有基本的 Reels 影片腳本編寫、拍攝及剪輯後製經驗者優先
- 良好的溝通能力與創意思維，並能快速學習
- 大學、研究所在學中，能配合至少兩個工作天為優先
- 會簡易操作 Figma 製圖軟體加分

- Currently enrolled in university, majoring in Marketing, Communications, Digital Media, or related fields.
- Interested in community marketing and eager to learn.
- Familiar with Facebook, Instagram, and YouTube platforms.
- Basic experience in Reels scriptwriting, shooting, and editing videos is a plus.
- Good communication skills, creative thinking, and quick to learn.
- Assist in collecting a list of influencers to facilitate future brand collaborations.

","{'emp': {'desc': '員工50人', 'param': '5'}, 'remote': {'desc': '遠端工作'}}",距捷運大安站約500公尺,"{'applyAnalyze': '//www.104.com.tw/jobs/apply/analysis/8elux?channel=104rpt&jobsource=apply_analyze', 'job': '//www.104.com.tw/job/8elux?jobsource=n104bank2', 'cust': '//www.104.com.tw/company/1a2x6bmg6m?jobsource=n104bank2'}",,拓荒實習計畫 - Social Marketing Intern 社群行銷實習生,拓荒數碼科技股份有限公司,121.548319,25.031696,2,[],H,0.5,99001001009,捷運大安站,True,intern
0,13277368,Content Marketing Intern 內容行銷實習生 (Roo),Content Marketing <em class='b-txt--highlight'>Intern</em> 內容行銷實習生 (Roo),2,2,6001001005,台北市大安區,敦化南路二段319號,"Mission:
Gogolook 旗下金融科技品牌「袋鼠金融 Roo.Cash」提供市場上最新的金融商品資訊並透過特點分析與比較拉近民眾與金融商品的距離。「內容行銷實習生」將協助團隊一同發想內容企劃，並以新穎的方式讓更多人認識我們，並收集使用者反饋，將產品不斷延伸與演進。
Roo.Cash: https://roo.cash/ 

1. 內容策劃：與團隊一同發想符合 SEO 的內容行銷策略，帶動部落格自然流量成長
2. 流量經營：與團隊一同追蹤部落格流量表現，並針對不同內容主題執行流量優化專案
3. 數據回饋：學習於不同工具所提供的數據中抓出市場脈絡，並將數據用於未來產品與內容企劃中

Requirements:
1. 對金融商品及生活理財具有興趣
2. 熟悉或願學習 SEO 關鍵字基礎，並用於內容規劃
3. 長期關注 AI 工具的發展，並有實際操作運用在內容生產的經驗
4. 謹慎細心，對資訊細節追根究底
5. 自主性，並持續學習，擁有極高求知慾
6. 時間管理大師，追求自己準時達成任務
7. 喜愛文字創作並熱於分享，熟悉各論壇與社群平台

Nice to have:
1. 擁有自架網站經驗
2. 擁有 wordpress、medium 等網站文章上稿經驗
3. 熟悉 Google Analytics 等網站流量分析工具
4. 熟悉 HTML 語言
5. 對於 AI 工具願意主動了解，並且能串聯完成半/全自動化的影音及內容生產，例如 ChatGPT, Canva, Notion AI 等等
6. 了解 Youtube 後台操作與 Youtube SEO 演算法，有經營影音內容相關經驗或高度興趣
7. 熟悉財經和民生消費類型 YouTube 頻道、IG、Thread、Tiktok、小紅書相關網紅

【上班時間】週一至週五平日，一週至少配合 3 天以上，實習時長至少可配合 6 個月。可以彈性遠端工作。","Mission:
Gogolook 旗下金融科技品牌「袋鼠金融 Roo.Cash」提供市場上最新的金融商品資訊並透過特點分析與比較拉近民眾與金融商品的距離。「內容行銷實習生」將協助團隊一同發想內容企劃，並以新穎的方式讓更多人認識我們，並收集使用者反饋，將產品不斷延伸與演進。
Roo.Cash: https://roo.cash/ 

1. 內容策劃：與團隊一同發想符合 SEO 的內容行銷策略，帶動部落格自然流量成長
2. 流量經營：與團隊一同追蹤部落格流量表現，並針對不同內容主題執行流量優化專案
3. 數據回饋：學習於不同工具所提供的數據中抓出市場脈絡，並將數據用於未來產品與內容企劃中

Requirements:
1. 對金融商品及生活理財具有興趣
2. 熟悉或願學習 SEO 關鍵字基礎，並用於內容規劃
3. 長期關注 AI 工具的發展，並有實際操作運用在內容生產的經驗
4. 謹慎細心，對資訊細節追根究底
5. 自主性，並持續學習，擁有極高求知慾
6. 時間管理大師，追求自己準時達成任務
7. 喜愛文字創作並熱於分享，熟悉各論壇與社群平台

Nice to have:
1. 擁有自架網站經驗
2. 擁有 wordpress、medium 等網站文章上稿經驗
3. 熟悉 Google Analytics 等網站流量分析工具
4. 熟悉 HTML 語言
5. 對於 AI 工具願意主動了解，並且能串聯完成半/全自動化的影音及內容生產，例如 ChatGPT, Canva, Notion AI 等等
6. 了解 Youtube 後台操作與 Youtube SEO 演算法，有經營影音內容相關經驗或高度興趣
7. 熟悉財經和民生消費類型 YouTube 頻道、IG、Thread、Tiktok、小紅書相關網紅

【上班時間】週一至週五平日，一週至少配合 3 天以上，實習時長至少可配合 6 個月。可以彈性遠端工作。",大學,00,不拘,00008,2,6~10人應徵,3686999000,Gogolook_走著瞧股份有限公司,1001001002,電腦軟體服務業,0000190,0000190,時薪190元,30,20250602,6/02,0,0,,0,0,"Mission:
Gogolook 旗下金融科技品牌「袋鼠金融 Roo.Cash」提供市場上最新的金融商品資訊並透過特點分析與比較拉近民眾與金融商品的距離。「內容行銷實習生」將協助團隊一同發想內容企劃，並以新穎的方式讓更多人認識我們，並收集使用者反饋，將產品不斷延伸與演進。
Roo.Cash: https://roo.cash/ 

1. 內容策劃：與團隊一同發想符合 SEO 的內容行銷策略，帶動部落格自然流量成長
2. 流量經營：與團隊一同追蹤部落格流量表現，並針對不同內容主題執行流量優化專案
3. 數據回饋：學習於不同工具所提供的數據中抓出市場脈絡，並將數據用於未來產品與內容企劃中

Requirements:
1. 對金融商品及生活理財具有興趣
2. 熟悉或願學習 SEO 關鍵字基礎，並用於內容規劃
3. 長期關注 AI 工具的發展，並有實際操作運用在內容生產的經驗
4. 謹慎細心，對資訊細節追根究底
5. 自主性，並持續學習，擁有極高求知慾
6. 時間管理大師，追求自己準時達成任務
7. 喜愛文字創作並熱於分享，熟悉各論壇與社群平台

Nice to have:
1. 擁有自架網站經驗
2. 擁有 wordpress、medium 等網站文章上稿經驗
3. 熟悉 Google Analytics 等網站流量分析工具
4. 熟悉 HTML 語言
5. 對於 AI 工具願意主動了解，並且能串聯完成半/全自動化的影音及內容生產，例如 ChatGPT, Canva, Notion AI 等等
6. 了解 Youtube 後台操作與 Youtube SEO 演算法，有經營影音內容相關經驗或高度興趣
7. 熟悉財經和民生消費類型 YouTube 頻道、IG、Thread、Tiktok、小紅書相關網紅

【上班時間】週一至週五平日，一週至少配合 3 天以上，實習時長至少可配合 6 個月。可以彈性遠端工作。","{'emp': {'desc': '員工200人', 'param': '6'}, 'remote': {'desc': '遠端工作'}}",距捷運六張犁站約390公尺,"{'applyAnalyze': '//www.104.com.tw/jobs/apply/analysis/7wkvs?channel=104rpt&jobsource=apply_analyze', 'job': '//www.104.com.tw/job/7wkvs?jobsource=n104bank2', 'cust': '//www.104.com.tw/company/1oz56mw?jobsource=n104bank2'}",,Content Marketing Intern 內容行銷實習生 (Roo),Gogolook_走著瞧股份有限公司,121.549441,25.022934,2,[],H,0.39,99001001007,捷運六張犁站,False,intern
0,14515446,現場應用實習生 Field Application Intern,現場應用實習生 Field Application <em class='b-txt--highlight'>Intern</em>,2,2,6001001007,台北市信義區,松德路65號8樓之2,"【關於未來巢】
Futurenest 未來巢是由一群對新科技充滿熱情的愛好者在社群中發起的團隊。未來「巢」，我們希望打造未來人才的孵化地，相信培育下一代不受限的人才會是公司最大的資產。在未來巢，我們聆聽每位夥伴的聲音，這裡沒有束縛，只有各種挑戰等著你去突破，歡迎充滿創意、不畏艱辛、擁抱挑戰、滿腔熱血的你，踏出第一步，加入未來巢！ 

我們相信 AI 能開啟全新的可能，致力於發展人工智慧解決方案；服務客戶跨及國內外一線公司，產業涵蓋金融、教育、汽車、電子、傳產、運輸、公衛、資訊等產業。

【工作內容】
- 參與並協助 AI 系統現場部署，包括驅動安裝，打包 image 等。
- 協助 AI 系統日常維護與支援，包括問題診斷等等，確保系統穩定運作。
- 與研發團隊合作，協助系統測試，確保系統符合需求。並協助追蹤問題解決進度。
- 依據工作需要，配合現場支援與短期出差。
- 其餘主管交辦事項。
- 能長期實習（一年以上）。

【對你的期許】
- 具備良好的溝通協作能力、問題解決能力及對細節的高度關注，能夠在團隊中有效配合完成任務。
- 對 docker 或 docker compose 或 k8s 等容器技術有些許了解。
- 對 python, shell 等腳本語言有些許了解。

【這些很加分】
- 具備基礎的計算機網絡知識（如 IP 配置）與常見操作系統（Windows/Linux）的基本操作能力，熟悉命令操作尤佳。
- 具備 AI 框架（如 TensorFlow、PyTorch）使用經驗或 Python 程式基礎。
- 有 Linux 系統管理等相關實操經驗者優先。
- 對 AI 有興趣，並有相關經驗或專案經驗。
- 有 Linux 系統有相關知識或經驗。
- 熟悉 docker, docker compose, k8s 等容器技術。
- 熟悉 python, shell 等腳本語言。

*請說明應徵原因並提供履歷PDF","【關於未來巢】
Futurenest 未來巢是由一群對新科技充滿熱情的愛好者在社群中發起的團隊。未來「巢」，我們希望打造未來人才的孵化地，相信培育下一代不受限的人才會是公司最大的資產。在未來巢，我們聆聽每位夥伴的聲音，這裡沒有束縛，只有各種挑戰等著你去突破，歡迎充滿創意、不畏艱辛、擁抱挑戰、滿腔熱血的你，踏出第一步，加入未來巢！ 

我們相信 AI 能開啟全新的可能，致力於發展人工智慧解決方案；服務客戶跨及國內外一線公司，產業涵蓋金融、教育、汽車、電子、傳產、運輸、公衛、資訊等產業。

【工作內容】
- 參與並協助 AI 系統現場部署，包括驅動安裝，打包 image 等。
- 協助 AI 系統日常維護與支援，包括問題診斷等等，確保系統穩定運作。
- 與研發團隊合作，協助系統測試，確保系統符合需求。並協助追蹤問題解決進度。
- 依據工作需要，配合現場支援與短期出差。
- 其餘主管交辦事項。
- 能長期實習（一年以上）。

【對你的期許】
- 具備良好的溝通協作能力、問題解決能力及對細節的高度關注，能夠在團隊中有效配合完成任務。
- 對 docker 或 docker compose 或 k8s 等容器技術有些許了解。
- 對 python, shell 等腳本語言有些許了解。

【這些很加分】
- 具備基礎的計算機網絡知識（如 IP 配置）與常見操作系統（Windows/Linux）的基本操作能力，熟悉命令操作尤佳。
- 具備 AI 框架（如 TensorFlow、PyTorch）使用經驗或 Python 程式基礎。
- 有 Linux 系統管理等相關實操經驗者優先。
- 對 AI 有興趣，並有相關經驗或專案經驗。
- 有 Linux 系統有相關知識或經驗。
- 熟悉 docker, docker compose, k8s 等容器技術。
- 熟悉 python, shell 等腳本語言。

*請說明應徵原因並提供履歷PDF",大學,00,不拘,00011,3,11~30人應徵,130000000218607,未來巢科技股份有限公司,1001001002,電腦軟體服務業,0000000,0000000,待遇面議,10,20250602,6/02,0,0,,0,0,"【關於未來巢】
Futurenest 未來巢是由一群對新科技充滿熱情的愛好者在社群中發起的團隊。未來「巢」，我們希望打造未來人才的孵化地，相信培育下一代不受限的人才會是公司最大的資產。在未來巢，我們聆聽每位夥伴的聲音，這裡沒有束縛，只有各種挑戰等著你去突破，歡迎充滿創意、不畏艱辛、擁抱挑戰、滿腔熱血的你，踏出第一步，加入未來巢！ 

我們相信 AI 能開啟全新的可能，致力於發展人工智慧解決方案；服務客戶跨及國內外一線公司，產業涵蓋金融、教育、汽車、電子、傳產、運輸、公衛、資訊等產業。

【工作內容】
- 參與並協助 AI 系統現場部署，包括驅動安裝，打包 image 等。
- 協助 AI 系統日常維護與支援，包括問題診斷等等，確保系統穩定運作。
- 與研發團隊合作，協助系統測試，確保系統符合需求。並協助追蹤問題解決進度。
- 依據工作需要，配合現場支援與短期出差。
- 其餘主管交辦事項。
- 能長期實習（一年以上）。

【對你的期許】
- 具備良好的溝通協作能力、問題解決能力及對細節的高度關注，能夠在團隊中有效配合完成任務。
- 對 docker 或 docker compose 或 k8s 等容器技術有些許了解。
- 對 python, shell 等腳本語言有些許了解。

【這些很加分】
- 具備基礎的計算機網絡知識（如 IP 配置）與常見操作系統（Windows/Linux）的基本操作能力，熟悉命令操作尤佳。
- 具備 AI 框架（如 TensorFlow、PyTorch）使用經驗或 Python 程式基礎。
- 有 Linux 系統管理等相關實操經驗者優先。
- 對 AI 有興趣，並有相關經驗或專案經驗。
- 有 Linux 系統有相關知識或經驗。
- 熟悉 docker, docker compose, k8s 等容器技術。
- 熟悉 python, shell 等腳本語言。

*請說明應徵原因並提供履歷PDF","{'emp': {'desc': '員工26人', 'param': '3'}}",距捷運永春站約280公尺,"{'applyAnalyze': '//www.104.com.tw/jobs/apply/analysis/8n46u?channel=104rpt&jobsource=apply_analyze', 'job': '//www.104.com.tw/job/8n46u?jobsource=n104bank2', 'cust': '//www.104.com.tw/company/1a2x6bmnzj?jobsource=n104bank2'}",,現場應用實習生 Field Application Intern,未來巢科技股份有限公司,121.576699,25.0384449,0,[],,0.28,99001005019,捷運永春站,True,intern
2,14495842,視訊串流&amp;影像辨識實習生 / Video Streaming &amp; Image Processing Intern,視訊串流&amp;影像辨識實習生 / Video Streaming &amp; Image Processing <em class='b-txt--highlight'>Intern</em>,2,2,6001001001,台北市中正區,仁愛路二段99號,"# 職責 Responsibilities
1. 資料標記整理 (Data Annotation and Organization)：協助整理與標註資料，並確保資料的準確性與完整性。
2. 識別結果驗真 (Verification of Recognition Results)：驗證識別系統所產生的結果，確保其準確性及符合標準。
3. 串流測試 (Streaming Testing)：協助進行串流測試，確保平台運作順暢，並提供反饋進行優化。
4. 攝影棚設備整理 (Studio Equipment Organization)：協助整理及維護攝影棚內的設備，保持工作環境整潔及設備完好。
5. 行政支援 (Administrative Support)：協助處理日常行政工作，包含文件整理、資料輸入及其他行政任務。
6. 主管交辦事項 (Tasks Assigned by Supervisor)：配合主管的需求，完成各類臨時或長期的工作任務。

# 上班時間 Working hours
1. 每週8-10小時，可分2-3天，具體時間安排可討論。
2. 六日及國定假日不排班。","# 職責 Responsibilities
1. 資料標記整理 (Data Annotation and Organization)：協助整理與標註資料，並確保資料的準確性與完整性。
2. 識別結果驗真 (Verification of Recognition Results)：驗證識別系統所產生的結果，確保其準確性及符合標準。
3. 串流測試 (Streaming Testing)：協助進行串流測試，確保平台運作順暢，並提供反饋進行優化。
4. 攝影棚設備整理 (Studio Equipment Organization)：協助整理及維護攝影棚內的設備，保持工作環境整潔及設備完好。
5. 行政支援 (Administrative Support)：協助處理日常行政工作，包含文件整理、資料輸入及其他行政任務。
6. 主管交辦事項 (Tasks Assigned by Supervisor)：配合主管的需求，完成各類臨時或長期的工作任務。

# 上班時間 Working hours
1. 每週8-10小時，可分2-3天，具體時間安排可討論。
2. 六日及國定假日不排班。",不拘,00,不拘,00011,3,11~30人應徵,130000000227479,奕界科技有限公司,1001001002,電腦軟體服務業,0000250,0000250,時薪250元,30,20250602,6/02,4096,0,,0,0,"# 職責 Responsibilities
1. 資料標記整理 (Data Annotation and Organization)：協助整理與標註資料，並確保資料的準確性與完整性。
2. 識別結果驗真 (Verification of Recognition Results)：驗證識別系統所產生的結果，確保其準確性及符合標準。
3. 串流測試 (Streaming Testing)：協助進行串流測試，確保平台運作順暢，並提供反饋進行優化。
4. 攝影棚設備整理 (Studio Equipment Organization)：協助整理及維護攝影棚內的設備，保持工作環境整潔及設備完好。
5. 行政支援 (Administrative Support)：協助處理日常行政工作，包含文件整理、資料輸入及其他行政任務。
6. 主管交辦事項 (Tasks Assigned by Supervisor)：配合主管的需求，完成各類臨時或長期的工作任務。

# 上班時間 Working hours
1. 每週8-10小時，可分2-3天，具體時間安排可討論。
2. 六日及國定假日不排班。","{'emp': {'desc': '員工40人', 'param': '4'}}",距捷運忠孝新生站約370公尺,"{'applyAnalyze': '//www.104.com.tw/jobs/apply/analysis/8mp2a?channel=104rpt&jobsource=apply_analyze', 'job': '//www.104.com.tw/job/8mp2a?jobsource=n104bank2', 'cust': '//www.104.com.tw/company/1a2x6bmutz?jobsource=n104bank2'}",,視訊串流&影像辨識實習生 / Video Streaming & Image Processing Intern,奕界科技有限公司,121.5323702,25.0384799,0,[],H,0.37,99001004007,捷運忠孝新生站,False,intern
2,14515703,Moxy Taichung Rooftop XOXO Bistro 餐酒館實習生 Intern,Moxy Taichung Rooftop XOXO Bistro 餐酒館實習生 <em class='b-txt--highlight'>Intern</em>,1,1,6001008008,台中市南屯區,文心南六路288號,"1.	遵照標準作業程序服務顧客。
2.	完成每日之執勤工作任務。
3.	處理顧客評語及有關餐飲與服務的要求。 
4.	維持設備、布巾數量、器皿之報修及保管使用狀態。
5.	顧客建立良好關係，將顧客滿意度及需求回饋主管。","1.	遵照標準作業程序服務顧客。
2.	完成每日之執勤工作任務。
3.	處理顧客評語及有關餐飲與服務的要求。 
4.	維持設備、布巾數量、器皿之報修及保管使用狀態。
5.	顧客建立良好關係，將顧客滿意度及需求回饋主管。",專科,00,不拘,00002,1,0~5人應徵,86517976000,新竹喜來登飯店_承恩餐旅管理顧問股份有限公司,1016001001,旅館業,0030000,0030000,"月薪30,000元",50,20250602,6/02,4096,0,,0,0,"1.	遵照標準作業程序服務顧客。
2.	完成每日之執勤工作任務。
3.	處理顧客評語及有關餐飲與服務的要求。 
4.	維持設備、布巾數量、器皿之報修及保管使用狀態。
5.	顧客建立良好關係，將顧客滿意度及需求回饋主管。","{'emp': {'desc': '員工500人', 'param': '8'}}",距捷運豐樂公園站約180公尺,"{'applyAnalyze': '//www.104.com.tw/jobs/apply/analysis/8n4dz?channel=104rpt&jobsource=apply_analyze', 'job': '//www.104.com.tw/job/8n4dz?jobsource=n104bank2', 'cust': '//www.104.com.tw/company/13qukhj4?jobsource=n104bank2'}",,Moxy Taichung Rooftop XOXO Bistro 餐酒館實習生 Intern,新竹喜來登飯店_承恩餐旅管理顧問股份有限公司,120.6470242,24.130924,0,['觀光服務學科類'],M,0.18,99003001013,捷運豐樂公園站,True,intern
2,14375058,HR Advisory - Intern-SRT-Taipei,HR Advisory - <em class='b-txt--highlight'>Intern</em>-SRT-Taipei,2,2,6001001007,台北市信義區,松仁路100號27樓,"1. 支援日常招募作業。 
2. 支援部門處理文書業務。
3. 收集相關產業市場資訊。
4. 完成其他主管交辦事項
**實習期間3個月以上**
**配合每週出勤3天(含)以上**","1. 支援日常招募作業。 
2. 支援部門處理文書業務。
3. 收集相關產業市場資訊。
4. 完成其他主管交辦事項
**實習期間3個月以上**
**配合每週出勤3天(含)以上**",大學,00,不拘,00011,3,11~30人應徵,130000000213971,DELOITTE CONSULTING_勤業眾信管理顧問股份有限公司,1008003001,工商顧問服務業,0000190,0000190,時薪190元,30,20250602,6/02,4096,0,,0,0,"1. 支援日常招募作業。 
2. 支援部門處理文書業務。
3. 收集相關產業市場資訊。
4. 完成其他主管交辦事項
**實習期間3個月以上**
**配合每週出勤3天(含)以上**","{'emp': {'desc': '員工300人', 'param': '7'}}",距捷運象山站約290公尺,"{'applyAnalyze': '//www.104.com.tw/jobs/apply/analysis/8k3v6?channel=104rpt&jobsource=apply_analyze', 'job': '//www.104.com.tw/job/8k3v6?jobsource=n104bank2', 'cust': '//www.104.com.tw/company/1a2x6bmker?jobsource=n104bank2'}",,HR Advisory - Intern-SRT-Taipei,DELOITTE CONSULTING_勤業眾信管理顧問股份有限公司,121.5678553,25.0344157,0,['商業及管理學科類'],H,0.29,99001002001,捷運象山站,False,intern
2,13721274,【Taiwan Mobile 實習計畫】Intern-MyVideo影音行銷,【Taiwan Mobile 實習計畫】<em class='b-txt--highlight'>Intern</em>-MyVideo影音行銷,1,1,6001001007,台北市信義區,,"「台灣大實習計畫」熱烈招募中，實習生不限國籍、實習時間不限寒暑假、實習期間將由專屬導師(Mentor)帶領您，讓您和業界接軌，成為引導 Web 3 新時代的科技菁英，跟著我們 Open Possible 展開您的人生新篇章。

MyVideo正在尋找一位充滿創意且對影音有熱誠與外語能力佳的實習生，共同合作國際化IP專案進行。

【實習內容】 
1. 與行銷團隊一同進行國際IP行銷專案
2. 觀察國際影音市場趨勢和國際影音競品了解，提供有價值的市場洞察，以優化行銷策略　
3. 其他主管交辦事項
","「台灣大實習計畫」熱烈招募中，實習生不限國籍、實習時間不限寒暑假、實習期間將由專屬導師(Mentor)帶領您，讓您和業界接軌，成為引導 Web 3 新時代的科技菁英，跟著我們 Open Possible 展開您的人生新篇章。

MyVideo正在尋找一位充滿創意且對影音有熱誠與外語能力佳的實習生，共同合作國際化IP專案進行。

【實習內容】 
1. 與行銷團隊一同進行國際IP行銷專案
2. 觀察國際影音市場趨勢和國際影音競品了解，提供有價值的市場洞察，以優化行銷策略　
3. 其他主管交辦事項
",不拘,00,不拘,00008,2,6~10人應徵,97176270000,台灣大哥大股份有限公司,1001002001,電信相關業,0000190,0000250,時薪190~250元,30,20250602,6/02,1314816,0,,0,0,"「台灣大實習計畫」熱烈招募中，實習生不限國籍、實習時間不限寒暑假、實習期間將由專屬導師(Mentor)帶領您，讓您和業界接軌，成為引導 Web 3 新時代的科技菁英，跟著我們 Open Possible 展開您的人生新篇章。

MyVideo正在尋找一位充滿創意且對影音有熱誠與外語能力佳的實習生，共同合作國際化IP專案進行。

【實習內容】 
1. 與行銷團隊一同進行國際IP行銷專案
2. 觀察國際影音市場趨勢和國際影音競品了解，提供有價值的市場洞察，以優化行銷策略　
3. 其他主管交辦事項
","{'zone': {'desc': '上市上櫃', 'param': 16}, 'emp': {'desc': '員工4500人', 'param': '8'}}",,"{'applyAnalyze': '//www.104.com.tw/jobs/apply/analysis/863ei?channel=104rpt&jobsource=apply_analyze', 'job': '//www.104.com.tw/job/863ei?jobsource=n104bank2', 'cust': '//www.104.com.tw/company/18n48ptc?jobsource=n104bank2'}",,【Taiwan Mobile 實習計畫】Intern-MyVideo影音行銷,台灣大哥大股份有限公司,121.5720055,25.0409201,0,[],H,,,,False,intern
2,14575070,&lt;實習計劃&gt; 空運進口部實習生 Intern(桃園華儲)(1 year contract),&lt;實習計劃&gt; 空運進口部實習生 <em class='b-txt--highlight'>Intern</em>(桃園華儲)(1 year contract),2,2,6001005012,桃園市大園區,航勤北路10-1號1樓,"*實習期間(一年制)：2025/07/01～2026/06/30
*實習每週工作天數：五天(週一至週五)

*實習工作內容：
1.處理客戶訂單、依客戶要求安排貨物進口
2.與國外e-mail確認貨物運輸相關事宜
3.協助追蹤貨況、定期查詢航班、進倉、放行
4.報表彙整與製作
5.開立帳單
6.整理提單、文件歸檔、櫃台放單
7.時間戳輸入及維護
8.主管交辦事項

*透過此實習計畫，讓您熟悉物流產業的運作模式，並提前適應職場生態，以為未來求職做準備。歡迎有興趣的同學加入全球最大的物流公司-DHL*","*實習期間(一年制)：2025/07/01～2026/06/30
*實習每週工作天數：五天(週一至週五)

*實習工作內容：
1.處理客戶訂單、依客戶要求安排貨物進口
2.與國外e-mail確認貨物運輸相關事宜
3.協助追蹤貨況、定期查詢航班、進倉、放行
4.報表彙整與製作
5.開立帳單
6.整理提單、文件歸檔、櫃台放單
7.時間戳輸入及維護
8.主管交辦事項

*透過此實習計畫，讓您熟悉物流產業的運作模式，並提前適應職場生態，以為未來求職做準備。歡迎有興趣的同學加入全球最大的物流公司-DHL*",專科,00,不拘,00008,2,6~10人應徵,22954677000,DHL_新加坡商敦豪全球貨運物流股份有限公司台灣分公司,1010002005,貨運承攬業,0030000,0030000,"月薪30,000元",50,20250602,6/02,4160,0,,0,0,"*實習期間(一年制)：2025/07/01～2026/06/30
*實習每週工作天數：五天(週一至週五)

*實習工作內容：
1.處理客戶訂單、依客戶要求安排貨物進口
2.與國外e-mail確認貨物運輸相關事宜
3.協助追蹤貨況、定期查詢航班、進倉、放行
4.報表彙整與製作
5.開立帳單
6.整理提單、文件歸檔、櫃台放單
7.時間戳輸入及維護
8.主管交辦事項

*透過此實習計畫，讓您熟悉物流產業的運作模式，並提前適應職場生態，以為未來求職做準備。歡迎有興趣的同學加入全球最大的物流公司-DHL*","{'zoneForeign': {'desc': '外商公司', 'param': 5}}",,"{'applyAnalyze': '//www.104.com.tw/jobs/apply/analysis/8oe72?channel=104rpt&jobsource=apply_analyze', 'job': '//www.104.com.tw/job/8oe72?jobsource=n104bank2', 'cust': '//www.104.com.tw/company/ajmme4o?jobsource=n104bank2'}",,<實習計劃> 空運進口部實習生 Intern(桃園華儲)(1 year contract),DHL_新加坡商敦豪全球貨運物流股份有限公司台灣分公司,121.2452189,25.0890195,0,[],M,,,,True,intern
0,13080259,行銷企劃實習生｜Marketing Intern,行銷企劃實習生｜Marketing <em class='b-txt--highlight'>Intern</em>,2,2,6001002003,新北市板橋區,大同街2號11樓,"【工作內容】
1. 支援行銷部門的活動與行政執行
2. 社群內容製作、活動規劃與執行、資料整理收集等
3. 協助整理數據資料與研究市場競品分析報告
4. 建立、推廣、經營與管理現有品牌、產品形象，並負責相關文宣資料的規劃與製作
5. FB/ IG 社群媒體經營（小編創意發文及活動規劃）
6. 協助處理行政事務及其他交辦事項

【條件要求】
1. 對行銷有滿滿的熱情, 會專案管理, 簡報/分析, 企劃能力與執行能力
2. 擁有規劃能力, 數據統計分析能力, 撰寫報告與簡報能力
3. 有良好的邏輯力, 溝通協調能力, 學習力強&amp;彈性調整精神
4. 社群媒體熱愛者, 社群敏感度高, 有FB、IG、YT等社群or影音操作, 有實習工作經驗或豐富社團經驗者
5. 正面思考, 個性樂觀開朗, 喜歡接受挑戰學習新知, 能有效利用實習時間在時間內完成工作。
6. 其他要求: 細心耐心, 會Google analytics、Facebook、Google廣告後台操作、Office、Google文件、 社群軟體(FB/IG)、基本繪圖軟體(canva)等

【加分項】
1. 美編製圖能力，具美感
2. 對Wordpress有一定程度了解
3. 有影片製作相關經驗","【工作內容】
1. 支援行銷部門的活動與行政執行
2. 社群內容製作、活動規劃與執行、資料整理收集等
3. 協助整理數據資料與研究市場競品分析報告
4. 建立、推廣、經營與管理現有品牌、產品形象，並負責相關文宣資料的規劃與製作
5. FB/ IG 社群媒體經營（小編創意發文及活動規劃）
6. 協助處理行政事務及其他交辦事項

【條件要求】
1. 對行銷有滿滿的熱情, 會專案管理, 簡報/分析, 企劃能力與執行能力
2. 擁有規劃能力, 數據統計分析能力, 撰寫報告與簡報能力
3. 有良好的邏輯力, 溝通協調能力, 學習力強&彈性調整精神
4. 社群媒體熱愛者, 社群敏感度高, 有FB、IG、YT等社群or影音操作, 有實習工作經驗或豐富社團經驗者
5. 正面思考, 個性樂觀開朗, 喜歡接受挑戰學習新知, 能有效利用實習時間在時間內完成工作。
6. 其他要求: 細心耐心, 會Google analytics、Facebook、Google廣告後台操作、Office、Google文件、 社群軟體(FB/IG)、基本繪圖軟體(canva)等

【加分項】
1. 美編製圖能力，具美感
2. 對Wordpress有一定程度了解
3. 有影片製作相關經驗",專科,00,不拘,00013,3,11~30人應徵,130000000055309,好物有限公司,1001001003,網際網路相關業,0000200,9999999,時薪200元以上,30,20250602,6/02,0,0,,0,0,"【工作內容】
1. 支援行銷部門的活動與行政執行
2. 社群內容製作、活動規劃與執行、資料整理收集等
3. 協助整理數據資料與研究市場競品分析報告
4. 建立、推廣、經營與管理現有品牌、產品形象，並負責相關文宣資料的規劃與製作
5. FB/ IG 社群媒體經營（小編創意發文及活動規劃）
6. 協助處理行政事務及其他交辦事項

【條件要求】
1. 對行銷有滿滿的熱情, 會專案管理, 簡報/分析, 企劃能力與執行能力
2. 擁有規劃能力, 數據統計分析能力, 撰寫報告與簡報能力
3. 有良好的邏輯力, 溝通協調能力, 學習力強&amp;彈性調整精神
4. 社群媒體熱愛者, 社群敏感度高, 有FB、IG、YT等社群or影音操作, 有實習工作經驗或豐富社團經驗者
5. 正面思考, 個性樂觀開朗, 喜歡接受挑戰學習新知, 能有效利用實習時間在時間內完成工作。
6. 其他要求: 細心耐心, 會Google analytics、Facebook、Google廣告後台操作、Office、Google文件、 社群軟體(FB/IG)、基本繪圖軟體(canva)等

【加分項】
1. 美編製圖能力，具美感
2. 對Wordpress有一定程度了解
3. 有影片製作相關經驗","{'emp': {'desc': '員工15人', 'param': '3'}}",,"{'applyAnalyze': '//www.104.com.tw/jobs/apply/analysis/7scsj?channel=104rpt&jobsource=apply_analyze', 'job': '//www.104.com.tw/job/7scsj?jobsource=n104bank2', 'cust': '//www.104.com.tw/company/1a2x6bj5zh?jobsource=n104bank2'}",,行銷企劃實習生｜Marketing Intern,好物有限公司,121.4767587,25.026612,0,"['市場行銷相關', '一般商業學類', '企業管理相關']",H,,,,True,intern
0,14521030,Intern - 日文 D2C Cross Border E-commerce Operating,<em class='b-txt--highlight'>Intern</em> - 日文 D2C Cross Border E-commerce Operating,2,2,6001001007,台北市信義區,信義路四段458號12樓,"你是不是對快速發展的電商營運、品牌經營、跨境商務有興趣，卻不知道如何踏出第一步？
如果你希望能實際參與日本品牌的市場拓展，並在實務中提升自己的專業技能與客戶服務能力，那你會喜歡這裡，我們有溫和的正職夥伴們陪著你一步步認識電商的世界！

【 What You&#039;ll Do 】
●  協助日本品牌客戶電商營運：
    ○  日常銷售數據的整理與初步分析，協助洞察市場動態
    ○  國際物流進度追蹤與管理，確保商品順利送達
    ○  客戶服務訊息的即時處理與問題解決
●  D2C 潛在客戶開發支援：
    ○  協助團隊進行市場資料搜集與潛在客戶的初步接觸
●  部門行政庶務支援：
    ○  協助處理部門日常行政事務，支援團隊運作。

【 Who You Are 】
●  歡迎應屆畢業生或大學四年級生
●  每週能配合至少三天以上的排班，若能配合五天者將優先評估
●  日文 N2 或以上，英文中等程度
●  做事細心、有耐心與責任感
●  對電子商務、品牌行銷或數位行銷領域有興趣

【 What You&#039;ll Gain 】
●  了解日本品牌電商實務流程的第一手經驗
●  學習如何觀察數據、管理跨境物流與客服
●  接觸 D2C 品牌拓展與營運的實務工作
●  實習結束後具備初階營運助理即戰力
●  半年後適任者評估轉正機會

✦ 我們要找是能一起前進、一起學習的夥伴 ✦
如果你看完對我們有興趣，歡迎你點選『主動應徵 』參與書審階段，
我們很樂意帶著開放的心態與你聊聊！","你是不是對快速發展的電商營運、品牌經營、跨境商務有興趣，卻不知道如何踏出第一步？
如果你希望能實際參與日本品牌的市場拓展，並在實務中提升自己的專業技能與客戶服務能力，那你會喜歡這裡，我們有溫和的正職夥伴們陪著你一步步認識電商的世界！

【 What You'll Do 】
●  協助日本品牌客戶電商營運：
    ○  日常銷售數據的整理與初步分析，協助洞察市場動態
    ○  國際物流進度追蹤與管理，確保商品順利送達
    ○  客戶服務訊息的即時處理與問題解決
●  D2C 潛在客戶開發支援：
    ○  協助團隊進行市場資料搜集與潛在客戶的初步接觸
●  部門行政庶務支援：
    ○  協助處理部門日常行政事務，支援團隊運作。

【 Who You Are 】
●  歡迎應屆畢業生或大學四年級生
●  每週能配合至少三天以上的排班，若能配合五天者將優先評估
●  日文 N2 或以上，英文中等程度
●  做事細心、有耐心與責任感
●  對電子商務、品牌行銷或數位行銷領域有興趣

【 What You'll Gain 】
●  了解日本品牌電商實務流程的第一手經驗
●  學習如何觀察數據、管理跨境物流與客服
●  接觸 D2C 品牌拓展與營運的實務工作
●  實習結束後具備初階營運助理即戰力
●  半年後適任者評估轉正機會

✦ 我們要找是能一起前進、一起學習的夥伴 ✦
如果你看完對我們有興趣，歡迎你點選『主動應徵 』參與書審階段，
我們很樂意帶著開放的心態與你聊聊！",高中,00,不拘,00001,1,0~5人應徵,130000000086000,AnyMind Group_新加坡商艾雅思股份有限公司台灣分公司,1006003001,廣告行銷公關業,0000190,0000190,時薪190元,30,20250602,6/02,64,0,,0,0,"你是不是對快速發展的電商營運、品牌經營、跨境商務有興趣，卻不知道如何踏出第一步？
如果你希望能實際參與日本品牌的市場拓展，並在實務中提升自己的專業技能與客戶服務能力，那你會喜歡這裡，我們有溫和的正職夥伴們陪著你一步步認識電商的世界！

【 What You&#039;ll Do 】
●  協助日本品牌客戶電商營運：
    ○  日常銷售數據的整理與初步分析，協助洞察市場動態
    ○  國際物流進度追蹤與管理，確保商品順利送達
    ○  客戶服務訊息的即時處理與問題解決
●  D2C 潛在客戶開發支援：
    ○  協助團隊進行市場資料搜集與潛在客戶的初步接觸
●  部門行政庶務支援：
    ○  協助處理部門日常行政事務，支援團隊運作。

【 Who You Are 】
●  歡迎應屆畢業生或大學四年級生
●  每週能配合至少三天以上的排班，若能配合五天者將優先評估
●  日文 N2 或以上，英文中等程度
●  做事細心、有耐心與責任感
●  對電子商務、品牌行銷或數位行銷領域有興趣

【 What You&#039;ll Gain 】
●  了解日本品牌電商實務流程的第一手經驗
●  學習如何觀察數據、管理跨境物流與客服
●  接觸 D2C 品牌拓展與營運的實務工作
●  實習結束後具備初階營運助理即戰力
●  半年後適任者評估轉正機會

✦ 我們要找是能一起前進、一起學習的夥伴 ✦
如果你看完對我們有興趣，歡迎你點選『主動應徵 』參與書審階段，
我們很樂意帶著開放的心態與你聊聊！","{'zoneForeign': {'desc': '外商公司', 'param': 5}, 'emp': {'desc': '員工1000人', 'param': '8'}}",距捷運台北101/世貿站約450公尺,"{'applyAnalyze': '//www.104.com.tw/jobs/apply/analysis/8n8hy?channel=104rpt&jobsource=apply_analyze', 'job': '//www.104.com.tw/job/8n8hy?jobsource=n104bank2', 'cust': '//www.104.com.tw/company/1a2x6bjto0?jobsource=n104bank2'}",,Intern - 日文 D2C Cross Border E-commerce Operating,AnyMind Group_新加坡商艾雅思股份有限公司台灣分公司,121.5582788,25.0327863,0,[],H,0.45,99001002002,捷運台北101/世貿站,False,intern
2,14343459,"資料標記實習生 AI Data Tagging Intern, Software Shared Services","資料標記實習生 AI Data Tagging <em class='b-txt--highlight'>Intern</em>, Software Shared Services",2,2,6001002015,新北市中和區,連城路192號9樓(235),"1. Data tagging and parsing web/PDF/word data.
2. Collaborate closely with AI engineers, backend engineers, UIUX designers, and PMs.
3. Collect and organize information from the internet for presentation to the team.


","1. Data tagging and parsing web/PDF/word data.
2. Collaborate closely with AI engineers, backend engineers, UIUX designers, and PMs.
3. Collect and organize information from the internet for presentation to the team.


",大學,00,不拘,00009,2,6~10人應徵,23553019000,ViewSonic Corporation_優派國際股份有限公司,1001001001,電腦系統整合服務業,0000190,0000190,時薪190元,30,20250602,6/02,4104,0,,0,0,"1. Data tagging and parsing web/PDF/word data.
2. Collaborate closely with AI engineers, backend engineers, UIUX designers, and PMs.
3. Collect and organize information from the internet for presentation to the team.


","{'zoneForeign': {'desc': '外商公司', 'param': 5}, 'emp': {'desc': '員工1400人', 'param': '8'}}",,"{'applyAnalyze': '//www.104.com.tw/jobs/apply/analysis/8jfhf?channel=104rpt&jobsource=apply_analyze', 'job': '//www.104.com.tw/job/8jfhf?jobsource=n104bank2', 'cust': '//www.104.com.tw/company/atiuxrs?jobsource=n104bank2'}",,"資料標記實習生 AI Data Tagging Intern, Software Shared Services",ViewSonic Corporation_優派國際股份有限公司,121.4923151,24.9969031,0,[],H,,,,False,intern
0,14465466,US Tax Associate (Intern),US Tax Associate (<em class='b-txt--highlight'>Intern</em>),1,1,6001001003,台北市中山區,南京東路二段98號7樓之1," individuals. 

Position Description :
The Tax Associate (Part-time / [[[Intern]]]) is primarily responsible for preparing complex"," individuals. 

Position Description :
The Tax Associate (Part-time / Intern) is primarily responsible for preparing complex",大學,00,不拘,00009,2,6~10人應徵,25143461000,兆益管理顧問有限公司,1008003001,工商顧問服務業,0000190,0000200,時薪190~200元,30,20250602,6/02,0,0,,0,0," individuals. 

Position Description :
The Tax Associate (Part-time / <em class='b-txt--highlight'>Intern</em>) is primarily responsible for preparing complex","{'emp': {'desc': '員工80人', 'param': '5'}}",距捷運松江南京站約140公尺,"{'applyAnalyze': '//www.104.com.tw/jobs/apply/analysis/8m1mi?channel=104rpt&jobsource=apply_analyze', 'job': '//www.104.com.tw/job/8m1mi?jobsource=n104bank2', 'cust': '//www.104.com.tw/company/bjtrmo8?jobsource=n104bank2'}",,US Tax Associate (Intern),兆益管理顧問有限公司,121.5316562,25.0517523,0,"['會計學相關', '財稅金融相關', '一般商業學類']",H,0.14,99001003016,捷運松江南京站,True,intern
2,14357539,【實習生專區Intern】2025年實習生 (半年期/一年期),【實習生專區<em class='b-txt--highlight'>Intern</em>】2025年實習生 (半年期/一年期),1,1,6001001011,台北市南港區,經貿二路186-1號 (南港中信金融園區C棟),"【您面試。我送禮!】
只要您對我們的職缺有興趣，歡迎您來門市聊聊
我們將特地送上一份健康活力餐點讓您有體力來加入我們!

【內場工作站】
透過主管分配，學習餐飲訓練及管理相關知識 
1.準備區 – 製備蔬果與烘烤類品項 
2.沙拉區 – 製備蔬果類以及沙拉類之點餐 
3.熱區 – 製備義大利麵類, 早午餐與主餐類等品項 
4.煎台 – 製備帕里尼, 漢堡, 早午餐與主餐類品項

【外場工作站】
透過主管分配，學習餐飲訓練及管理相關知識 
1.Cashier – 點餐與收銀
2.Barista – 咖啡與飲料製作
3.Server – 迎接顧客與介紹菜單, 上菜與收桌 
4.Host – 迎接顧客, 接訂位與安排座位

【工作地點】
1. 內湖店 :  內湖雄獅總部
2. 仁愛店 :  捷運忠孝敦化站6號
3. 南港店 :  捷運南港展覽館站1號
4. 京站店 :  京站時尚廣場 ; 星巴克對面
5. 竹北店 :  享平方Shown Square商場1樓
6. 華泰店 :  華泰名品城，桃園高鐵站1分鐘路程
7. GE忠孝店 :  sogo忠孝館
8. GP松菸電 : 松菸文創園區 ; 生態池畔旁
9.光一咖啡 松菸店：捷運國父紀念館5號
10.光一咖啡 新生店：捷運公館3號
","【您面試。我送禮!】
只要您對我們的職缺有興趣，歡迎您來門市聊聊
我們將特地送上一份健康活力餐點讓您有體力來加入我們!

【內場工作站】
透過主管分配，學習餐飲訓練及管理相關知識 
1.準備區 – 製備蔬果與烘烤類品項 
2.沙拉區 – 製備蔬果類以及沙拉類之點餐 
3.熱區 – 製備義大利麵類, 早午餐與主餐類等品項 
4.煎台 – 製備帕里尼, 漢堡, 早午餐與主餐類品項

【外場工作站】
透過主管分配，學習餐飲訓練及管理相關知識 
1.Cashier – 點餐與收銀
2.Barista – 咖啡與飲料製作
3.Server – 迎接顧客與介紹菜單, 上菜與收桌 
4.Host – 迎接顧客, 接訂位與安排座位

【工作地點】
1. 內湖店 :  內湖雄獅總部
2. 仁愛店 :  捷運忠孝敦化站6號
3. 南港店 :  捷運南港展覽館站1號
4. 京站店 :  京站時尚廣場 ; 星巴克對面
5. 竹北店 :  享平方Shown Square商場1樓
6. 華泰店 :  華泰名品城，桃園高鐵站1分鐘路程
7. GE忠孝店 :  sogo忠孝館
8. GP松菸電 : 松菸文創園區 ; 生態池畔旁
9.光一咖啡 松菸店：捷運國父紀念館5號
10.光一咖啡 新生店：捷運公館3號
",不拘,02,1年,0,1,0~5人應徵,130000000113992,GONNA共樂遊_共樂遊有限公司,1016002001,餐館業,0034000,0040000,"月薪34,000~40,000元",50,20250602,6/02,4096,0,,0,0,"【您面試。我送禮!】
只要您對我們的職缺有興趣，歡迎您來門市聊聊
我們將特地送上一份健康活力餐點讓您有體力來加入我們!

【內場工作站】
透過主管分配，學習餐飲訓練及管理相關知識 
1.準備區 – 製備蔬果與烘烤類品項 
2.沙拉區 – 製備蔬果類以及沙拉類之點餐 
3.熱區 – 製備義大利麵類, 早午餐與主餐類等品項 
4.煎台 – 製備帕里尼, 漢堡, 早午餐與主餐類品項

【外場工作站】
透過主管分配，學習餐飲訓練及管理相關知識 
1.Cashier – 點餐與收銀
2.Barista – 咖啡與飲料製作
3.Server – 迎接顧客與介紹菜單, 上菜與收桌 
4.Host – 迎接顧客, 接訂位與安排座位

【工作地點】
1. 內湖店 :  內湖雄獅總部
2. 仁愛店 :  捷運忠孝敦化站6號
3. 南港店 :  捷運南港展覽館站1號
4. 京站店 :  京站時尚廣場 ; 星巴克對面
5. 竹北店 :  享平方Shown Square商場1樓
6. 華泰店 :  華泰名品城，桃園高鐵站1分鐘路程
7. GE忠孝店 :  sogo忠孝館
8. GP松菸電 : 松菸文創園區 ; 生態池畔旁
9.光一咖啡 松菸店：捷運國父紀念館5號
10.光一咖啡 新生店：捷運公館3號
","{'emp': {'desc': '員工150人', 'param': '6'}}",距捷運南港軟體園區站約200公尺,"{'applyAnalyze': '//www.104.com.tw/jobs/apply/analysis/8jqcj?channel=104rpt&jobsource=apply_analyze', 'job': '//www.104.com.tw/job/8jqcj?jobsource=n104bank2', 'cust': '//www.104.com.tw/company/1a2x6bkf9k?jobsource=n104bank2'}",,【實習生專區Intern】2025年實習生 (半年期/一年期),GONNA共樂遊_共樂遊有限公司,121.6147947,25.0585798,0,[],M,0.2,99001001023,捷運南港軟體園區站,False,intern
0,14278198,產品測試實習生 （QA Intern）,產品測試實習生 （QA <em class='b-txt--highlight'>Intern</em>）,2,2,6001001004,台北市松山區,南京東路四段2號 （Taiwan Tech Arena),"你對科技產品充滿好奇嗎？想要了解軟體與硬體產品的測試流程嗎？來加入 Kabob，我們正在尋找熱愛挑戰的 QA 實習生！

在這裡，你將有機會同時接觸軟體與硬體兩個領域的測試工作。我們的產品涵蓋數位看板系統、背景音樂管理、叫號系統等各類商業應用，讓你不僅能學習如何執行測試計劃，還能深入了解這些產品在不同場景下的實際應用與優化過程。



[工作內容]
1. 協助執行軟體及硬體產品的測試計劃，確保產品的功能與效能符合需求

2. ﻿進行軟體測試（包含功能測試、回歸測試等），針對軟體 Bug 提供詳細描述與重現步驟﻿﻿﻿

3. ﻿協助測試報告的撰寫，並參與跨部門溝通與測試結果的討論與改進

4. 協助日常產品上市、用戶使用、問題排除、出貨測試及整理的相關工作

[文件撰寫]
1. 測試計劃書建立。

2. 測試工具使用SOP。

3. 產品/技術知識庫建立。

[測試執行]
1. 產品測試目的：問題錯誤以及測試報告產出。

2. 確認問題修正和關連功能檢查。

3. 客戶回報問題處理以及重視問題尋找關鍵步驟。

4. 根據測試結果，協助項目負責人問題解決和產品優化。


[優勢]﻿
1. ﻿實際參與軟硬體測試專案的機會，快速提升測試技能

2. ﻿與跨部門團隊密切合作的經驗，了解產品從開發到上線的完整過程

3. ﻿彈性工作時間，並提供完善的學習與成長機會

4. ﻿表現優異者有機會轉為正職或推薦進入相關領域工作﻿﻿

-----------------------------------------------------------------

KABOB CREATIVE 串串創意公司成立於 2016年，
我們針對連鎖零售餐飲品牌服務，打造系列管理賦能工具，
讓連鎖餐飲、零售品牌的運營更簡單有效，為新零售賦能。

至今提供許多知名連鎖品牌賦能實體門市，快速升級導入新零售。
已服務超過 200+ 品牌，平台連接裝置超過 30,000+
原廠直接服務區域：大陸（上海）＼日本（東京）＼台灣（台北）＼新加坡 ＼美國 ＼ 加拿大。

KABOB RETAIL CLOUD 串串新零售賦能雲
主要新零售運營管理服務：

- Lookr 雲數位看板（Digital Signage）
- Voicer 雲音訊廣播（Broadcast）
- Teachor 雲培訓手冊（Saff Training）
- AIoT 電腦視覺產品（Cyber Vision）

除上述主要產品外，也提供連鎖品牌經營者高效管理工具，
涉及多屏幕互動＼雲端應用＼視覺辨識應用","你對科技產品充滿好奇嗎？想要了解軟體與硬體產品的測試流程嗎？來加入 Kabob，我們正在尋找熱愛挑戰的 QA 實習生！

在這裡，你將有機會同時接觸軟體與硬體兩個領域的測試工作。我們的產品涵蓋數位看板系統、背景音樂管理、叫號系統等各類商業應用，讓你不僅能學習如何執行測試計劃，還能深入了解這些產品在不同場景下的實際應用與優化過程。



[工作內容]
1. 協助執行軟體及硬體產品的測試計劃，確保產品的功能與效能符合需求

2. ﻿進行軟體測試（包含功能測試、回歸測試等），針對軟體 Bug 提供詳細描述與重現步驟﻿﻿﻿

3. ﻿協助測試報告的撰寫，並參與跨部門溝通與測試結果的討論與改進

4. 協助日常產品上市、用戶使用、問題排除、出貨測試及整理的相關工作

[文件撰寫]
1. 測試計劃書建立。

2. 測試工具使用SOP。

3. 產品/技術知識庫建立。

[測試執行]
1. 產品測試目的：問題錯誤以及測試報告產出。

2. 確認問題修正和關連功能檢查。

3. 客戶回報問題處理以及重視問題尋找關鍵步驟。

4. 根據測試結果，協助項目負責人問題解決和產品優化。


[優勢]﻿
1. ﻿實際參與軟硬體測試專案的機會，快速提升測試技能

2. ﻿與跨部門團隊密切合作的經驗，了解產品從開發到上線的完整過程

3. ﻿彈性工作時間，並提供完善的學習與成長機會

4. ﻿表現優異者有機會轉為正職或推薦進入相關領域工作﻿﻿

-----------------------------------------------------------------

KABOB CREATIVE 串串創意公司成立於 2016年，
我們針對連鎖零售餐飲品牌服務，打造系列管理賦能工具，
讓連鎖餐飲、零售品牌的運營更簡單有效，為新零售賦能。

至今提供許多知名連鎖品牌賦能實體門市，快速升級導入新零售。
已服務超過 200+ 品牌，平台連接裝置超過 30,000+
原廠直接服務區域：大陸（上海）＼日本（東京）＼台灣（台北）＼新加坡 ＼美國 ＼ 加拿大。

KABOB RETAIL CLOUD 串串新零售賦能雲
主要新零售運營管理服務：

- Lookr 雲數位看板（Digital Signage）
- Voicer 雲音訊廣播（Broadcast）
- Teachor 雲培訓手冊（Saff Training）
- AIoT 電腦視覺產品（Cyber Vision）

除上述主要產品外，也提供連鎖品牌經營者高效管理工具，
涉及多屏幕互動＼雲端應用＼視覺辨識應用",專科,00,不拘,00007,2,6~10人應徵,130000000141015,香港商串串創意有限公司台灣分公司,1001001003,網際網路相關業,0000200,9999999,時薪200元以上,30,20250602,6/02,0,0,,0,0,"你對科技產品充滿好奇嗎？想要了解軟體與硬體產品的測試流程嗎？來加入 Kabob，我們正在尋找熱愛挑戰的 QA 實習生！

在這裡，你將有機會同時接觸軟體與硬體兩個領域的測試工作。我們的產品涵蓋數位看板系統、背景音樂管理、叫號系統等各類商業應用，讓你不僅能學習如何執行測試計劃，還能深入了解這些產品在不同場景下的實際應用與優化過程。



[工作內容]
1. 協助執行軟體及硬體產品的測試計劃，確保產品的功能與效能符合需求

2. ﻿進行軟體測試（包含功能測試、回歸測試等），針對軟體 Bug 提供詳細描述與重現步驟﻿﻿﻿

3. ﻿協助測試報告的撰寫，並參與跨部門溝通與測試結果的討論與改進

4. 協助日常產品上市、用戶使用、問題排除、出貨測試及整理的相關工作

[文件撰寫]
1. 測試計劃書建立。

2. 測試工具使用SOP。

3. 產品/技術知識庫建立。

[測試執行]
1. 產品測試目的：問題錯誤以及測試報告產出。

2. 確認問題修正和關連功能檢查。

3. 客戶回報問題處理以及重視問題尋找關鍵步驟。

4. 根據測試結果，協助項目負責人問題解決和產品優化。


[優勢]﻿
1. ﻿實際參與軟硬體測試專案的機會，快速提升測試技能

2. ﻿與跨部門團隊密切合作的經驗，了解產品從開發到上線的完整過程

3. ﻿彈性工作時間，並提供完善的學習與成長機會

4. ﻿表現優異者有機會轉為正職或推薦進入相關領域工作﻿﻿

-----------------------------------------------------------------

KABOB CREATIVE 串串創意公司成立於 2016年，
我們針對連鎖零售餐飲品牌服務，打造系列管理賦能工具，
讓連鎖餐飲、零售品牌的運營更簡單有效，為新零售賦能。

至今提供許多知名連鎖品牌賦能實體門市，快速升級導入新零售。
已服務超過 200+ 品牌，平台連接裝置超過 30,000+
原廠直接服務區域：大陸（上海）＼日本（東京）＼台灣（台北）＼新加坡 ＼美國 ＼ 加拿大。

KABOB RETAIL CLOUD 串串新零售賦能雲
主要新零售運營管理服務：

- Lookr 雲數位看板（Digital Signage）
- Voicer 雲音訊廣播（Broadcast）
- Teachor 雲培訓手冊（Saff Training）
- AIoT 電腦視覺產品（Cyber Vision）

除上述主要產品外，也提供連鎖品牌經營者高效管理工具，
涉及多屏幕互動＼雲端應用＼視覺辨識應用","{'emp': {'desc': '員工35人', 'param': '4'}}",距捷運台北小巨蛋站約210公尺,"{'applyAnalyze': '//www.104.com.tw/jobs/apply/analysis/8i14m?channel=104rpt&jobsource=apply_analyze', 'job': '//www.104.com.tw/job/8i14m?jobsource=n104bank2', 'cust': '//www.104.com.tw/company/1a2x6bl047?jobsource=n104bank2'}",,產品測試實習生 （QA Intern）,香港商串串創意有限公司台灣分公司,121.5500235,25.0507926,0,[],H,0.21,99001003018,捷運台北小巨蛋站,False,intern
2,14495636,【2025 Summer Intern】Algorithm Engineer,【2025 Summer <em class='b-txt--highlight'>Intern</em>】Algorithm Engineer,1,1,6001006001,新竹市,創新一路13號,"2025 Novatek Summer Internship Program

Program Features: Challenging tasks, employment opportunities, guidance from mentors, social events, Accommodation allowance
Location: Hsinchu
Internship Period: 2025/7~8 Weekday (Mon.~Fri.)

Job Description：
 1. To conduct research and development on video encoding algorithms. 
     The main focus will be: 
     1) coding tool improvement.
     2) rate control and picture quality enhancement.
 2. Familiar with AI platform process.
 3. Transformer model optimization research process.

Requirements：
 1. Familiar with or interested in video coding technologies or standards such as   H264/H265 etc.
 2. Familiar with NN development frameworks: Pytorch or TensorFlow or ONNX and interested in developing the Edge AI embedded platform.
 3. Familiar with Computer Vision related knowledge and experience in AI Project implementation.

Qualifications：
1.Pre-graduate students(Currently undergraduates 4th year) or Master’s or Ph.D. students in Electrical Engineering, Computer Science or related field 
2.Interested candidates should first get the permission from their professors to attend internship program
3.Please also provide the following documents:
   Resume/CV 
   Educational transcripts/research or thesis topics


","2025 Novatek Summer Internship Program

Program Features: Challenging tasks, employment opportunities, guidance from mentors, social events, Accommodation allowance
Location: Hsinchu
Internship Period: 2025/7~8 Weekday (Mon.~Fri.)

Job Description：
 1. To conduct research and development on video encoding algorithms. 
     The main focus will be: 
     1) coding tool improvement.
     2) rate control and picture quality enhancement.
 2. Familiar with AI platform process.
 3. Transformer model optimization research process.

Requirements：
 1. Familiar with or interested in video coding technologies or standards such as   H264/H265 etc.
 2. Familiar with NN development frameworks: Pytorch or TensorFlow or ONNX and interested in developing the Edge AI embedded platform.
 3. Familiar with Computer Vision related knowledge and experience in AI Project implementation.

Qualifications：
1.Pre-graduate students(Currently undergraduates 4th year) or Master’s or Ph.D. students in Electrical Engineering, Computer Science or related field 
2.Interested candidates should first get the permission from their professors to attend internship program
3.Please also provide the following documents:
   Resume/CV 
   Educational transcripts/research or thesis topics


",碩士,00,不拘,00012,3,11~30人應徵,84149955000,聯詠科技股份有限公司,1001006002,半導體製造業,0036000,0045000,"月薪36,000~45,000元",50,20250602,6/02,34902144,0,,0,0,"2025 Novatek Summer Internship Program

Program Features: Challenging tasks, employment opportunities, guidance from mentors, social events, Accommodation allowance
Location: Hsinchu
Internship Period: 2025/7~8 Weekday (Mon.~Fri.)

Job Description：
 1. To conduct research and development on video encoding algorithms. 
     The main focus will be: 
     1) coding tool improvement.
     2) rate control and picture quality enhancement.
 2. Familiar with AI platform process.
 3. Transformer model optimization research process.

Requirements：
 1. Familiar with or interested in video coding technologies or standards such as   H264/H265 etc.
 2. Familiar with NN development frameworks: Pytorch or TensorFlow or ONNX and interested in developing the Edge AI embedded platform.
 3. Familiar with Computer Vision related knowledge and experience in AI Project implementation.

Qualifications：
1.Pre-graduate students(Currently undergraduates 4th year) or Master’s or Ph.D. students in Electrical Engineering, Computer Science or related field 
2.Interested candidates should first get the permission from their professors to attend internship program
3.Please also provide the following documents:
   Resume/CV 
   Educational transcripts/research or thesis topics


","{'zone': {'desc': '上市上櫃', 'param': 16}, 'emp': {'desc': '員工2700人', 'param': '8'}}",,"{'applyAnalyze': '//www.104.com.tw/jobs/apply/analysis/8mowk?channel=104rpt&jobsource=apply_analyze', 'job': '//www.104.com.tw/job/8mowk?jobsource=n104bank2', 'cust': '//www.104.com.tw/company/12nopku0?jobsource=n104bank2'}",,【2025 Summer Intern】Algorithm Engineer,聯詠科技股份有限公司,120.9972844,24.77592,0,"['電機電子工程相關', '資訊工程相關']",M,,,,False,intern
0,14258031,AI 導入實習生 AI Application Intern,AI 導入實習生 AI Application <em class='b-txt--highlight'>Intern</em>,2,2,6001001007,台北市信義區,松德路65號8樓之2,"【關於未來巢】
Futurenest 未來巢是由一群對新科技充滿熱情的愛好者在社群中發起的團隊。未來「巢」，我們希望打造未來人才的孵化地，相信培育下一代不受限的人才會是公司最大的資產。在未來巢，我們聆聽每位夥伴的聲音，這裡沒有束縛，只有各種挑戰等著你去突破，歡迎充滿創意、不畏艱辛、擁抱挑戰、滿腔熱血的你，踏出第一步，加入未來巢！ 

我們相信 AI 能開啟全新的可能，致力於發展人工智慧解決方案；服務客戶跨及國內外一線公司，產業涵蓋金融、教育、汽車、電子、傳產、運輸、公衛、資訊等產業。

【工作內容】
- 了解產品與業務，熟悉相關技術知識與作業流程。
- 協助提供專業產品導入，給予使用 AI 及基礎生成式 AI 知識的指導。
- 協助開發不同產業的 AI 應用情境並展示，促進導入順利進行。
- 編寫與紀錄技術文件、產品數據等相關文件。

[↓歡迎你挑戰↓我們會給予全力支持與訓練幫助]
- 清楚說明 AI 如何解決業務問題，幫助客戶看到產品價值。
- 察覺客戶潛在業務挑戰，針對客戶需求提出 AI 解決方案。
- 能有效釐清客戶需求並與產品團隊合作，確認客戶需求開發規格內容。

【對你的期許】
- 生成式 AI 重度使用者。
- 具備優秀的學習能力能夠應付快速變化的 AI 科技。
- 負責任、具團隊合作精神，能與團隊有效溝通並具獨立作業及抗壓能力。
- 對於交付的工作內容能夠做好時間控管。

【這些很加分】
- 具生成式 AI、科技和電子產業有基本的認識和興趣。
- 邏輯觀念強、口語及文字表達能力佳。
- 有相關 AI side project（不限應用層）。
- 具 LLM、RAG 相關知識。
- 具 Prompt Engineering 相關經驗與能力。
- 具備金融、醫療、財務任一領域知識。
- 1 年以上相關工作經驗（含實習）。

*請說明應徵原因並提供履歷PDF","【關於未來巢】
Futurenest 未來巢是由一群對新科技充滿熱情的愛好者在社群中發起的團隊。未來「巢」，我們希望打造未來人才的孵化地，相信培育下一代不受限的人才會是公司最大的資產。在未來巢，我們聆聽每位夥伴的聲音，這裡沒有束縛，只有各種挑戰等著你去突破，歡迎充滿創意、不畏艱辛、擁抱挑戰、滿腔熱血的你，踏出第一步，加入未來巢！ 

我們相信 AI 能開啟全新的可能，致力於發展人工智慧解決方案；服務客戶跨及國內外一線公司，產業涵蓋金融、教育、汽車、電子、傳產、運輸、公衛、資訊等產業。

【工作內容】
- 了解產品與業務，熟悉相關技術知識與作業流程。
- 協助提供專業產品導入，給予使用 AI 及基礎生成式 AI 知識的指導。
- 協助開發不同產業的 AI 應用情境並展示，促進導入順利進行。
- 編寫與紀錄技術文件、產品數據等相關文件。

[↓歡迎你挑戰↓我們會給予全力支持與訓練幫助]
- 清楚說明 AI 如何解決業務問題，幫助客戶看到產品價值。
- 察覺客戶潛在業務挑戰，針對客戶需求提出 AI 解決方案。
- 能有效釐清客戶需求並與產品團隊合作，確認客戶需求開發規格內容。

【對你的期許】
- 生成式 AI 重度使用者。
- 具備優秀的學習能力能夠應付快速變化的 AI 科技。
- 負責任、具團隊合作精神，能與團隊有效溝通並具獨立作業及抗壓能力。
- 對於交付的工作內容能夠做好時間控管。

【這些很加分】
- 具生成式 AI、科技和電子產業有基本的認識和興趣。
- 邏輯觀念強、口語及文字表達能力佳。
- 有相關 AI side project（不限應用層）。
- 具 LLM、RAG 相關知識。
- 具 Prompt Engineering 相關經驗與能力。
- 具備金融、醫療、財務任一領域知識。
- 1 年以上相關工作經驗（含實習）。

*請說明應徵原因並提供履歷PDF",大學,00,不拘,00014,3,11~30人應徵,130000000218607,未來巢科技股份有限公司,1001001002,電腦軟體服務業,0000000,0000000,待遇面議,10,20250602,6/02,0,0,,0,0,"【關於未來巢】
Futurenest 未來巢是由一群對新科技充滿熱情的愛好者在社群中發起的團隊。未來「巢」，我們希望打造未來人才的孵化地，相信培育下一代不受限的人才會是公司最大的資產。在未來巢，我們聆聽每位夥伴的聲音，這裡沒有束縛，只有各種挑戰等著你去突破，歡迎充滿創意、不畏艱辛、擁抱挑戰、滿腔熱血的你，踏出第一步，加入未來巢！ 

我們相信 AI 能開啟全新的可能，致力於發展人工智慧解決方案；服務客戶跨及國內外一線公司，產業涵蓋金融、教育、汽車、電子、傳產、運輸、公衛、資訊等產業。

【工作內容】
- 了解產品與業務，熟悉相關技術知識與作業流程。
- 協助提供專業產品導入，給予使用 AI 及基礎生成式 AI 知識的指導。
- 協助開發不同產業的 AI 應用情境並展示，促進導入順利進行。
- 編寫與紀錄技術文件、產品數據等相關文件。

[↓歡迎你挑戰↓我們會給予全力支持與訓練幫助]
- 清楚說明 AI 如何解決業務問題，幫助客戶看到產品價值。
- 察覺客戶潛在業務挑戰，針對客戶需求提出 AI 解決方案。
- 能有效釐清客戶需求並與產品團隊合作，確認客戶需求開發規格內容。

【對你的期許】
- 生成式 AI 重度使用者。
- 具備優秀的學習能力能夠應付快速變化的 AI 科技。
- 負責任、具團隊合作精神，能與團隊有效溝通並具獨立作業及抗壓能力。
- 對於交付的工作內容能夠做好時間控管。

【這些很加分】
- 具生成式 AI、科技和電子產業有基本的認識和興趣。
- 邏輯觀念強、口語及文字表達能力佳。
- 有相關 AI side project（不限應用層）。
- 具 LLM、RAG 相關知識。
- 具 Prompt Engineering 相關經驗與能力。
- 具備金融、醫療、財務任一領域知識。
- 1 年以上相關工作經驗（含實習）。

*請說明應徵原因並提供履歷PDF","{'emp': {'desc': '員工26人', 'param': '3'}}",距捷運永春站約280公尺,"{'applyAnalyze': '//www.104.com.tw/jobs/apply/analysis/8hlkf?channel=104rpt&jobsource=apply_analyze', 'job': '//www.104.com.tw/job/8hlkf?jobsource=n104bank2', 'cust': '//www.104.com.tw/company/1a2x6bmnzj?jobsource=n104bank2'}",,AI 導入實習生 AI Application Intern,未來巢科技股份有限公司,121.576699,25.0384449,0,[],,0.28,99001005019,捷運永春站,True,intern
0,13619324,前端實習生 Frontend Intern,前端實習生 Frontend <em class='b-txt--highlight'>Intern</em>,2,2,6001001007,台北市信義區,松德路65號8樓之2,"【關於未來巢】
Futurenest 未來巢是由一群對新科技充滿熱情的愛好者在社群中發起的團隊。未來「巢」，我們希望打造未來人才的孵化地，相信培育下一代不受限的人才會是公司最大的資產。在未來巢，我們聆聽每位夥伴的聲音，這裡沒有束縛，只有各種挑戰等著你去突破，歡迎充滿創意、不畏艱辛、擁抱挑戰、滿腔熱血的你，踏出第一步，加入未來巢！ 

我們相信 AI 能開啟全新的可能，致力於發展人工智慧解決方案；服務客戶跨及國內外一線公司，產業涵蓋金融、教育、汽車、電子、傳產、運輸、公衛、資訊等產業。

【RD 團隊】
我們專注於軟體開發和 CI/CD 流程，致力於提供高效、穩定的技術解決方案。我們擁有豐富的專業技能，持續提升產品品質。如果你對產品有熱忱、對 AI 有興趣，歡迎你加入我們一起努力！

【工作內容】
- 根據設計稿進行網頁開發及測試
- 負責網頁前端 API 串接
- 與後端工程師合作，完成系統開發
- 其餘主管交辦事項

【必備條件】
- 樂於學習，對前端技術有熱情
- 負責任
- 具備良好溝通能力
- 對於交付的工作內容能夠做好時間控管

【加分條件】
- 對後端開發有興趣
- 熟悉 HTML、CSS、Javascript/Typescript
- 熟悉 React.js、Vue 等任一前端框架
- 有 Component library 使用經驗
- 有 Git 使用經驗
- 有寫過前端的 side project

【這些會大加分】
- 對 UI/UX 有興趣
- 熟悉 shadcn/ui、TailwindCSS、React Redux、Next.js
- 對 django 及相關後端框架（django-ninja, celery, etc.）有些許了解
- 能長期實習（12個月以上）","【關於未來巢】
Futurenest 未來巢是由一群對新科技充滿熱情的愛好者在社群中發起的團隊。未來「巢」，我們希望打造未來人才的孵化地，相信培育下一代不受限的人才會是公司最大的資產。在未來巢，我們聆聽每位夥伴的聲音，這裡沒有束縛，只有各種挑戰等著你去突破，歡迎充滿創意、不畏艱辛、擁抱挑戰、滿腔熱血的你，踏出第一步，加入未來巢！ 

我們相信 AI 能開啟全新的可能，致力於發展人工智慧解決方案；服務客戶跨及國內外一線公司，產業涵蓋金融、教育、汽車、電子、傳產、運輸、公衛、資訊等產業。

【RD 團隊】
我們專注於軟體開發和 CI/CD 流程，致力於提供高效、穩定的技術解決方案。我們擁有豐富的專業技能，持續提升產品品質。如果你對產品有熱忱、對 AI 有興趣，歡迎你加入我們一起努力！

【工作內容】
- 根據設計稿進行網頁開發及測試
- 負責網頁前端 API 串接
- 與後端工程師合作，完成系統開發
- 其餘主管交辦事項

【必備條件】
- 樂於學習，對前端技術有熱情
- 負責任
- 具備良好溝通能力
- 對於交付的工作內容能夠做好時間控管

【加分條件】
- 對後端開發有興趣
- 熟悉 HTML、CSS、Javascript/Typescript
- 熟悉 React.js、Vue 等任一前端框架
- 有 Component library 使用經驗
- 有 Git 使用經驗
- 有寫過前端的 side project

【這些會大加分】
- 對 UI/UX 有興趣
- 熟悉 shadcn/ui、TailwindCSS、React Redux、Next.js
- 對 django 及相關後端框架（django-ninja, celery, etc.）有些許了解
- 能長期實習（12個月以上）",大學,00,不拘,00016,3,11~30人應徵,130000000218607,未來巢科技股份有限公司,1001001002,電腦軟體服務業,0000000,0000000,待遇面議,10,20250602,6/02,0,0,,0,0,"【關於未來巢】
Futurenest 未來巢是由一群對新科技充滿熱情的愛好者在社群中發起的團隊。未來「巢」，我們希望打造未來人才的孵化地，相信培育下一代不受限的人才會是公司最大的資產。在未來巢，我們聆聽每位夥伴的聲音，這裡沒有束縛，只有各種挑戰等著你去突破，歡迎充滿創意、不畏艱辛、擁抱挑戰、滿腔熱血的你，踏出第一步，加入未來巢！ 

我們相信 AI 能開啟全新的可能，致力於發展人工智慧解決方案；服務客戶跨及國內外一線公司，產業涵蓋金融、教育、汽車、電子、傳產、運輸、公衛、資訊等產業。

【RD 團隊】
我們專注於軟體開發和 CI/CD 流程，致力於提供高效、穩定的技術解決方案。我們擁有豐富的專業技能，持續提升產品品質。如果你對產品有熱忱、對 AI 有興趣，歡迎你加入我們一起努力！

【工作內容】
- 根據設計稿進行網頁開發及測試
- 負責網頁前端 API 串接
- 與後端工程師合作，完成系統開發
- 其餘主管交辦事項

【必備條件】
- 樂於學習，對前端技術有熱情
- 負責任
- 具備良好溝通能力
- 對於交付的工作內容能夠做好時間控管

【加分條件】
- 對後端開發有興趣
- 熟悉 HTML、CSS、Javascript/Typescript
- 熟悉 React.js、Vue 等任一前端框架
- 有 Component library 使用經驗
- 有 Git 使用經驗
- 有寫過前端的 side project

【這些會大加分】
- 對 UI/UX 有興趣
- 熟悉 shadcn/ui、TailwindCSS、React Redux、Next.js
- 對 django 及相關後端框架（django-ninja, celery, etc.）有些許了解
- 能長期實習（12個月以上）","{'emp': {'desc': '員工26人', 'param': '3'}}",距捷運永春站約280公尺,"{'applyAnalyze': '//www.104.com.tw/jobs/apply/analysis/83wqk?channel=104rpt&jobsource=apply_analyze', 'job': '//www.104.com.tw/job/83wqk?jobsource=n104bank2', 'cust': '//www.104.com.tw/company/1a2x6bmnzj?jobsource=n104bank2'}",,前端實習生 Frontend Intern,未來巢科技股份有限公司,121.576699,25.0384449,0,[],,0.28,99001005019,捷運永春站,True,intern
0,14465406,Accounting Associate (Part-time / Intern),Accounting Associate (Part-time / <em class='b-txt--highlight'>Intern</em>),1,1,6001001007,台北市信義區,忠孝東路5段508號4樓之3," individuals. 

Position Description :
The Accounting Associate (Part-time / [[[Intern]]]) will work with Seniors and other Associates"," individuals. 

Position Description :
The Accounting Associate (Part-time / Intern) will work with Seniors and other Associates",大學,00,不拘,00010,2,6~10人應徵,25143461000,兆益管理顧問有限公司,1008003001,工商顧問服務業,0000190,0000200,時薪190~200元,30,20250602,6/02,0,0,,0,0," individuals. 

Position Description :
The Accounting Associate (Part-time / <em class='b-txt--highlight'>Intern</em>) will work with Seniors and other Associates","{'emp': {'desc': '員工80人', 'param': '5'}}",距捷運市政府站約120公尺,"{'applyAnalyze': '//www.104.com.tw/jobs/apply/analysis/8m1ku?channel=104rpt&jobsource=apply_analyze', 'job': '//www.104.com.tw/job/8m1ku?jobsource=n104bank2', 'cust': '//www.104.com.tw/company/bjtrmo8?jobsource=n104bank2'}",,Accounting Associate (Part-time / Intern),兆益管理顧問有限公司,121.5652968,25.0406521,0,"['會計學相關', '財稅金融相關']",H,0.12,99001005018,捷運市政府站,True,intern
2,12553961,"行銷實習生,Marketing Intern(Long-Term), Monitor BU","行銷實習生,Marketing <em class='b-txt--highlight'>Intern</em>(Long-Term), Monitor BU",2,2,6001002015,新北市中和區,連城路192號9樓(235),"• Support the execution of influencer and vendor cooperation contracts, including sponsored product 
logistics and financial processes.
• Provide general support for day-to-day team activities and cross-functional collaboration.
• Assist in planning and executing global marketing strategies — from online campaigns to offline 
brand events and creative community activations.
• Support seminars and exhibitions, including logistics, on-site execution, and follow-up coordination.
• Assist in creating content for e-newsletters, including basic layout design using tools like Canva, 
Figma or PowerPoint.
• Coordinate with influencers and creators (e.g., photographers, designers, illustrators, YouTubers, 
gamers, streamers) to develop and execute collaborative projects


Job Requirements:
• Organized, efficient, good at time management, meticulous, and very detail-oriented.
• Skilled in cross-departmental communication (including global marketing department, design team, 
etc.), capable of effectively planning timelines, presenting requirements, and tracking progress.
• Excellent written and spoken English communication skills.
• Good at generating and expressing ideas, with the ability to think outside the box.
• Proficient in Office 365, Excel, PowerPoint, Word, and other tools.
• Basic knowledge of Mailchimp, Figma, or Typeform is a plus.
• Basic knowledge of Adobe Illustrator or Photoshop is a plus.
•At least 3 days per week.","• Support the execution of influencer and vendor cooperation contracts, including sponsored product 
logistics and financial processes.
• Provide general support for day-to-day team activities and cross-functional collaboration.
• Assist in planning and executing global marketing strategies — from online campaigns to offline 
brand events and creative community activations.
• Support seminars and exhibitions, including logistics, on-site execution, and follow-up coordination.
• Assist in creating content for e-newsletters, including basic layout design using tools like Canva, 
Figma or PowerPoint.
• Coordinate with influencers and creators (e.g., photographers, designers, illustrators, YouTubers, 
gamers, streamers) to develop and execute collaborative projects


Job Requirements:
• Organized, efficient, good at time management, meticulous, and very detail-oriented.
• Skilled in cross-departmental communication (including global marketing department, design team, 
etc.), capable of effectively planning timelines, presenting requirements, and tracking progress.
• Excellent written and spoken English communication skills.
• Good at generating and expressing ideas, with the ability to think outside the box.
• Proficient in Office 365, Excel, PowerPoint, Word, and other tools.
• Basic knowledge of Mailchimp, Figma, or Typeform is a plus.
• Basic knowledge of Adobe Illustrator or Photoshop is a plus.
•At least 3 days per week.",大學,00,不拘,00008,2,6~10人應徵,23553019000,ViewSonic Corporation_優派國際股份有限公司,1001001001,電腦系統整合服務業,0000190,0000190,時薪190元,30,20250602,6/02,4104,0,,0,0,"• Support the execution of influencer and vendor cooperation contracts, including sponsored product 
logistics and financial processes.
• Provide general support for day-to-day team activities and cross-functional collaboration.
• Assist in planning and executing global marketing strategies — from online campaigns to offline 
brand events and creative community activations.
• Support seminars and exhibitions, including logistics, on-site execution, and follow-up coordination.
• Assist in creating content for e-newsletters, including basic layout design using tools like Canva, 
Figma or PowerPoint.
• Coordinate with influencers and creators (e.g., photographers, designers, illustrators, YouTubers, 
gamers, streamers) to develop and execute collaborative projects


Job Requirements:
• Organized, efficient, good at time management, meticulous, and very detail-oriented.
• Skilled in cross-departmental communication (including global marketing department, design team, 
etc.), capable of effectively planning timelines, presenting requirements, and tracking progress.
• Excellent written and spoken English communication skills.
• Good at generating and expressing ideas, with the ability to think outside the box.
• Proficient in Office 365, Excel, PowerPoint, Word, and other tools.
• Basic knowledge of Mailchimp, Figma, or Typeform is a plus.
• Basic knowledge of Adobe Illustrator or Photoshop is a plus.
•At least 3 days per week.","{'zoneForeign': {'desc': '外商公司', 'param': 5}, 'emp': {'desc': '員工1400人', 'param': '8'}}",,"{'applyAnalyze': '//www.104.com.tw/jobs/apply/analysis/7h2p5?channel=104rpt&jobsource=apply_analyze', 'job': '//www.104.com.tw/job/7h2p5?jobsource=n104bank2', 'cust': '//www.104.com.tw/company/atiuxrs?jobsource=n104bank2'}",,"行銷實習生,Marketing Intern(Long-Term), Monitor BU",ViewSonic Corporation_優派國際股份有限公司,121.4923196,24.996853,0,[],H,,,,False,intern
2,14347630,【Taiwan Mobile 實習計畫】Intern-訂閱制服務數據行銷,【Taiwan Mobile 實習計畫】<em class='b-txt--highlight'>Intern</em>-訂閱制服務數據行銷,1,1,6001001007,台北市信義區,,"「台灣大實習計畫」熱烈招募中，實習生不限國籍、實習時間不限寒暑假、實習期間將由專屬導師(Mentor)帶領您，讓您和業界接軌，成為引導Web 3新時代的科技菁英，跟著我們一起Open Possible 展開您的人生新篇章。

【實習內容】
1. 精準行銷受眾建立
2. 簡訊行銷A/B測試與設定
3. 受眾CTR與CVR資料統整","「台灣大實習計畫」熱烈招募中，實習生不限國籍、實習時間不限寒暑假、實習期間將由專屬導師(Mentor)帶領您，讓您和業界接軌，成為引導Web 3新時代的科技菁英，跟著我們一起Open Possible 展開您的人生新篇章。

【實習內容】
1. 精準行銷受眾建立
2. 簡訊行銷A/B測試與設定
3. 受眾CTR與CVR資料統整",不拘,00,不拘,00008,2,6~10人應徵,97176270000,台灣大哥大股份有限公司,1001002001,電信相關業,0000190,0000200,時薪190~200元,30,20250602,6/02,1314816,0,,0,0,"「台灣大實習計畫」熱烈招募中，實習生不限國籍、實習時間不限寒暑假、實習期間將由專屬導師(Mentor)帶領您，讓您和業界接軌，成為引導Web 3新時代的科技菁英，跟著我們一起Open Possible 展開您的人生新篇章。

【實習內容】
1. 精準行銷受眾建立
2. 簡訊行銷A/B測試與設定
3. 受眾CTR與CVR資料統整","{'zone': {'desc': '上市上櫃', 'param': 16}, 'emp': {'desc': '員工4500人', 'param': '8'}}",,"{'applyAnalyze': '//www.104.com.tw/jobs/apply/analysis/8jipa?channel=104rpt&jobsource=apply_analyze', 'job': '//www.104.com.tw/job/8jipa?jobsource=n104bank2', 'cust': '//www.104.com.tw/company/18n48ptc?jobsource=n104bank2'}",,【Taiwan Mobile 實習計畫】Intern-訂閱制服務數據行銷,台灣大哥大股份有限公司,121.5720055,25.0409201,0,[],H,,,,False,intern
2,14482871,【學期實習】Marketing Intern- Designer,【學期實習】Marketing <em class='b-txt--highlight'>Intern</em>- Designer,2,2,6001002011,新北市新店區,,"•	Create marketing visuals (social media, print)
•	Product photography &amp; photo editing
•	Assist graphic design projects
","•	Create marketing visuals (social media, print)
•	Product photography & photo editing
•	Assist graphic design projects
",大學,00,不拘,00009,2,6~10人應徵,86870786000,威盛電子股份有限公司,1001006001,IC設計相關業,0000190,0000200,時薪190~200元,30,20250602,6/02,34869248,0,,0,0,"•	Create marketing visuals (social media, print)
•	Product photography &amp; photo editing
•	Assist graphic design projects
","{'zone': {'desc': '上市上櫃', 'param': 16}, 'emp': {'desc': '員工1000人', 'param': '8'}}",,"{'applyAnalyze': '//www.104.com.tw/jobs/apply/analysis/8mf1z?channel=104rpt&jobsource=apply_analyze', 'job': '//www.104.com.tw/job/8mf1z?jobsource=n104bank2', 'cust': '//www.104.com.tw/company/13womfgw?jobsource=n104bank2'}",,【學期實習】Marketing Intern- Designer,威盛電子股份有限公司,121.5394822,24.978282,0,[],H,,,,True,intern
2,10814879,Visual Design Intern 視覺設計實習生,Visual Design <em class='b-txt--highlight'>Intern</em> 視覺設計實習生,2,2,6001002011,新北市新店區,民權路98號14樓,"此職務為長期實習，需配合半年或以上，以及周時數達24hr
1. 平面視覺設計發想，與設計團隊合作完成專案視覺設計
2. 協助公司專案圖片resize及layout修改
3. Collage, Template視覺設計
4. 動,靜態原創貼圖製作
5. 熟AI prompt生成動畫和圖片佳","此職務為長期實習，需配合半年或以上，以及周時數達24hr
1. 平面視覺設計發想，與設計團隊合作完成專案視覺設計
2. 協助公司專案圖片resize及layout修改
3. Collage, Template視覺設計
4. 動,靜態原創貼圖製作
5. 熟AI prompt生成動畫和圖片佳",大學,00,不拘,00011,3,11~30人應徵,130000000069470,玩美移動股份有限公司,1001001006,其它軟體及網路相關業,0000190,0000190,時薪190元,30,20250602,6/02,4096,0,,0,0,"此職務為長期實習，需配合半年或以上，以及周時數達24hr
1. 平面視覺設計發想，與設計團隊合作完成專案視覺設計
2. 協助公司專案圖片resize及layout修改
3. Collage, Template視覺設計
4. 動,靜態原創貼圖製作
5. 熟AI prompt生成動畫和圖片佳","{'emp': {'desc': '員工200人', 'param': '6'}}",距捷運大坪林站約250公尺,"{'applyAnalyze': '//www.104.com.tw/jobs/apply/analysis/6fstb?channel=104rpt&jobsource=apply_analyze', 'job': '//www.104.com.tw/job/6fstb?jobsource=n104bank2', 'cust': '//www.104.com.tw/company/1a2x6bjgwu?jobsource=n104bank2'}",,Visual Design Intern 視覺設計實習生,玩美移動股份有限公司,121.536284,24.983175,0,[],H,0.25,99001006001,捷運大坪林站,True,intern
0,14576275,拓荒實習計畫 - SEO Content Intern SEO 內容實習生,拓荒實習計畫 - SEO Content <em class='b-txt--highlight'>Intern</em> SEO 內容實習生,2,2,6001001005,台北市大安區,敦化南路二段38號4樓之1,"#Ｗhat will You do?

- 內容策劃：與團隊一同發想符合 SEO 的內容行銷策略，帶動部落格自然流量成長
- 內容撰寫：撰寫 SEO 友善的部落格文章，提升網站流量與曝光度
- 流量監控與分析：追蹤文章 SEO 效果，彙整數據分析報告，與團隊構思優化方向
- 其他：協助編排與更新網站文章，確保內容的品質與更新頻率

# What do You need?
- 對區塊鏈、加密貨幣或金融科技有興趣
- 對 SEO 與中文內容寫作熟悉或有興趣，並願意學習
- 有基本的 SEO 知識及關鍵字研究經驗者優先
- 謹慎細心，對資訊細節追根據底
- 具備中文寫作能力，能夠撰寫吸引人的部落格文章
- 良好的數據分析能力與團隊合作精神
- 一週至少能配合 2-3 天者優先
","#Ｗhat will You do?

- 內容策劃：與團隊一同發想符合 SEO 的內容行銷策略，帶動部落格自然流量成長
- 內容撰寫：撰寫 SEO 友善的部落格文章，提升網站流量與曝光度
- 流量監控與分析：追蹤文章 SEO 效果，彙整數據分析報告，與團隊構思優化方向
- 其他：協助編排與更新網站文章，確保內容的品質與更新頻率

# What do You need?
- 對區塊鏈、加密貨幣或金融科技有興趣
- 對 SEO 與中文內容寫作熟悉或有興趣，並願意學習
- 有基本的 SEO 知識及關鍵字研究經驗者優先
- 謹慎細心，對資訊細節追根據底
- 具備中文寫作能力，能夠撰寫吸引人的部落格文章
- 良好的數據分析能力與團隊合作精神
- 一週至少能配合 2-3 天者優先
",大學,00,不拘,00006,2,6~10人應徵,130000000208494,拓荒數碼科技股份有限公司,1001001002,電腦軟體服務業,0000200,0000250,時薪200~250元,30,20250602,6/02,0,0,,0,0,"#Ｗhat will You do?

- 內容策劃：與團隊一同發想符合 SEO 的內容行銷策略，帶動部落格自然流量成長
- 內容撰寫：撰寫 SEO 友善的部落格文章，提升網站流量與曝光度
- 流量監控與分析：追蹤文章 SEO 效果，彙整數據分析報告，與團隊構思優化方向
- 其他：協助編排與更新網站文章，確保內容的品質與更新頻率

# What do You need?
- 對區塊鏈、加密貨幣或金融科技有興趣
- 對 SEO 與中文內容寫作熟悉或有興趣，並願意學習
- 有基本的 SEO 知識及關鍵字研究經驗者優先
- 謹慎細心，對資訊細節追根據底
- 具備中文寫作能力，能夠撰寫吸引人的部落格文章
- 良好的數據分析能力與團隊合作精神
- 一週至少能配合 2-3 天者優先
","{'emp': {'desc': '員工50人', 'param': '5'}, 'remote': {'desc': '遠端工作'}}",距捷運信義安和站約490公尺,"{'applyAnalyze': '//www.104.com.tw/jobs/apply/analysis/8of4j?channel=104rpt&jobsource=apply_analyze', 'job': '//www.104.com.tw/job/8of4j?jobsource=n104bank2', 'cust': '//www.104.com.tw/company/1a2x6bmg6m?jobsource=n104bank2'}",,拓荒實習計畫 - SEO Content Intern SEO 內容實習生,拓荒數碼科技股份有限公司,121.5483828,25.0316962,2,[],H,0.49,99001002003,捷運信義安和站,True,intern
2,14603222,【ESG Intern】ESG Project_JR202504060,【ESG <em class='b-txt--highlight'>Intern</em>】ESG Project_JR202504060,2,2,6001001010,台北市內湖區,瑞光路26巷20弄1號,"***本職缺為【學期中長期實習方案】，一週需到班3天（無遠距實習，但到班日程可彈性調整），請同學評估自身課業或生活安排確認可配合再行投遞，謝謝！***

【工作內容】

ESG project 職能：

1.ESG專案參與：DJSI揭露評比、國內永續評比專案、永續報告書揭露、供應鏈ESG培訓、人權盡職調查專案分析、生物多樣性專案等

2.各類ESG專案行政支持

3.ESG官網更新及資訊揭露

4.其他主管交辦工作

【資格條件】

教育背景：

1.科系背景不限

2.大學在學生或碩士在學生均可

3.大學畢業新鮮人或碩士畢業新鮮人均可

4.英語聽說讀寫能力中等即可

建議申請人具備如下經驗背景：

1.過往具備永續顧問行業或企業永續辦公室實習或工作經驗者佳

2.工作內容涉及跨部門合作，具備良好的內外溝通能力(書面溝通及口語溝通)

3.具備永續議題蒐研經驗、報告撰寫經驗、數據分析能力、優秀的簡報製作能力

4.如有下述專案實習或工讀經驗者優先考慮：盡職調查、生物多樣性規劃與執行、永續揭露、利害關係人議和、ESG教育訓練、國內外永續評比參與、EU Taxonomy參與經驗等

5.對ESG永續事務感興趣及有熱情

6.工作細心、主動積極、quick learner

【提醒】

1.本工作地點為：研華內湖瑞光總部 (114台北市內湖區瑞光路26巷20弄1號)

2.一週為3個工作日，可視實習生課表或行程彈性安排可配合的工作日之工作量

3.工作期程為2024/5月份起到2025/11月（半年期），將視勞資雙方願意申請延長實習

4.可到職日期：收到錄取通知後期待1-2 周內到職","***本職缺為【學期中長期實習方案】，一週需到班3天（無遠距實習，但到班日程可彈性調整），請同學評估自身課業或生活安排確認可配合再行投遞，謝謝！***

【工作內容】

ESG project 職能：

1.ESG專案參與：DJSI揭露評比、國內永續評比專案、永續報告書揭露、供應鏈ESG培訓、人權盡職調查專案分析、生物多樣性專案等

2.各類ESG專案行政支持

3.ESG官網更新及資訊揭露

4.其他主管交辦工作

【資格條件】

教育背景：

1.科系背景不限

2.大學在學生或碩士在學生均可

3.大學畢業新鮮人或碩士畢業新鮮人均可

4.英語聽說讀寫能力中等即可

建議申請人具備如下經驗背景：

1.過往具備永續顧問行業或企業永續辦公室實習或工作經驗者佳

2.工作內容涉及跨部門合作，具備良好的內外溝通能力(書面溝通及口語溝通)

3.具備永續議題蒐研經驗、報告撰寫經驗、數據分析能力、優秀的簡報製作能力

4.如有下述專案實習或工讀經驗者優先考慮：盡職調查、生物多樣性規劃與執行、永續揭露、利害關係人議和、ESG教育訓練、國內外永續評比參與、EU Taxonomy參與經驗等

5.對ESG永續事務感興趣及有熱情

6.工作細心、主動積極、quick learner

【提醒】

1.本工作地點為：研華內湖瑞光總部 (114台北市內湖區瑞光路26巷20弄1號)

2.一週為3個工作日，可視實習生課表或行程彈性安排可配合的工作日之工作量

3.工作期程為2024/5月份起到2025/11月（半年期），將視勞資雙方願意申請延長實習

4.可到職日期：收到錄取通知後期待1-2 周內到職",專科,00,不拘,00014,3,11~30人應徵,5155853000,Advantech_研華股份有限公司,1001001001,電腦系統整合服務業,0000220,0000250,時薪220~250元,30,20250602,6/02,1347712,0,,0,0,"***本職缺為【學期中長期實習方案】，一週需到班3天（無遠距實習，但到班日程可彈性調整），請同學評估自身課業或生活安排確認可配合再行投遞，謝謝！***

【工作內容】

ESG project 職能：

1.ESG專案參與：DJSI揭露評比、國內永續評比專案、永續報告書揭露、供應鏈ESG培訓、人權盡職調查專案分析、生物多樣性專案等

2.各類ESG專案行政支持

3.ESG官網更新及資訊揭露

4.其他主管交辦工作

【資格條件】

教育背景：

1.科系背景不限

2.大學在學生或碩士在學生均可

3.大學畢業新鮮人或碩士畢業新鮮人均可

4.英語聽說讀寫能力中等即可

建議申請人具備如下經驗背景：

1.過往具備永續顧問行業或企業永續辦公室實習或工作經驗者佳

2.工作內容涉及跨部門合作，具備良好的內外溝通能力(書面溝通及口語溝通)

3.具備永續議題蒐研經驗、報告撰寫經驗、數據分析能力、優秀的簡報製作能力

4.如有下述專案實習或工讀經驗者優先考慮：盡職調查、生物多樣性規劃與執行、永續揭露、利害關係人議和、ESG教育訓練、國內外永續評比參與、EU Taxonomy參與經驗等

5.對ESG永續事務感興趣及有熱情

6.工作細心、主動積極、quick learner

【提醒】

1.本工作地點為：研華內湖瑞光總部 (114台北市內湖區瑞光路26巷20弄1號)

2.一週為3個工作日，可視實習生課表或行程彈性安排可配合的工作日之工作量

3.工作期程為2024/5月份起到2025/11月（半年期），將視勞資雙方願意申請延長實習

4.可到職日期：收到錄取通知後期待1-2 周內到職","{'zone': {'desc': '上市上櫃', 'param': 16}, 'emp': {'desc': '員工9430人', 'param': '8'}}",,"{'applyAnalyze': '//www.104.com.tw/jobs/apply/analysis/8ozx2?channel=104rpt&jobsource=apply_analyze', 'job': '//www.104.com.tw/job/8ozx2?jobsource=n104bank2', 'cust': '//www.104.com.tw/company/2d9ntmw?jobsource=n104bank2'}",,【ESG Intern】ESG Project_JR202504060,Advantech_研華股份有限公司,121.5823967,25.0692634,0,[],H,,,,True,intern
2,12816393,Sheraton Hsinchu 客務處實習生 Intern,Sheraton Hsinchu 客務處實習生 <em class='b-txt--highlight'>Intern</em>,1,1,6001006002,新竹縣竹北市,光明六路東一段265號,"1.提供內外線電話服務與賓客需求
2.熟悉飯店客房位置、類型、房費、折扣、飯店設施、營業時間以及特殊促銷等資訊。
3.為客人辦理退房手續，確保客人準確付款。熟練掌握現金付款、信用卡、外幣兌換和轉帳等結帳方式
4.門口迎賓服務、行李服務，協助行李送房。","1.提供內外線電話服務與賓客需求
2.熟悉飯店客房位置、類型、房費、折扣、飯店設施、營業時間以及特殊促銷等資訊。
3.為客人辦理退房手續，確保客人準確付款。熟練掌握現金付款、信用卡、外幣兌換和轉帳等結帳方式
4.門口迎賓服務、行李服務，協助行李送房。",高中,00,不拘,00001,1,0~5人應徵,86517976000,新竹喜來登飯店_承恩餐旅管理顧問股份有限公司,1016001001,旅館業,0030000,0030000,"月薪30,000元",50,20250602,6/02,4096,0,,0,0,"1.提供內外線電話服務與賓客需求
2.熟悉飯店客房位置、類型、房費、折扣、飯店設施、營業時間以及特殊促銷等資訊。
3.為客人辦理退房手續，確保客人準確付款。熟練掌握現金付款、信用卡、外幣兌換和轉帳等結帳方式
4.門口迎賓服務、行李服務，協助行李送房。","{'emp': {'desc': '員工500人', 'param': '8'}}",,"{'applyAnalyze': '//www.104.com.tw/jobs/apply/analysis/7mp6x?channel=104rpt&jobsource=apply_analyze', 'job': '//www.104.com.tw/job/7mp6x?jobsource=n104bank2', 'cust': '//www.104.com.tw/company/13qukhj4?jobsource=n104bank2'}",,Sheraton Hsinchu 客務處實習生 Intern,新竹喜來登飯店_承恩餐旅管理顧問股份有限公司,121.0281441,24.8204254,0,[],M,,,,False,intern
0,12969755,oloo_客戶關係管理實習生 Customer Service Intern (早班),oloo_客戶關係管理實習生 Customer Service <em class='b-txt--highlight'>Intern</em> (早班),2,2,6001006001,新竹市,光復路二段101號,"關於oloo
oloo團隊正在尋找

｜喜歡與人互動
｜工作自律獨立
｜熱心耐心細心和善
｜不畏懼突發任務來臨又有衝勁的團隊夥伴。

oloo將交通、專業服務與科技結合，讓用戶擁有更便利更有質感的生活品質，有你的加入將會及時又專業的為用戶解決問題，帶領用戶感受到最棒的體驗。


• 電話/文字客服專業回覆，必須耐心、反應敏捷、禮貌的態度的為用戶解決問題
• 釐清以及發覺用戶問題，善於進行問題分析、統整以及回報
• 處理各種客訴案件
• 態度親切口齒清晰，口語表達能力良好
• 支援部分行政文書事務
• 跨部門溝通與協作

------------------------------------------------------------------

&lt;&lt;oloo面試流程&gt;&gt;

【第一階段】
書面履歷通過：將會收到第二階段「技能作業」mail，請先回傳是否參加本次面試。
(請注意您在104提供的e-mail，是否為常用帳戶)

【第二階段】
如通過「技能作業」通過：將會與求職者預約第三階段實體面試時間，請準時回傳。

【第三階段】
實體面試完成：等待結果，3日～一周內信件告知是否錄取。","關於oloo
oloo團隊正在尋找

｜喜歡與人互動
｜工作自律獨立
｜熱心耐心細心和善
｜不畏懼突發任務來臨又有衝勁的團隊夥伴。

oloo將交通、專業服務與科技結合，讓用戶擁有更便利更有質感的生活品質，有你的加入將會及時又專業的為用戶解決問題，帶領用戶感受到最棒的體驗。


• 電話/文字客服專業回覆，必須耐心、反應敏捷、禮貌的態度的為用戶解決問題
• 釐清以及發覺用戶問題，善於進行問題分析、統整以及回報
• 處理各種客訴案件
• 態度親切口齒清晰，口語表達能力良好
• 支援部分行政文書事務
• 跨部門溝通與協作

------------------------------------------------------------------

<<oloo面試流程>>

【第一階段】
書面履歷通過：將會收到第二階段「技能作業」mail，請先回傳是否參加本次面試。
(請注意您在104提供的e-mail，是否為常用帳戶)

【第二階段】
如通過「技能作業」通過：將會與求職者預約第三階段實體面試時間，請準時回傳。

【第三階段】
實體面試完成：等待結果，3日～一周內信件告知是否錄取。",高中,00,不拘,00008,2,6~10人應徵,130000000170203,路加服務科技股份有限公司,1001001006,其它軟體及網路相關業,0000190,0000200,時薪190~200元,30,20250602,6/02,1,0,,0,0,"關於oloo
oloo團隊正在尋找

｜喜歡與人互動
｜工作自律獨立
｜熱心耐心細心和善
｜不畏懼突發任務來臨又有衝勁的團隊夥伴。

oloo將交通、專業服務與科技結合，讓用戶擁有更便利更有質感的生活品質，有你的加入將會及時又專業的為用戶解決問題，帶領用戶感受到最棒的體驗。


• 電話/文字客服專業回覆，必須耐心、反應敏捷、禮貌的態度的為用戶解決問題
• 釐清以及發覺用戶問題，善於進行問題分析、統整以及回報
• 處理各種客訴案件
• 態度親切口齒清晰，口語表達能力良好
• 支援部分行政文書事務
• 跨部門溝通與協作

------------------------------------------------------------------

&lt;&lt;oloo面試流程&gt;&gt;

【第一階段】
書面履歷通過：將會收到第二階段「技能作業」mail，請先回傳是否參加本次面試。
(請注意您在104提供的e-mail，是否為常用帳戶)

【第二階段】
如通過「技能作業」通過：將會與求職者預約第三階段實體面試時間，請準時回傳。

【第三階段】
實體面試完成：等待結果，3日～一周內信件告知是否錄取。","{'emp': {'desc': '員工30人', 'param': '4'}}",,"{'applyAnalyze': '//www.104.com.tw/jobs/apply/analysis/7pziz?channel=104rpt&jobsource=apply_analyze', 'job': '//www.104.com.tw/job/7pziz?jobsource=n104bank2', 'cust': '//www.104.com.tw/company/1a2x6blmmz?jobsource=n104bank2'}",,oloo_客戶關係管理實習生 Customer Service Intern (早班),路加服務科技股份有限公司,120.9947106,24.7957091,0,[],H,,,,False,intern
0,14624715,Marketing Intern(6months) - Taiwan,Marketing <em class='b-txt--highlight'>Intern</em>(6months) - Taiwan,1,1,6001001001,台北市中正區,忠孝東路二段88號," detail-oriented Marketing [[[Intern]]] to join our brand team ! ! !
If you are interested in the alcohol industry — this is the"," detail-oriented Marketing Intern to join our brand team ! ! !
If you are interested in the alcohol industry — this is the",大學,00,不拘,00018,3,11~30人應徵,89392084000,英商希威仕股份有限公司,1003001015,綜合商品批發代理業,0000200,0000200,時薪200元,30,20250602,6/02,64,0,,0,0," detail-oriented Marketing <em class='b-txt--highlight'>Intern</em> to join our brand team ! ! !
If you are interested in the alcohol industry — this is the","{'zoneForeign': {'desc': '外商公司', 'param': 5}, 'emp': {'desc': '員工56人', 'param': '5'}}",距捷運忠孝新生站約370公尺,"{'applyAnalyze': '//www.104.com.tw/jobs/apply/analysis/8pgi3?channel=104rpt&jobsource=apply_analyze', 'job': '//www.104.com.tw/job/8pgi3?jobsource=n104bank2', 'cust': '//www.104.com.tw/company/152dqlgg?jobsource=n104bank2'}",,Marketing Intern(6months) - Taiwan,英商希威仕股份有限公司,121.5294329,25.0429635,0,[],H,0.37,99001004007,捷運忠孝新生站,True,intern
0,13619326,產品設計實習生 Product Design Intern,產品設計實習生 Product Design <em class='b-txt--highlight'>Intern</em>,2,2,6001001007,台北市信義區,松德路65號8樓之2,"【關於未來巢】
Futurenest 未來巢是由一群對新科技充滿熱情的愛好者在社群中發起的團隊。未來「巢」，我們希望打造未來人才的孵化地，相信培育下一代不受限的人才會是公司最大的資產。在未來巢，我們聆聽每位夥伴的聲音，這裡沒有束縛，只有各種挑戰等著你去突破，歡迎充滿創意、不畏艱辛、擁抱挑戰、滿腔熱血的你，踏出第一步，加入未來巢！ 

我們相信 AI 能開啟全新的可能，致力於發展人工智慧解決方案；服務客戶跨及國內外一線公司，產業涵蓋金融、教育、汽車、電子、傳產、運輸、公衛、資訊等產業。

【PD 團隊】
未來巢的產品團隊對設計、創造充滿熱情，我們注重團隊合作、有效溝通，日常工作氣氛歡樂、有趣。歡迎加入我們，激發創造力並發揮你的更多想像，一起為更好的產品努力！

【工作內容】
- 產品設計實踐：學習並參與產品的 UI/UX 設計流程，涵蓋使用者研究、需求分析、架構規劃、介面設計、原型製作與可用性測試。在使用者需求、商業目標與技術可行性之間取得平衡，實現具創新性的設計方案。
- 跨部門協作：與 PM、行銷及開發團隊密切合作，確保設計方向與目標一致，並共同創造具實質影響力的設計成果。
- 參與品牌與視覺設計：參與公司與產品的品牌設計過程，製作符合願景的形象設計，提升企業與產品價值。
- 技術與策略結合：參與技術討論，了解設計相關的限制與條件，並在既有框架下發展合適的設計解決方案。

〔↓歡迎你挑戰↓我們會給予全力支持與訓練幫助〕
- 理解旗下產品的願景與品牌價值，並透過設計系統的一致性，整合進多樣化的解決方案中。
- 主動用同理心傾聽使用者聲音，系統性地蒐集、分類與整理使用者回饋，深入理解需求，轉化為符合用戶需求、市場趨勢且使用者體驗友善的設計。
- 探索最新的設計與技術趨勢，並思考其如何影響設計策略與方向。

【對你的期許】
- 熟悉 Figma 作為設計工具，具備設計系統（Design System）相關經驗者尤佳。
- 具備產品設計的方法論基礎，例如 Design Thinking、Value Proposition Design 等。
- 能夠運用各種使用者研究方法，如使用者訪談、人物誌（Persona）、用戶旅程地圖（User Journey Map）等。
- 善於主動傾聽，具備同理心，能設計出真正符合需求的解決方案。
- 能持續與團隊及利害關係人對齊目標，並根據情況靈活調整設計策略。
- 熱愛跨界學習，擅長探索多元資源，並能快速掌握最新的設計或商業趨勢。
- 展現高度責任感與團隊精神，樂於與不同部門協作，共創成果。

【這些很加分】
- 對生成式 AI 及科技產業具高度興趣。
- 對前後端技術趨勢與架構有基本理解，並能以此作為設計依據。
- 具備良好的邏輯思維與溝通能力（口語與書面）。
- 具備 UI/UX 相關 side project 經驗，能展現設計實力與解決問題的能力。
- 曾擔任設計師角色參與跨職能協作專案或專題。
- 熟悉其他設計與生產力工具，如 Adobe Illustrator、Photoshop 等。","【關於未來巢】
Futurenest 未來巢是由一群對新科技充滿熱情的愛好者在社群中發起的團隊。未來「巢」，我們希望打造未來人才的孵化地，相信培育下一代不受限的人才會是公司最大的資產。在未來巢，我們聆聽每位夥伴的聲音，這裡沒有束縛，只有各種挑戰等著你去突破，歡迎充滿創意、不畏艱辛、擁抱挑戰、滿腔熱血的你，踏出第一步，加入未來巢！ 

我們相信 AI 能開啟全新的可能，致力於發展人工智慧解決方案；服務客戶跨及國內外一線公司，產業涵蓋金融、教育、汽車、電子、傳產、運輸、公衛、資訊等產業。

【PD 團隊】
未來巢的產品團隊對設計、創造充滿熱情，我們注重團隊合作、有效溝通，日常工作氣氛歡樂、有趣。歡迎加入我們，激發創造力並發揮你的更多想像，一起為更好的產品努力！

【工作內容】
- 產品設計實踐：學習並參與產品的 UI/UX 設計流程，涵蓋使用者研究、需求分析、架構規劃、介面設計、原型製作與可用性測試。在使用者需求、商業目標與技術可行性之間取得平衡，實現具創新性的設計方案。
- 跨部門協作：與 PM、行銷及開發團隊密切合作，確保設計方向與目標一致，並共同創造具實質影響力的設計成果。
- 參與品牌與視覺設計：參與公司與產品的品牌設計過程，製作符合願景的形象設計，提升企業與產品價值。
- 技術與策略結合：參與技術討論，了解設計相關的限制與條件，並在既有框架下發展合適的設計解決方案。

〔↓歡迎你挑戰↓我們會給予全力支持與訓練幫助〕
- 理解旗下產品的願景與品牌價值，並透過設計系統的一致性，整合進多樣化的解決方案中。
- 主動用同理心傾聽使用者聲音，系統性地蒐集、分類與整理使用者回饋，深入理解需求，轉化為符合用戶需求、市場趨勢且使用者體驗友善的設計。
- 探索最新的設計與技術趨勢，並思考其如何影響設計策略與方向。

【對你的期許】
- 熟悉 Figma 作為設計工具，具備設計系統（Design System）相關經驗者尤佳。
- 具備產品設計的方法論基礎，例如 Design Thinking、Value Proposition Design 等。
- 能夠運用各種使用者研究方法，如使用者訪談、人物誌（Persona）、用戶旅程地圖（User Journey Map）等。
- 善於主動傾聽，具備同理心，能設計出真正符合需求的解決方案。
- 能持續與團隊及利害關係人對齊目標，並根據情況靈活調整設計策略。
- 熱愛跨界學習，擅長探索多元資源，並能快速掌握最新的設計或商業趨勢。
- 展現高度責任感與團隊精神，樂於與不同部門協作，共創成果。

【這些很加分】
- 對生成式 AI 及科技產業具高度興趣。
- 對前後端技術趨勢與架構有基本理解，並能以此作為設計依據。
- 具備良好的邏輯思維與溝通能力（口語與書面）。
- 具備 UI/UX 相關 side project 經驗，能展現設計實力與解決問題的能力。
- 曾擔任設計師角色參與跨職能協作專案或專題。
- 熟悉其他設計與生產力工具，如 Adobe Illustrator、Photoshop 等。",大學,00,不拘,00015,3,11~30人應徵,130000000218607,未來巢科技股份有限公司,1001001002,電腦軟體服務業,0000000,0000000,待遇面議,10,20250602,6/02,0,0,,0,0,"【關於未來巢】
Futurenest 未來巢是由一群對新科技充滿熱情的愛好者在社群中發起的團隊。未來「巢」，我們希望打造未來人才的孵化地，相信培育下一代不受限的人才會是公司最大的資產。在未來巢，我們聆聽每位夥伴的聲音，這裡沒有束縛，只有各種挑戰等著你去突破，歡迎充滿創意、不畏艱辛、擁抱挑戰、滿腔熱血的你，踏出第一步，加入未來巢！ 

我們相信 AI 能開啟全新的可能，致力於發展人工智慧解決方案；服務客戶跨及國內外一線公司，產業涵蓋金融、教育、汽車、電子、傳產、運輸、公衛、資訊等產業。

【PD 團隊】
未來巢的產品團隊對設計、創造充滿熱情，我們注重團隊合作、有效溝通，日常工作氣氛歡樂、有趣。歡迎加入我們，激發創造力並發揮你的更多想像，一起為更好的產品努力！

【工作內容】
- 產品設計實踐：學習並參與產品的 UI/UX 設計流程，涵蓋使用者研究、需求分析、架構規劃、介面設計、原型製作與可用性測試。在使用者需求、商業目標與技術可行性之間取得平衡，實現具創新性的設計方案。
- 跨部門協作：與 PM、行銷及開發團隊密切合作，確保設計方向與目標一致，並共同創造具實質影響力的設計成果。
- 參與品牌與視覺設計：參與公司與產品的品牌設計過程，製作符合願景的形象設計，提升企業與產品價值。
- 技術與策略結合：參與技術討論，了解設計相關的限制與條件，並在既有框架下發展合適的設計解決方案。

〔↓歡迎你挑戰↓我們會給予全力支持與訓練幫助〕
- 理解旗下產品的願景與品牌價值，並透過設計系統的一致性，整合進多樣化的解決方案中。
- 主動用同理心傾聽使用者聲音，系統性地蒐集、分類與整理使用者回饋，深入理解需求，轉化為符合用戶需求、市場趨勢且使用者體驗友善的設計。
- 探索最新的設計與技術趨勢，並思考其如何影響設計策略與方向。

【對你的期許】
- 熟悉 Figma 作為設計工具，具備設計系統（Design System）相關經驗者尤佳。
- 具備產品設計的方法論基礎，例如 Design Thinking、Value Proposition Design 等。
- 能夠運用各種使用者研究方法，如使用者訪談、人物誌（Persona）、用戶旅程地圖（User Journey Map）等。
- 善於主動傾聽，具備同理心，能設計出真正符合需求的解決方案。
- 能持續與團隊及利害關係人對齊目標，並根據情況靈活調整設計策略。
- 熱愛跨界學習，擅長探索多元資源，並能快速掌握最新的設計或商業趨勢。
- 展現高度責任感與團隊精神，樂於與不同部門協作，共創成果。

【這些很加分】
- 對生成式 AI 及科技產業具高度興趣。
- 對前後端技術趨勢與架構有基本理解，並能以此作為設計依據。
- 具備良好的邏輯思維與溝通能力（口語與書面）。
- 具備 UI/UX 相關 side project 經驗，能展現設計實力與解決問題的能力。
- 曾擔任設計師角色參與跨職能協作專案或專題。
- 熟悉其他設計與生產力工具，如 Adobe Illustrator、Photoshop 等。","{'emp': {'desc': '員工26人', 'param': '3'}}",距捷運永春站約280公尺,"{'applyAnalyze': '//www.104.com.tw/jobs/apply/analysis/83wqm?channel=104rpt&jobsource=apply_analyze', 'job': '//www.104.com.tw/job/83wqm?jobsource=n104bank2', 'cust': '//www.104.com.tw/company/1a2x6bmnzj?jobsource=n104bank2'}",,產品設計實習生 Product Design Intern,未來巢科技股份有限公司,121.576699,25.0384449,0,[],,0.28,99001005019,捷運永春站,True,intern
2,14349001,Intern實習生(Expenses Control Support)_管理會計部,<em class='b-txt--highlight'>Intern</em>實習生(Expenses Control Support)_管理會計部,2,2,6001001007,台北市信義區,信義路5段7號79樓,"職務內容：
1. 協助整理費用預算與實際支出管控報表。 
2. 協助整理部門別費用報表。
3. 應付費用核銷、沖帳、憑證等管理
4. 協助其他交辦事項。

*歡迎大學、研究所之財務與金融相關科系全職學生投遞，能配合2025年7月至12月者優先。
","職務內容：
1. 協助整理費用預算與實際支出管控報表。 
2. 協助整理部門別費用報表。
3. 應付費用核銷、沖帳、憑證等管理
4. 協助其他交辦事項。

*歡迎大學、研究所之財務與金融相關科系全職學生投遞，能配合2025年7月至12月者優先。
",大學,00,不拘,00013,3,11~30人應徵,16094897000,法商法國巴黎人壽保險股份有限公司台灣分公司,1004003001,人身保險業,0000200,0000200,時薪200元,30,20250602,6/02,4160,0,,0,0,"職務內容：
1. 協助整理費用預算與實際支出管控報表。 
2. 協助整理部門別費用報表。
3. 應付費用核銷、沖帳、憑證等管理
4. 協助其他交辦事項。

*歡迎大學、研究所之財務與金融相關科系全職學生投遞，能配合2025年7月至12月者優先。
","{'zoneForeign': {'desc': '外商公司', 'param': 5}, 'emp': {'desc': '員工400人', 'param': '7'}}",距捷運台北101/世貿站約210公尺,"{'applyAnalyze': '//www.104.com.tw/jobs/apply/analysis/8jjrd?channel=104rpt&jobsource=apply_analyze', 'job': '//www.104.com.tw/job/8jjrd?jobsource=n104bank2', 'cust': '//www.104.com.tw/company/7e6hi08?jobsource=n104bank2'}",,Intern實習生(Expenses Control Support)_管理會計部,法商法國巴黎人壽保險股份有限公司台灣分公司,121.5645389,25.033976,0,"['會計學相關', '財稅金融相關', '企業管理相關']",H,0.21,99001002002,捷運台北101/世貿站,True,intern
2,14512245,【2025 Summer Intern】Physical Design Engineer,【2025 Summer <em class='b-txt--highlight'>Intern</em>】Physical Design Engineer,1,1,6001006002,新竹縣竹北市,台元二街9號,"2025 Novatek Summer Internship Program

Program Features: challenging tasks, employment opportunities, guidance from mentors, social events, accommodation allowance
Location: Hsinchu(Zhubei)
Internship Period: 2025/7~8 Weekday (Mon.~Fri.)

Job Description：
1. APR physical design, including floorplan, power plan, physical synthesis, clock tree, routing, DRC/LVS to tapeout
2. APR physical design methodology development &amp; automation

Requirements：
1. Completion of VLSI-related courses, with a foundation in basic logic circuit concepts.
2. Experience with VLSI lab or TSRI (formerly CIC) courses, such as Cell-Based IC Physical Design with SOC Encounter (IC Compiler), with hands-on practice is highly desirable.
3. Research experience in EDA is a plus.

Qualifications：
1.Pre-graduate students (Currently undergraduates 4th year) or Master’s or Ph.D. students in Electrical Engineering, Computer Science or related field 
2. Interested candidates should first get the permission from their professors to attend internship program
3. Please also provide the following documents:
   Resume/CV 
   Educational transcripts/research or thesis topics","2025 Novatek Summer Internship Program

Program Features: challenging tasks, employment opportunities, guidance from mentors, social events, accommodation allowance
Location: Hsinchu(Zhubei)
Internship Period: 2025/7~8 Weekday (Mon.~Fri.)

Job Description：
1. APR physical design, including floorplan, power plan, physical synthesis, clock tree, routing, DRC/LVS to tapeout
2. APR physical design methodology development & automation

Requirements：
1. Completion of VLSI-related courses, with a foundation in basic logic circuit concepts.
2. Experience with VLSI lab or TSRI (formerly CIC) courses, such as Cell-Based IC Physical Design with SOC Encounter (IC Compiler), with hands-on practice is highly desirable.
3. Research experience in EDA is a plus.

Qualifications：
1.Pre-graduate students (Currently undergraduates 4th year) or Master’s or Ph.D. students in Electrical Engineering, Computer Science or related field 
2. Interested candidates should first get the permission from their professors to attend internship program
3. Please also provide the following documents:
   Resume/CV 
   Educational transcripts/research or thesis topics",碩士,00,不拘,00009,2,6~10人應徵,84149955000,聯詠科技股份有限公司,1001006002,半導體製造業,0036000,0045000,"月薪36,000~45,000元",50,20250602,6/02,34902144,0,,0,0,"2025 Novatek Summer Internship Program

Program Features: challenging tasks, employment opportunities, guidance from mentors, social events, accommodation allowance
Location: Hsinchu(Zhubei)
Internship Period: 2025/7~8 Weekday (Mon.~Fri.)

Job Description：
1. APR physical design, including floorplan, power plan, physical synthesis, clock tree, routing, DRC/LVS to tapeout
2. APR physical design methodology development &amp; automation

Requirements：
1. Completion of VLSI-related courses, with a foundation in basic logic circuit concepts.
2. Experience with VLSI lab or TSRI (formerly CIC) courses, such as Cell-Based IC Physical Design with SOC Encounter (IC Compiler), with hands-on practice is highly desirable.
3. Research experience in EDA is a plus.

Qualifications：
1.Pre-graduate students (Currently undergraduates 4th year) or Master’s or Ph.D. students in Electrical Engineering, Computer Science or related field 
2. Interested candidates should first get the permission from their professors to attend internship program
3. Please also provide the following documents:
   Resume/CV 
   Educational transcripts/research or thesis topics","{'zone': {'desc': '上市上櫃', 'param': 16}, 'emp': {'desc': '員工2700人', 'param': '8'}}",,"{'applyAnalyze': '//www.104.com.tw/jobs/apply/analysis/8n1px?channel=104rpt&jobsource=apply_analyze', 'job': '//www.104.com.tw/job/8n1px?jobsource=n104bank2', 'cust': '//www.104.com.tw/company/12nopku0?jobsource=n104bank2'}",,【2025 Summer Intern】Physical Design Engineer,聯詠科技股份有限公司,121.0180746,24.8392651,0,"['電機電子工程相關', '資訊工程相關']",M,,,,False,intern
0,13750523,策略專案實習生 Strategic Project Intern,策略專案實習生 Strategic Project <em class='b-txt--highlight'>Intern</em>,1,1,6001001001,台北市中正區,博愛路154號3樓,"【PackAge+ 配客嘉】
配客嘉自 2019 年成立以來，致力於解決台灣每年電商市場所產生的 200,000,000 一次性包裝所帶來的碳排放問題，我們透過可重複使用的循環包裝，搭配自建循環系統，解決一次性包裝垃圾問題，目前在全台已有超過 4500 個包裝歸還點，與知名企業如：全家便利商店、EDWIN、AVEDA、蝦皮等合作。
現在，我們在打造更多永續與循環服務，等待你的創意與使命一起加入我們的改變！

團隊與業務正在快速成長，目前在台灣有 30+ 位夥伴、並且在商業模式、客戶開發、消費者經營上有眾多的突破，期許未來能更加突飛猛進，讓更多價值能被創造！

［關於這個職位］
身為策略專案實習生，你會由高階主管直接帶領，直接協助專案的策略規劃、分析研究與方案推行，同時深度參與新創公司的發展與成長。

［職位主要工作］
1. 協助執行主管交辦之專案任務（包含但不限：分析、市場分析、產業研究、業務提案書、行銷企劃、顧客研究等 etc.) 
2. 製作專案分析所需要之企劃 &amp; 簡報素材
3. 資料彙整與會議紀錄
4. 協助參與各項商業活動、展會的舉辦
5. 協助跨部門團隊其他專案的執行
6. 其他主管交辦的協助事項
7. 協助正職同仁進行業務拓展與回應客戶需求

［實習時間］
以半年或一年期為優先，每週排班3日以上 (可彈性遠距)
實際實習時間可彈性溝通，履歷投遞請附上可以開始實習的時間

［能力與經驗需求］
1. 大三以上學生，不限商管背景，但期望有基礎商業邏輯思維
2. 強大的問題解決能力，能拆解複雜或陌生問題
3. 清晰的邏輯思維與商業洞見，喜歡深度思考，探究問題本質
4. 良好的溝通與表達能力，能夠理解主管指示並舉一反三
5. 細心與細節導向
6. 強烈的責任感與團隊意識
7. 創新思維，能夠從不同觀點嘗試解決服的問題
8. Fast learner - 針對陌生的議題能夠快速學習、舉一反三
9. 熟稔 MS Office Suites (PPT, EXCEL, Word) 

［加分項目］
1. 有新創、顧問或策略相關實習經驗
2. 熟悉/有興趣 CSR、ESG 或環境永續議題
3. 熟悉科技製造業 or 電商相關背景領域知識
4. 曾經接觸管理顧問或設計思考相關方法/社團/課程/競賽（e.g., CTPS/SCAP/Design Thinking/Consulting Clubs/Case Competition/創業競賽） 

［為什麼加入我們］
1. C-level 親自指導、扁平的學習機會與發揮空間
2. 實戰的專案學習機會，每一個專案都有可能落地看見 Impact
3. 新創的實戰經驗，每一個人都有機會接觸客戶與貢獻公司成長
4. 表現優異者優先轉正機會
5. 接觸 ESG、循環經濟的未來產業
6. 一群有理念、有想法、年輕聰明的團隊夥伴
7. 絕對辛苦但扎實有學習的實習歷練

[應徵方式]
請使用104投遞履歷","【PackAge+ 配客嘉】
配客嘉自 2019 年成立以來，致力於解決台灣每年電商市場所產生的 200,000,000 一次性包裝所帶來的碳排放問題，我們透過可重複使用的循環包裝，搭配自建循環系統，解決一次性包裝垃圾問題，目前在全台已有超過 4500 個包裝歸還點，與知名企業如：全家便利商店、EDWIN、AVEDA、蝦皮等合作。
現在，我們在打造更多永續與循環服務，等待你的創意與使命一起加入我們的改變！

團隊與業務正在快速成長，目前在台灣有 30+ 位夥伴、並且在商業模式、客戶開發、消費者經營上有眾多的突破，期許未來能更加突飛猛進，讓更多價值能被創造！

［關於這個職位］
身為策略專案實習生，你會由高階主管直接帶領，直接協助專案的策略規劃、分析研究與方案推行，同時深度參與新創公司的發展與成長。

［職位主要工作］
1. 協助執行主管交辦之專案任務（包含但不限：分析、市場分析、產業研究、業務提案書、行銷企劃、顧客研究等 etc.) 
2. 製作專案分析所需要之企劃 & 簡報素材
3. 資料彙整與會議紀錄
4. 協助參與各項商業活動、展會的舉辦
5. 協助跨部門團隊其他專案的執行
6. 其他主管交辦的協助事項
7. 協助正職同仁進行業務拓展與回應客戶需求

［實習時間］
以半年或一年期為優先，每週排班3日以上 (可彈性遠距)
實際實習時間可彈性溝通，履歷投遞請附上可以開始實習的時間

［能力與經驗需求］
1. 大三以上學生，不限商管背景，但期望有基礎商業邏輯思維
2. 強大的問題解決能力，能拆解複雜或陌生問題
3. 清晰的邏輯思維與商業洞見，喜歡深度思考，探究問題本質
4. 良好的溝通與表達能力，能夠理解主管指示並舉一反三
5. 細心與細節導向
6. 強烈的責任感與團隊意識
7. 創新思維，能夠從不同觀點嘗試解決服的問題
8. Fast learner - 針對陌生的議題能夠快速學習、舉一反三
9. 熟稔 MS Office Suites (PPT, EXCEL, Word) 

［加分項目］
1. 有新創、顧問或策略相關實習經驗
2. 熟悉/有興趣 CSR、ESG 或環境永續議題
3. 熟悉科技製造業 or 電商相關背景領域知識
4. 曾經接觸管理顧問或設計思考相關方法/社團/課程/競賽（e.g., CTPS/SCAP/Design Thinking/Consulting Clubs/Case Competition/創業競賽） 

［為什麼加入我們］
1. C-level 親自指導、扁平的學習機會與發揮空間
2. 實戰的專案學習機會，每一個專案都有可能落地看見 Impact
3. 新創的實戰經驗，每一個人都有機會接觸客戶與貢獻公司成長
4. 表現優異者優先轉正機會
5. 接觸 ESG、循環經濟的未來產業
6. 一群有理念、有想法、年輕聰明的團隊夥伴
7. 絕對辛苦但扎實有學習的實習歷練

[應徵方式]
請使用104投遞履歷",大學,00,不拘,00012,3,11~30人應徵,130000000150068,配客嘉股份有限公司,1009002003,物品租賃業,0001520,0001520,"日薪1,520元",40,20250602,6/02,0,0,,0,0,"【PackAge+ 配客嘉】
配客嘉自 2019 年成立以來，致力於解決台灣每年電商市場所產生的 200,000,000 一次性包裝所帶來的碳排放問題，我們透過可重複使用的循環包裝，搭配自建循環系統，解決一次性包裝垃圾問題，目前在全台已有超過 4500 個包裝歸還點，與知名企業如：全家便利商店、EDWIN、AVEDA、蝦皮等合作。
現在，我們在打造更多永續與循環服務，等待你的創意與使命一起加入我們的改變！

團隊與業務正在快速成長，目前在台灣有 30+ 位夥伴、並且在商業模式、客戶開發、消費者經營上有眾多的突破，期許未來能更加突飛猛進，讓更多價值能被創造！

［關於這個職位］
身為策略專案實習生，你會由高階主管直接帶領，直接協助專案的策略規劃、分析研究與方案推行，同時深度參與新創公司的發展與成長。

［職位主要工作］
1. 協助執行主管交辦之專案任務（包含但不限：分析、市場分析、產業研究、業務提案書、行銷企劃、顧客研究等 etc.) 
2. 製作專案分析所需要之企劃 &amp; 簡報素材
3. 資料彙整與會議紀錄
4. 協助參與各項商業活動、展會的舉辦
5. 協助跨部門團隊其他專案的執行
6. 其他主管交辦的協助事項
7. 協助正職同仁進行業務拓展與回應客戶需求

［實習時間］
以半年或一年期為優先，每週排班3日以上 (可彈性遠距)
實際實習時間可彈性溝通，履歷投遞請附上可以開始實習的時間

［能力與經驗需求］
1. 大三以上學生，不限商管背景，但期望有基礎商業邏輯思維
2. 強大的問題解決能力，能拆解複雜或陌生問題
3. 清晰的邏輯思維與商業洞見，喜歡深度思考，探究問題本質
4. 良好的溝通與表達能力，能夠理解主管指示並舉一反三
5. 細心與細節導向
6. 強烈的責任感與團隊意識
7. 創新思維，能夠從不同觀點嘗試解決服的問題
8. Fast learner - 針對陌生的議題能夠快速學習、舉一反三
9. 熟稔 MS Office Suites (PPT, EXCEL, Word) 

［加分項目］
1. 有新創、顧問或策略相關實習經驗
2. 熟悉/有興趣 CSR、ESG 或環境永續議題
3. 熟悉科技製造業 or 電商相關背景領域知識
4. 曾經接觸管理顧問或設計思考相關方法/社團/課程/競賽（e.g., CTPS/SCAP/Design Thinking/Consulting Clubs/Case Competition/創業競賽） 

［為什麼加入我們］
1. C-level 親自指導、扁平的學習機會與發揮空間
2. 實戰的專案學習機會，每一個專案都有可能落地看見 Impact
3. 新創的實戰經驗，每一個人都有機會接觸客戶與貢獻公司成長
4. 表現優異者優先轉正機會
5. 接觸 ESG、循環經濟的未來產業
6. 一群有理念、有想法、年輕聰明的團隊夥伴
7. 絕對辛苦但扎實有學習的實習歷練

[應徵方式]
請使用104投遞履歷","{'emp': {'desc': '員工30人', 'param': '4'}}",距捷運西門站約310公尺,"{'applyAnalyze': '//www.104.com.tw/jobs/apply/analysis/86pyz?channel=104rpt&jobsource=apply_analyze', 'job': '//www.104.com.tw/job/86pyz?jobsource=n104bank2', 'cust': '//www.104.com.tw/company/1a2x6bl73o?jobsource=n104bank2'}",,策略專案實習生 Strategic Project Intern,配客嘉股份有限公司,121.5113899,25.0419686,0,[],D,0.31,99001003013,捷運西門站,True,intern
0,12222449,AI影像標註員/實習生 (Annotator/Intern),AI影像標註員/實習生 (Annotator/<em class='b-txt--highlight'>Intern</em>),2,2,6001001003,台北市中山區,中山北路2段96號前棟14樓1413室,"[公司介紹]
PowerArena創辦人Ken是一名連續創業家，PowerArena是他所創立的第二個品牌。
從史丹佛(Stanford)名校畢業後，Ken的職業生涯始於美國Google總部，是Google首批華人員工之一，可說是親眼見證Google的成長。他開發的項目之一是尋找相關網頁的演算法，建立根據大數據來評估Google搜尋效果的系統，接著在2007年返回香港創辦了MotherApp，並於近幾年創辦了PowerArena。

PowerArena以人工智慧及大數據為基礎的智慧人流管理及分析系統為主要開發領域，該系統可適用於勞力密集的智慧工廠管理。PowerArena使用影像辨識及深度學習AI技術為製造業實時收集和分析生產現場資料，找出製造效率的瓶頸問題，達成優化生產效率的目的。

[工作職責]
在人工智慧的領域，大量且優質的影像數據是 AI 應用成功的關鍵之一。本職位之工作內容即為協助資料科學家整理、標註訓練用資料，建立良好的訓練數據庫。團隊正在徵求一群細心、具有良好溝通能力且樂於擁抱新科技的標註人才。

[招募對象]
• 過去曾有相關標註經驗的技術人才。
• 有企圖心以影像標註作為進入AI領域的跨界人才。
• 具備細心且快速學習力的優質人才。

[工作內容]
• AI影像標註。
• AI產品測試及回饋。
• 任務完成所需的交辦事項。

[彈性排班]
•  每週一至週五的工作時數至少為24小時，以半天(4小時)為單位。

","[公司介紹]
PowerArena創辦人Ken是一名連續創業家，PowerArena是他所創立的第二個品牌。
從史丹佛(Stanford)名校畢業後，Ken的職業生涯始於美國Google總部，是Google首批華人員工之一，可說是親眼見證Google的成長。他開發的項目之一是尋找相關網頁的演算法，建立根據大數據來評估Google搜尋效果的系統，接著在2007年返回香港創辦了MotherApp，並於近幾年創辦了PowerArena。

PowerArena以人工智慧及大數據為基礎的智慧人流管理及分析系統為主要開發領域，該系統可適用於勞力密集的智慧工廠管理。PowerArena使用影像辨識及深度學習AI技術為製造業實時收集和分析生產現場資料，找出製造效率的瓶頸問題，達成優化生產效率的目的。

[工作職責]
在人工智慧的領域，大量且優質的影像數據是 AI 應用成功的關鍵之一。本職位之工作內容即為協助資料科學家整理、標註訓練用資料，建立良好的訓練數據庫。團隊正在徵求一群細心、具有良好溝通能力且樂於擁抱新科技的標註人才。

[招募對象]
• 過去曾有相關標註經驗的技術人才。
• 有企圖心以影像標註作為進入AI領域的跨界人才。
• 具備細心且快速學習力的優質人才。

[工作內容]
• AI影像標註。
• AI產品測試及回饋。
• 任務完成所需的交辦事項。

[彈性排班]
•  每週一至週五的工作時數至少為24小時，以半天(4小時)為單位。

",專科,00,不拘,00014,3,11~30人應徵,130000000163800,百威雷科技有限公司,1001001006,其它軟體及網路相關業,0000190,0000190,時薪190元,30,20250602,6/02,0,0,,0,0,"[公司介紹]
PowerArena創辦人Ken是一名連續創業家，PowerArena是他所創立的第二個品牌。
從史丹佛(Stanford)名校畢業後，Ken的職業生涯始於美國Google總部，是Google首批華人員工之一，可說是親眼見證Google的成長。他開發的項目之一是尋找相關網頁的演算法，建立根據大數據來評估Google搜尋效果的系統，接著在2007年返回香港創辦了MotherApp，並於近幾年創辦了PowerArena。

PowerArena以人工智慧及大數據為基礎的智慧人流管理及分析系統為主要開發領域，該系統可適用於勞力密集的智慧工廠管理。PowerArena使用影像辨識及深度學習AI技術為製造業實時收集和分析生產現場資料，找出製造效率的瓶頸問題，達成優化生產效率的目的。

[工作職責]
在人工智慧的領域，大量且優質的影像數據是 AI 應用成功的關鍵之一。本職位之工作內容即為協助資料科學家整理、標註訓練用資料，建立良好的訓練數據庫。團隊正在徵求一群細心、具有良好溝通能力且樂於擁抱新科技的標註人才。

[招募對象]
• 過去曾有相關標註經驗的技術人才。
• 有企圖心以影像標註作為進入AI領域的跨界人才。
• 具備細心且快速學習力的優質人才。

[工作內容]
• AI影像標註。
• AI產品測試及回饋。
• 任務完成所需的交辦事項。

[彈性排班]
•  每週一至週五的工作時數至少為24小時，以半天(4小時)為單位。

","{'emp': {'desc': '員工30人', 'param': '4'}}",距捷運雙連站約270公尺,"{'applyAnalyze': '//www.104.com.tw/jobs/apply/analysis/79ywh?channel=104rpt&jobsource=apply_analyze', 'job': '//www.104.com.tw/job/79ywh?jobsource=n104bank2', 'cust': '//www.104.com.tw/company/1a2x6blhp4?jobsource=n104bank2'}",,AI影像標註員/實習生 (Annotator/Intern),百威雷科技有限公司,121.5225193,25.0594978,0,[],H,0.27,99001002011,捷運雙連站,True,intern
0,12314223,(Intern) Account Operations,(<em class='b-txt--highlight'>Intern</em>) Account Operations,2,2,6001001007,台北市信義區,松仁路123號6樓,"About the role
We are seeking for [[[Intern]]] for our Account Management team. He/She will manage all operations throughout the","About the role
We are seeking for Intern for our Account Management team. He/She will manage all operations throughout the",大學,00,不拘,00010,2,6~10人應徵,130000000042746,沛星互動科技股份有限公司,1001001004,多媒體傳播相關業,0000190,0000190,時薪190元,30,20250602,6/02,262144,0,,0,0,"About the role
We are seeking for <em class='b-txt--highlight'>Intern</em> for our Account Management team. He/She will manage all operations throughout the","{'emp': {'desc': '員工500人', 'param': '8'}, 'remote': {'desc': '遠端工作'}}",距捷運象山站約190公尺,"{'applyAnalyze': '//www.104.com.tw/jobs/apply/analysis/7bxpr?channel=104rpt&jobsource=apply_analyze', 'job': '//www.104.com.tw/job/7bxpr?jobsource=n104bank2', 'cust': '//www.104.com.tw/company/1a2x6biwai?jobsource=n104bank2'}",,(Intern) Account Operations,沛星互動科技股份有限公司,121.5692094,25.0342822,2,[],H,0.19,99001002001,捷運象山站,True,intern
0,14354385,影片剪輯與行銷實習生 Video Editing &amp; Marketing Intern,影片剪輯與行銷實習生 Video Editing &amp; Marketing <em class='b-txt--highlight'>Intern</em>,2,2,6001001003,台北市中山區,中山北路2段96號, a dedicated and creative Video Editing &amp; Marketing [[[Intern]]] to join our 6-month internship program. This role is part of our, a dedicated and creative Video Editing & Marketing Intern to join our 6-month internship program. This role is part of our,大學,00,不拘,00013,3,11~30人應徵,130000000163800,百威雷科技有限公司,1001001006,其它軟體及網路相關業,0000190,9999999,時薪190元以上,30,20250602,6/02,0,0,,0,0, a dedicated and creative Video Editing &amp; Marketing <em class='b-txt--highlight'>Intern</em> to join our 6-month internship program. This role is part of our,"{'emp': {'desc': '員工30人', 'param': '4'}}",距捷運雙連站約270公尺,"{'applyAnalyze': '//www.104.com.tw/jobs/apply/analysis/8jnwx?channel=104rpt&jobsource=apply_analyze', 'job': '//www.104.com.tw/job/8jnwx?jobsource=n104bank2', 'cust': '//www.104.com.tw/company/1a2x6blhp4?jobsource=n104bank2'}",,影片剪輯與行銷實習生 Video Editing & Marketing Intern,百威雷科技有限公司,121.5225228,25.0594999,0,"['商業及管理學科類', '大眾傳播學科類']",H,0.27,99001002011,捷運雙連站,False,intern
2,14340902,Intern實習生(Customer Consultancy Management)_客戶諮詢管理部,<em class='b-txt--highlight'>Intern</em>實習生(Customer Consultancy Management)_客戶諮詢管理部,2,2,6001001007,台北市信義區,信義路5段7號79樓,"職務內容：
1. 協助確認每日作業可正常執行，降低作業風險
2. 協助提供服務予來電查詢之客戶、準客戶、通路夥伴及業務夥伴
3. 協助電話線上解決來電者的問題及說明釋疑
4. 協助電話外撥執行法令相關規範電訪作業
5. 協助電話外撥通知保戶繳交保險費未成功者
6. 協助單位達成目標，並確認服務品質
7. 其他主管交辦任務

*歡迎大學、研究所之財務金融、保險、商學院背景同學投遞，能配合2025年7月1日至12月31日者優先。","職務內容：
1. 協助確認每日作業可正常執行，降低作業風險
2. 協助提供服務予來電查詢之客戶、準客戶、通路夥伴及業務夥伴
3. 協助電話線上解決來電者的問題及說明釋疑
4. 協助電話外撥執行法令相關規範電訪作業
5. 協助電話外撥通知保戶繳交保險費未成功者
6. 協助單位達成目標，並確認服務品質
7. 其他主管交辦任務

*歡迎大學、研究所之財務金融、保險、商學院背景同學投遞，能配合2025年7月1日至12月31日者優先。",大學,00,不拘,00012,3,11~30人應徵,16094897000,法商法國巴黎人壽保險股份有限公司台灣分公司,1004003001,人身保險業,0000200,0000200,時薪200元,30,20250602,6/02,4160,0,,0,0,"職務內容：
1. 協助確認每日作業可正常執行，降低作業風險
2. 協助提供服務予來電查詢之客戶、準客戶、通路夥伴及業務夥伴
3. 協助電話線上解決來電者的問題及說明釋疑
4. 協助電話外撥執行法令相關規範電訪作業
5. 協助電話外撥通知保戶繳交保險費未成功者
6. 協助單位達成目標，並確認服務品質
7. 其他主管交辦任務

*歡迎大學、研究所之財務金融、保險、商學院背景同學投遞，能配合2025年7月1日至12月31日者優先。","{'zoneForeign': {'desc': '外商公司', 'param': 5}, 'emp': {'desc': '員工400人', 'param': '7'}}",距捷運台北101/世貿站約210公尺,"{'applyAnalyze': '//www.104.com.tw/jobs/apply/analysis/8jdie?channel=104rpt&jobsource=apply_analyze', 'job': '//www.104.com.tw/job/8jdie?jobsource=n104bank2', 'cust': '//www.104.com.tw/company/7e6hi08?jobsource=n104bank2'}",,Intern實習生(Customer Consultancy Management)_客戶諮詢管理部,法商法國巴黎人壽保險股份有限公司台灣分公司,121.5645389,25.033976,0,"['財稅金融相關', '銀行保險相關', '一般商業學類']",H,0.21,99001002002,捷運台北101/世貿站,True,intern
2,14496099,【台北實習】設計實習生｜Design Intern,【台北實習】設計實習生｜Design <em class='b-txt--highlight'>Intern</em>,2,2,6001001010,台北市內湖區,堤頂大道二段301號,"如果你熱愛設計、熟悉社群趨勢，並希望在時尚美妝產業累積實戰經驗，歡迎加入我們的設計團隊！

【工作內容】
．各式Banner Resize及視覺優化
．共同參與設計靈感交流與討論
．設計稿件格式檢視與修正
．其他設計相關行政事務及主管交辦事項

【我們希望你具備】
．熟悉 Photoshop、Illustrator，對設計有美感與敏銳度
．熱愛社群，頻繁使用 Instagram，對視覺趨勢有基本理解
．細心負責、樂於學習、勇於提出想法
．擅長溝通協作，能夠與行銷團隊配合

【加分條件】
．具備動態設計能力（After Effects、Premiere 等）
．對美妝、時尚產業有高度興趣

【療癒福利】
．採光極佳、明亮舒適的工作環境，站著或坐著辦公都可以
．提供咖啡機、飲料吧，還有豐富零食和下午茶
．團隊年輕有活力，氛圍自在無拘束

※此實習職缺需配合至少半年，每週排班至少 20 小時
※投遞履歷請附上作品集，並註明每週可上班天數
※歡迎設計相關科系學生加入，恕不接受已畢業之求職者","如果你熱愛設計、熟悉社群趨勢，並希望在時尚美妝產業累積實戰經驗，歡迎加入我們的設計團隊！

【工作內容】
．各式Banner Resize及視覺優化
．共同參與設計靈感交流與討論
．設計稿件格式檢視與修正
．其他設計相關行政事務及主管交辦事項

【我們希望你具備】
．熟悉 Photoshop、Illustrator，對設計有美感與敏銳度
．熱愛社群，頻繁使用 Instagram，對視覺趨勢有基本理解
．細心負責、樂於學習、勇於提出想法
．擅長溝通協作，能夠與行銷團隊配合

【加分條件】
．具備動態設計能力（After Effects、Premiere 等）
．對美妝、時尚產業有高度興趣

【療癒福利】
．採光極佳、明亮舒適的工作環境，站著或坐著辦公都可以
．提供咖啡機、飲料吧，還有豐富零食和下午茶
．團隊年輕有活力，氛圍自在無拘束

※此實習職缺需配合至少半年，每週排班至少 20 小時
※投遞履歷請附上作品集，並註明每週可上班天數
※歡迎設計相關科系學生加入，恕不接受已畢業之求職者",大學,00,不拘,00012,3,11~30人應徵,130000000144438,聚美世股份有限公司,1002007007,化妝品製造業,0000200,9999999,時薪200元以上,30,20250602,6/02,4160,0,,0,0,"如果你熱愛設計、熟悉社群趨勢，並希望在時尚美妝產業累積實戰經驗，歡迎加入我們的設計團隊！

【工作內容】
．各式Banner Resize及視覺優化
．共同參與設計靈感交流與討論
．設計稿件格式檢視與修正
．其他設計相關行政事務及主管交辦事項

【我們希望你具備】
．熟悉 Photoshop、Illustrator，對設計有美感與敏銳度
．熱愛社群，頻繁使用 Instagram，對視覺趨勢有基本理解
．細心負責、樂於學習、勇於提出想法
．擅長溝通協作，能夠與行銷團隊配合

【加分條件】
．具備動態設計能力（After Effects、Premiere 等）
．對美妝、時尚產業有高度興趣

【療癒福利】
．採光極佳、明亮舒適的工作環境，站著或坐著辦公都可以
．提供咖啡機、飲料吧，還有豐富零食和下午茶
．團隊年輕有活力，氛圍自在無拘束

※此實習職缺需配合至少半年，每週排班至少 20 小時
※投遞履歷請附上作品集，並註明每週可上班天數
※歡迎設計相關科系學生加入，恕不接受已畢業之求職者","{'zoneForeign': {'desc': '外商公司', 'param': 5}, 'emp': {'desc': '員工70人', 'param': '5'}}",距捷運西湖站約450公尺,"{'applyAnalyze': '//www.104.com.tw/jobs/apply/analysis/8mp9f?channel=104rpt&jobsource=apply_analyze', 'job': '//www.104.com.tw/job/8mp9f?jobsource=n104bank2', 'cust': '//www.104.com.tw/company/1a2x6bl2ra?jobsource=n104bank2'}",,【台北實習】設計實習生｜Design Intern,聚美世股份有限公司,121.564746,25.0788501,0,[],H,0.45,99001001016,捷運西湖站,True,intern
0,13880859,艾爾芙公園行旅-櫃台實習生 ( Intern ),艾爾芙公園行旅-櫃台實習生 ( <em class='b-txt--highlight'>Intern</em> ),1,1,6001005012,桃園市大園區,大仁路109號,"{實習期間}：
半年 ~ 一年 實習

{實習單位}：
客務部：顧客接待、辦理入住，退房及帳務等相關作業。

- 基本勞健保皆有
- 實習生畢業留任，年資可累計
- 觀察期考核過後會依個人績效表現調整薪資","{實習期間}：
半年 ~ 一年 實習

{實習單位}：
客務部：顧客接待、辦理入住，退房及帳務等相關作業。

- 基本勞健保皆有
- 實習生畢業留任，年資可累計
- 觀察期考核過後會依個人績效表現調整薪資",專科,00,不拘,0,1,0~5人應徵,130000000188311,康豪國際有限公司,1016001001,旅館業,0000200,0000220,時薪200~220元,30,20250602,6/02,0,0,,0,0,"{實習期間}：
半年 ~ 一年 實習

{實習單位}：
客務部：顧客接待、辦理入住，退房及帳務等相關作業。

- 基本勞健保皆有
- 實習生畢業留任，年資可累計
- 觀察期考核過後會依個人績效表現調整薪資","{'emp': {'desc': '員工20人', 'param': '3'}}",距捷運領航站約470公尺,"{'applyAnalyze': '//www.104.com.tw/jobs/apply/analysis/89ijf?channel=104rpt&jobsource=apply_analyze', 'job': '//www.104.com.tw/job/89ijf?jobsource=n104bank2', 'cust': '//www.104.com.tw/company/1a2x6bm0lz?jobsource=n104bank2'}",,艾爾芙公園行旅-櫃台實習生 ( Intern ),康豪國際有限公司,121.2187139,25.020526,0,[],H,0.47,99002001017,捷運領航站,False,intern
0,14433120,招募顧問實習生/Recruitment Consultant Intern,招募顧問實習生/Recruitment Consultant <em class='b-txt--highlight'>Intern</em>,1,1,6001001004,台北市松山區,南京東路5段188號6樓之3,"喜歡與人互動、挑戰自我，並且擅於溝通、想拓展市場視野與人脈，並且對人資、獵頭或業務工作有興趣嗎？資深顧問擁有高科技專業領域10年以上經驗，手把手帶領實習生。歡迎你加入RecruitPlus！

【應徵條件】
1. 大四、碩班學生
2. 具備英文聽說讀寫能力 
3. 主動積極，勇於挑戰

【工作內容】 
1. 協助搜尋、評估與潛在的合適人選建立良好關係
2. 協助團隊達成其業務目標

【你可以學到】 
1. 對市場需求能有廣泛的了解，幫助職涯發展
2. 培養自主動積極的工作態度&amp;追求自我成長
3. 訓練邏輯思考、觀察能力、口語表達能力、談判技巧

【實習期間】 
為期至少6個月，平日9:00-18:00，午休1小時，每周能配合至少2天
","喜歡與人互動、挑戰自我，並且擅於溝通、想拓展市場視野與人脈，並且對人資、獵頭或業務工作有興趣嗎？資深顧問擁有高科技專業領域10年以上經驗，手把手帶領實習生。歡迎你加入RecruitPlus！

【應徵條件】
1. 大四、碩班學生
2. 具備英文聽說讀寫能力 
3. 主動積極，勇於挑戰

【工作內容】 
1. 協助搜尋、評估與潛在的合適人選建立良好關係
2. 協助團隊達成其業務目標

【你可以學到】 
1. 對市場需求能有廣泛的了解，幫助職涯發展
2. 培養自主動積極的工作態度&追求自我成長
3. 訓練邏輯思考、觀察能力、口語表達能力、談判技巧

【實習期間】 
為期至少6個月，平日9:00-18:00，午休1小時，每周能配合至少2天
",大學,00,不拘,00004,1,0~5人應徵,130000000245627,RecruitPlus_瑞科德管理顧問有限公司,1009001001,人力仲介代徵,0000200,9999999,時薪200元以上,30,20250602,6/02,0,0,,0,0,"喜歡與人互動、挑戰自我，並且擅於溝通、想拓展市場視野與人脈，並且對人資、獵頭或業務工作有興趣嗎？資深顧問擁有高科技專業領域10年以上經驗，手把手帶領實習生。歡迎你加入RecruitPlus！

【應徵條件】
1. 大四、碩班學生
2. 具備英文聽說讀寫能力 
3. 主動積極，勇於挑戰

【工作內容】 
1. 協助搜尋、評估與潛在的合適人選建立良好關係
2. 協助團隊達成其業務目標

【你可以學到】 
1. 對市場需求能有廣泛的了解，幫助職涯發展
2. 培養自主動積極的工作態度&amp;追求自我成長
3. 訓練邏輯思考、觀察能力、口語表達能力、談判技巧

【實習期間】 
為期至少6個月，平日9:00-18:00，午休1小時，每周能配合至少2天
",[],距捷運南京三民站約50公尺,"{'applyAnalyze': '//www.104.com.tw/jobs/apply/analysis/8lco0?channel=104rpt&jobsource=apply_analyze', 'job': '//www.104.com.tw/job/8lco0?jobsource=n104bank2', 'cust': '//www.104.com.tw/company/1a2x6bn8u3?jobsource=n104bank2'}",,招募顧問實習生/Recruitment Consultant Intern,RecruitPlus_瑞科德管理顧問有限公司,121.563625,25.0510235,0,[],H,0.05,99001003019,捷運南京三民站,False,intern
0,12691775,年度實習生 Intern,年度實習生 <em class='b-txt--highlight'>Intern</em>,1,1,6001002027,新北市淡水區,中正路1段2號,"一、實習職缺：
        客務 服務中心。
        房務 房務員。
        餐飲外場 中西式餐廳、酒吧外場服務員。
        餐飲內場 西式餐廳。
二、實習期間：一年制尤佳。
三、請告知有意願實習之單位及實習期間。
四、需配合填寫公司履歷，面試請著正式服裝。

","一、實習職缺：
        客務 服務中心。
        房務 房務員。
        餐飲外場 中西式餐廳、酒吧外場服務員。
        餐飲內場 西式餐廳。
二、實習期間：一年制尤佳。
三、請告知有意願實習之單位及實習期間。
四、需配合填寫公司履歷，面試請著正式服裝。

",高中,00,不拘,0,1,0~5人應徵,130000000117076,將捷金鬱金香酒店_將捷文創實業股份有限公司,1016001001,旅館業,0029000,0029000,"月薪29,000元",50,20250602,6/02,0,0,,0,0,"一、實習職缺：
        客務 服務中心。
        房務 房務員。
        餐飲外場 中西式餐廳、酒吧外場服務員。
        餐飲內場 西式餐廳。
二、實習期間：一年制尤佳。
三、請告知有意願實習之單位及實習期間。
四、需配合填寫公司履歷，面試請著正式服裝。

","{'emp': {'desc': '員工180人', 'param': '6'}}",,"{'applyAnalyze': '//www.104.com.tw/jobs/apply/analysis/7k11b?channel=104rpt&jobsource=apply_analyze', 'job': '//www.104.com.tw/job/7k11b?jobsource=n104bank2', 'cust': '//www.104.com.tw/company/1a2x6bkhn8?jobsource=n104bank2'}",,年度實習生 Intern,將捷金鬱金香酒店_將捷文創實業股份有限公司,121.4376359,25.1724298,0,"['餐旅服務相關', '觀光事務相關', '其他觀光服務相關']",M,,,,False,intern
0,13938239,AI 產品企劃實習生 AI Product Intern,AI 產品企劃實習生 AI Product <em class='b-txt--highlight'>Intern</em>,2,2,6001001007,台北市信義區,松德路65號8樓之2,"【關於未來巢】
Futurenest 未來巢是由一群對新科技充滿熱情的愛好者在社群中發起的團隊。未來「巢」，我們希望打造未來人才的孵化地，相信培育下一代不受限的人才會是公司最大的資產。在未來巢，我們聆聽每位夥伴的聲音，這裡沒有束縛，只有各種挑戰等著你去突破，歡迎充滿創意、不畏艱辛、擁抱挑戰、滿腔熱血的你，踏出第一步，加入未來巢！ 

我們相信 AI 能開啟全新的可能，致力於發展人工智慧解決方案；服務客戶跨及國內外一線公司，產業涵蓋金融、教育、汽車、電子、傳產、運輸、公衛、資訊等產業。

【PD 團隊】
未來巢的產品團隊對設計、創造充滿熱情，我們注重團隊合作、有效溝通，日常工作氣氛歡樂、有趣。歡迎加入我們，激發創造力並發揮你的更多想像，一起為更好的產品努力！

【工作內容】
- 協助 AI 應用產品的管理、設計及專案規劃，包括 Web APP 和 Mobile 系統的整合開發。
- 與產品設計、研發團隊合作，參與 AI 應用產品的開發和專案管理流程。
- 學習如何整合及釐清使用者需求，並將其轉換為實際系統開發規格及任務。
- 研究最新 GenAI 的發展趨勢，並將其應用轉換為產品藍圖。
- 分析國內外競爭環境及競品規格，參與業務及開發規劃。

【對你的期許】
- 對智能 AI 產品管理、專案管理或 Web 開發有興趣。
- 具備良好的溝通能力，能夠與客戶、團隊和其他相關利益相關者有效地溝通。
- 積極主動，有學習新知識和技能的態度。
- 對數據分析有基本理解，願意運用數據參與決策過程。
- 具備問題分析能力，能夠從大量資訊中抓取關鍵內容。
- 自主學習能力，願意不斷提升專業知識。

【這些很加分】
- 具生成式 AI、UIUX 等相關知識者。
- 主修商業、市場行銷、管理等相關專業者佳。
- 有相關實習經驗者。","【關於未來巢】
Futurenest 未來巢是由一群對新科技充滿熱情的愛好者在社群中發起的團隊。未來「巢」，我們希望打造未來人才的孵化地，相信培育下一代不受限的人才會是公司最大的資產。在未來巢，我們聆聽每位夥伴的聲音，這裡沒有束縛，只有各種挑戰等著你去突破，歡迎充滿創意、不畏艱辛、擁抱挑戰、滿腔熱血的你，踏出第一步，加入未來巢！ 

我們相信 AI 能開啟全新的可能，致力於發展人工智慧解決方案；服務客戶跨及國內外一線公司，產業涵蓋金融、教育、汽車、電子、傳產、運輸、公衛、資訊等產業。

【PD 團隊】
未來巢的產品團隊對設計、創造充滿熱情，我們注重團隊合作、有效溝通，日常工作氣氛歡樂、有趣。歡迎加入我們，激發創造力並發揮你的更多想像，一起為更好的產品努力！

【工作內容】
- 協助 AI 應用產品的管理、設計及專案規劃，包括 Web APP 和 Mobile 系統的整合開發。
- 與產品設計、研發團隊合作，參與 AI 應用產品的開發和專案管理流程。
- 學習如何整合及釐清使用者需求，並將其轉換為實際系統開發規格及任務。
- 研究最新 GenAI 的發展趨勢，並將其應用轉換為產品藍圖。
- 分析國內外競爭環境及競品規格，參與業務及開發規劃。

【對你的期許】
- 對智能 AI 產品管理、專案管理或 Web 開發有興趣。
- 具備良好的溝通能力，能夠與客戶、團隊和其他相關利益相關者有效地溝通。
- 積極主動，有學習新知識和技能的態度。
- 對數據分析有基本理解，願意運用數據參與決策過程。
- 具備問題分析能力，能夠從大量資訊中抓取關鍵內容。
- 自主學習能力，願意不斷提升專業知識。

【這些很加分】
- 具生成式 AI、UIUX 等相關知識者。
- 主修商業、市場行銷、管理等相關專業者佳。
- 有相關實習經驗者。",大學,00,不拘,00013,3,11~30人應徵,130000000218607,未來巢科技股份有限公司,1001001002,電腦軟體服務業,0000000,0000000,待遇面議,10,20250602,6/02,0,0,,0,0,"【關於未來巢】
Futurenest 未來巢是由一群對新科技充滿熱情的愛好者在社群中發起的團隊。未來「巢」，我們希望打造未來人才的孵化地，相信培育下一代不受限的人才會是公司最大的資產。在未來巢，我們聆聽每位夥伴的聲音，這裡沒有束縛，只有各種挑戰等著你去突破，歡迎充滿創意、不畏艱辛、擁抱挑戰、滿腔熱血的你，踏出第一步，加入未來巢！ 

我們相信 AI 能開啟全新的可能，致力於發展人工智慧解決方案；服務客戶跨及國內外一線公司，產業涵蓋金融、教育、汽車、電子、傳產、運輸、公衛、資訊等產業。

【PD 團隊】
未來巢的產品團隊對設計、創造充滿熱情，我們注重團隊合作、有效溝通，日常工作氣氛歡樂、有趣。歡迎加入我們，激發創造力並發揮你的更多想像，一起為更好的產品努力！

【工作內容】
- 協助 AI 應用產品的管理、設計及專案規劃，包括 Web APP 和 Mobile 系統的整合開發。
- 與產品設計、研發團隊合作，參與 AI 應用產品的開發和專案管理流程。
- 學習如何整合及釐清使用者需求，並將其轉換為實際系統開發規格及任務。
- 研究最新 GenAI 的發展趨勢，並將其應用轉換為產品藍圖。
- 分析國內外競爭環境及競品規格，參與業務及開發規劃。

【對你的期許】
- 對智能 AI 產品管理、專案管理或 Web 開發有興趣。
- 具備良好的溝通能力，能夠與客戶、團隊和其他相關利益相關者有效地溝通。
- 積極主動，有學習新知識和技能的態度。
- 對數據分析有基本理解，願意運用數據參與決策過程。
- 具備問題分析能力，能夠從大量資訊中抓取關鍵內容。
- 自主學習能力，願意不斷提升專業知識。

【這些很加分】
- 具生成式 AI、UIUX 等相關知識者。
- 主修商業、市場行銷、管理等相關專業者佳。
- 有相關實習經驗者。","{'emp': {'desc': '員工26人', 'param': '3'}}",距捷運永春站約280公尺,"{'applyAnalyze': '//www.104.com.tw/jobs/apply/analysis/8aqtb?channel=104rpt&jobsource=apply_analyze', 'job': '//www.104.com.tw/job/8aqtb?jobsource=n104bank2', 'cust': '//www.104.com.tw/company/1a2x6bmnzj?jobsource=n104bank2'}",,AI 產品企劃實習生 AI Product Intern,未來巢科技股份有限公司,121.576699,25.0384449,0,[],,0.28,99001005019,捷運永春站,True,intern
0,14026091,AI實習生 AI Intern(限碩博士在校生),AI實習生 AI <em class='b-txt--highlight'>Intern</em>(限碩博士在校生),1,1,6001006002,新竹縣竹北市,台元二街12號6樓之1,"1、精準醫療需求，開發次AI相關技術，建立生物資訊分析流程，協助AI 判讀建置。
2、具備生物資訊資料分析能力，並熟悉C/ C++, Python等開發程式語言。
3、機器學習及深度學習演算法程式撰寫，或熟悉 CUDA, Tensorflow, Pytorch, , Keras 等框架經驗尤佳。
4、各項智能健康產品之開發協助。
5、具程式開發能力，能根據需求，利用所研究工具來開發功能。
6、練訓資料搜集、優化，確保模型訓練所需的數據品質及提高判讀準確性。

• 週一至週五，每週至少3天。 
• 上班時間：08:30~17:30
• 實習期間需具有在校生身分。 
","1、精準醫療需求，開發次AI相關技術，建立生物資訊分析流程，協助AI 判讀建置。
2、具備生物資訊資料分析能力，並熟悉C/ C++, Python等開發程式語言。
3、機器學習及深度學習演算法程式撰寫，或熟悉 CUDA, Tensorflow, Pytorch, , Keras 等框架經驗尤佳。
4、各項智能健康產品之開發協助。
5、具程式開發能力，能根據需求，利用所研究工具來開發功能。
6、練訓資料搜集、優化，確保模型訓練所需的數據品質及提高判讀準確性。

• 週一至週五，每週至少3天。 
• 上班時間：08:30~17:30
• 實習期間需具有在校生身分。 
",碩士,00,不拘,00007,2,6~10人應徵,130000000093233,智感雲端科技股份有限公司,1001001001,電腦系統整合服務業,0000190,9999999,時薪190元以上,30,20250602,6/02,0,0,,0,0,"1、精準醫療需求，開發次AI相關技術，建立生物資訊分析流程，協助AI 判讀建置。
2、具備生物資訊資料分析能力，並熟悉C/ C++, Python等開發程式語言。
3、機器學習及深度學習演算法程式撰寫，或熟悉 CUDA, Tensorflow, Pytorch, , Keras 等框架經驗尤佳。
4、各項智能健康產品之開發協助。
5、具程式開發能力，能根據需求，利用所研究工具來開發功能。
6、練訓資料搜集、優化，確保模型訓練所需的數據品質及提高判讀準確性。

• 週一至週五，每週至少3天。 
• 上班時間：08:30~17:30
• 實習期間需具有在校生身分。 
","{'emp': {'desc': '員工18人', 'param': '3'}}",,"{'applyAnalyze': '//www.104.com.tw/jobs/apply/analysis/8cmln?channel=104rpt&jobsource=apply_analyze', 'job': '//www.104.com.tw/job/8cmln?jobsource=n104bank2', 'cust': '//www.104.com.tw/company/1a2x6bjz8x?jobsource=n104bank2'}",,AI實習生 AI Intern(限碩博士在校生),智感雲端科技股份有限公司,121.0165648,24.8406964,0,['資訊工程相關'],H,,,,True,intern
0,13865291,【鴻佰科技實習專區 Ingrasys Internship Program】-電源工程師 實習生(Power Intern) (實習廠區:土城),【鴻佰科技實習專區 Ingrasys Internship Program】-電源工程師 實習生(Power <em class='b-txt--highlight'>Intern</em>) (實習廠區:土城),2,2,6001002016,新北市土城區,自由街2號,"【Why Ingrasys】
鴻佰科技是世界級智慧型網路產品之技術領導者。
鴻佰科技的產品服務，支撐資通訊及元宇宙世代大量運算需求。
「掌握數據．掌控未來」Your Data, Our Mission. 

【Internship Timeline】
寒暑假full time
學期中每週3-5天以上

【Qualification】
電子、電機、資管、相關科系
熟悉電子電路基本概念
熟悉Orcad 與 PCB editor
積極主動、樂於助人、正向樂觀
具備執行能力、勇於挑戰與創新精神

【Assignment】
* 負責雲端Server伺服器的相關工作
 Server DC-DC 電源線路設計應用及電源管理
 協助電源部門專案測試及報告撰寫
 協助電源部門處理庶務事項

【Learning Objective】
學習 AI Server 科技業專案流程、專案規劃與執行
深入了解系統廠製造廠區工作日常，累積硬體實務經驗。

【實習期間】：
 *自即日起-2026/6 大四/碩二 (全學年or 半年實習)
＊實習專案條件：必須為在校生 (身份不符不另作通知)
＊能長期實習，實習時間可與單位主管商議討論
","【Why Ingrasys】
鴻佰科技是世界級智慧型網路產品之技術領導者。
鴻佰科技的產品服務，支撐資通訊及元宇宙世代大量運算需求。
「掌握數據．掌控未來」Your Data, Our Mission. 

【Internship Timeline】
寒暑假full time
學期中每週3-5天以上

【Qualification】
電子、電機、資管、相關科系
熟悉電子電路基本概念
熟悉Orcad 與 PCB editor
積極主動、樂於助人、正向樂觀
具備執行能力、勇於挑戰與創新精神

【Assignment】
* 負責雲端Server伺服器的相關工作
 Server DC-DC 電源線路設計應用及電源管理
 協助電源部門專案測試及報告撰寫
 協助電源部門處理庶務事項

【Learning Objective】
學習 AI Server 科技業專案流程、專案規劃與執行
深入了解系統廠製造廠區工作日常，累積硬體實務經驗。

【實習期間】：
 *自即日起-2026/6 大四/碩二 (全學年or 半年實習)
＊實習專案條件：必須為在校生 (身份不符不另作通知)
＊能長期實習，實習時間可與單位主管商議討論
",大學,00,不拘,00012,3,11~30人應徵,13007907000,鴻佰科技股份有限公司,1001003001,電腦及其週邊設備製造業,0000190,0000200,時薪190~200元,30,20250602,6/02,0,0,,0,0,"【Why Ingrasys】
鴻佰科技是世界級智慧型網路產品之技術領導者。
鴻佰科技的產品服務，支撐資通訊及元宇宙世代大量運算需求。
「掌握數據．掌控未來」Your Data, Our Mission. 

【Internship Timeline】
寒暑假full time
學期中每週3-5天以上

【Qualification】
電子、電機、資管、相關科系
熟悉電子電路基本概念
熟悉Orcad 與 PCB editor
積極主動、樂於助人、正向樂觀
具備執行能力、勇於挑戰與創新精神

【Assignment】
* 負責雲端Server伺服器的相關工作
 Server DC-DC 電源線路設計應用及電源管理
 協助電源部門專案測試及報告撰寫
 協助電源部門處理庶務事項

【Learning Objective】
學習 AI Server 科技業專案流程、專案規劃與執行
深入了解系統廠製造廠區工作日常，累積硬體實務經驗。

【實習期間】：
 *自即日起-2026/6 大四/碩二 (全學年or 半年實習)
＊實習專案條件：必須為在校生 (身份不符不另作通知)
＊能長期實習，實習時間可與單位主管商議討論
","{'emp': {'desc': '員工2000人', 'param': '8'}}",,"{'applyAnalyze': '//www.104.com.tw/jobs/apply/analysis/896iz?channel=104rpt&jobsource=apply_analyze', 'job': '//www.104.com.tw/job/896iz?jobsource=n104bank2', 'cust': '//www.104.com.tw/company/5z4kla0?jobsource=n104bank2'}",,【鴻佰科技實習專區 Ingrasys Internship Program】-電源工程師 實習生(Power Intern) (實習廠區:土城),鴻佰科技股份有限公司,121.421374,24.9661064,0,"['電機電子工程相關', '資訊工程相關']",H,,,,True,intern
2,13878820,Sales Intern 成衣業務實習／工讀生,Sales <em class='b-txt--highlight'>Intern</em> 成衣業務實習／工讀生,2,2,6001001005,台北市大安區,敦化南路二段97號10樓,"【上市集團總公司業務部實習】
1. 協助業務訂單資料輸入。
2. 核對色卡，比對樣品與產品顏色。
3. 了解產業動態，蒐集及報告分析產業資訊。
4. 其他主管交辦事項。

※ 實習計劃3個月以上，表現優良者可優先取得轉正機會。
※ 歡迎在學實習／工讀，對成衣有興趣者應徵。","【上市集團總公司業務部實習】
1. 協助業務訂單資料輸入。
2. 核對色卡，比對樣品與產品顏色。
3. 了解產業動態，蒐集及報告分析產業資訊。
4. 其他主管交辦事項。

※ 實習計劃3個月以上，表現優良者可優先取得轉正機會。
※ 歡迎在學實習／工讀，對成衣有興趣者應徵。",高中,00,不拘,0,1,0~5人應徵,33111800000,光隆實業股份有限公司,1002003002,紡織成衣業,0000190,9999999,時薪190元以上,30,20250602,6/02,34607104,0,,0,0,"【上市集團總公司業務部實習】
1. 協助業務訂單資料輸入。
2. 核對色卡，比對樣品與產品顏色。
3. 了解產業動態，蒐集及報告分析產業資訊。
4. 其他主管交辦事項。

※ 實習計劃3個月以上，表現優良者可優先取得轉正機會。
※ 歡迎在學實習／工讀，對成衣有興趣者應徵。","{'zone': {'desc': '上市上櫃', 'param': 16}, 'emp': {'desc': '員工4539人', 'param': '8'}}",,"{'applyAnalyze': '//www.104.com.tw/jobs/apply/analysis/89gys?channel=104rpt&jobsource=apply_analyze', 'job': '//www.104.com.tw/job/89gys?jobsource=n104bank2', 'cust': '//www.104.com.tw/company/f7lwse8?jobsource=n104bank2'}",,Sales Intern 成衣業務實習／工讀生,光隆實業股份有限公司,121.5492864,25.0288962,0,[],H,,,,False,intern
2,14520516,學生實習-Communications Intern,學生實習-Communications <em class='b-txt--highlight'>Intern</em>,5,2,6001001010,台北市內湖區,瑞光路335號17樓B棟,"About Infineon Technologies: 
Infineon Technologies AG is a global semiconductor leader in power systems and IoT. Infineon drives decarbonization and digitalization with its products and solutions. The company has around 58,060 employees worldwide and generated revenue of about €15 billion in the 2024 fiscal year (ending 30 September).

Position Description:
We are looking for a self-motivated undergraduate/ graduate student who can commit at least 20-30 hours a week to assist a range of tasks, including but not limited to external and internal communications campaign/event execution, creating social media posts and graphics for owned and paid social media channels, basic video editing, latest market trends/news monitoring; and other relevant duties assigned. 

The schedule is flexible and can be adjusted to accommodate academic schedule. 
Please email cover letter and resume to Emmy Yi at &quot;emmy.yi@infineon.com&quot; with the subject line “Infineon Communications Internship Application”. If you have a portfolio or work samples, please include them. The deadline to apply is March 31 at midnight. 
","About Infineon Technologies: 
Infineon Technologies AG is a global semiconductor leader in power systems and IoT. Infineon drives decarbonization and digitalization with its products and solutions. The company has around 58,060 employees worldwide and generated revenue of about €15 billion in the 2024 fiscal year (ending 30 September).

Position Description:
We are looking for a self-motivated undergraduate/ graduate student who can commit at least 20-30 hours a week to assist a range of tasks, including but not limited to external and internal communications campaign/event execution, creating social media posts and graphics for owned and paid social media channels, basic video editing, latest market trends/news monitoring; and other relevant duties assigned. 

The schedule is flexible and can be adjusted to accommodate academic schedule. 
Please email cover letter and resume to Emmy Yi at ""emmy.yi@infineon.com"" with the subject line “Infineon Communications Internship Application”. If you have a portfolio or work samples, please include them. The deadline to apply is March 31 at midnight. 
",大學,00,不拘,00016,3,11~30人應徵,80673823000,台灣英飛凌科技股份有限公司,1001006002,半導體製造業,0000210,9999999,時薪210元以上,30,20250602,6/02,4104,0,,0,0,"About Infineon Technologies: 
Infineon Technologies AG is a global semiconductor leader in power systems and IoT. Infineon drives decarbonization and digitalization with its products and solutions. The company has around 58,060 employees worldwide and generated revenue of about €15 billion in the 2024 fiscal year (ending 30 September).

Position Description:
We are looking for a self-motivated undergraduate/ graduate student who can commit at least 20-30 hours a week to assist a range of tasks, including but not limited to external and internal communications campaign/event execution, creating social media posts and graphics for owned and paid social media channels, basic video editing, latest market trends/news monitoring; and other relevant duties assigned. 

The schedule is flexible and can be adjusted to accommodate academic schedule. 
Please email cover letter and resume to Emmy Yi at &quot;emmy.yi@infineon.com&quot; with the subject line “Infineon Communications Internship Application”. If you have a portfolio or work samples, please include them. The deadline to apply is March 31 at midnight. 
","{'zoneForeign': {'desc': '外商公司', 'param': 5}, 'emp': {'desc': '員工400人', 'param': '7'}}",距捷運港墘站約290公尺,"{'applyAnalyze': '//www.104.com.tw/jobs/apply/analysis/8n83o?channel=104rpt&jobsource=apply_analyze', 'job': '//www.104.com.tw/job/8n83o?jobsource=n104bank2', 'cust': '//www.104.com.tw/company/1127407s?jobsource=n104bank2'}",,學生實習-Communications Intern,台灣英飛凌科技股份有限公司,121.5750009,25.0774939,0,[],H,0.29,99001001017,捷運港墘站,False,intern
2,14263966,台北亞都麗緻大飯店-實習生 Intern,台北亞都麗緻大飯店-實習生 <em class='b-txt--highlight'>Intern</em>,1,1,6001001003,台北市中山區,民權東路二段41號(104),"~和一群充滿活力朝氣的同仁，成就精彩洋溢的自己~
敬邀您和我們一起迎接成為亞太地區最家餐旅品牌標竿！
我們期待團隊的毎一位同仁皆能善盡主人之殷勤，熱切接待每一位下榻貴賓，「體貼入心，更甚於家」讓賓客時刻感受如家般的舒適自在。台北亞都麗緻大飯店受國內外無數次獲獎肯定、完善的教育訓練與精深專業的學習，將引領您邁向職人之途，閃耀不平凡的毎一天!
唯一一家飯店僅有三家餐廳，有兩家餐廳(天香樓&amp;巴黎廳1930X高山英紀)獲頒米其林獎項。

【麗緻坊】向來以提供道地經典的歐式糕點與麵包聞名，除了每天新鮮現做的商品之外，逢年過節更有特別的節慶商品。歡迎喜歡與客人互動、熱愛面對挑戰的你加入。
 
【實習期間】 半年~一年期實習

【福利制度】享正職福利

【實習單位及工作內容】

*客務部-訂房、客服專員：有耐心、有服務熱忱、有良好溝通能力。負責協助電話轉接及留言透過電話為顧客提供服務及資訊。訂房相關業務。英、日文語文專長擇一尤佳。 

*房務部-房務員：房間清潔整理及打掃。樓層備品補充及樓層年度保養工作。. 

*餐飲部-中、西餐外場服務員：外場服務包含餐點介紹、帶位。協助餐廳營業前準備作業。顧客用餐情況關心之顧客關係建立。

*餐飲部-中、西廚房或烘焙助理廚師：準備食材及整理食材。協助製作配料、醬汁、湯、冷盤及其他主要餐點。協助出餐、相關衛生清潔工作。保持烹飪材料的適當存量，提出申購或請領。具中西餐烹調丙級證照尤佳。

＊麗緻坊-門市服務員：親切介紹及銷售門市商品、真誠接待顧客並提供服務、用心控管品質、銷售管理及庫存管理、細心完成產品包裝與門市陳列工作。 

【實習生專屬活動】
實習生會議、實習生專屬課程、實習生畢業前報告、實習生畢業典禮。

【畢業後回任】畢業後直接回任之實習生，無須試用期、回任後立即享有福利、回任後即可領取績效獎金、回任即合併實習期間年資計算，例如實習一年則回任立即享有 7 天年假 福利。唯如實習期間因超過一年已於實習期間享有 7 天年假福利除外!
","~和一群充滿活力朝氣的同仁，成就精彩洋溢的自己~
敬邀您和我們一起迎接成為亞太地區最家餐旅品牌標竿！
我們期待團隊的毎一位同仁皆能善盡主人之殷勤，熱切接待每一位下榻貴賓，「體貼入心，更甚於家」讓賓客時刻感受如家般的舒適自在。台北亞都麗緻大飯店受國內外無數次獲獎肯定、完善的教育訓練與精深專業的學習，將引領您邁向職人之途，閃耀不平凡的毎一天!
唯一一家飯店僅有三家餐廳，有兩家餐廳(天香樓&巴黎廳1930X高山英紀)獲頒米其林獎項。

【麗緻坊】向來以提供道地經典的歐式糕點與麵包聞名，除了每天新鮮現做的商品之外，逢年過節更有特別的節慶商品。歡迎喜歡與客人互動、熱愛面對挑戰的你加入。
 
【實習期間】 半年~一年期實習

【福利制度】享正職福利

【實習單位及工作內容】

*客務部-訂房、客服專員：有耐心、有服務熱忱、有良好溝通能力。負責協助電話轉接及留言透過電話為顧客提供服務及資訊。訂房相關業務。英、日文語文專長擇一尤佳。 

*房務部-房務員：房間清潔整理及打掃。樓層備品補充及樓層年度保養工作。. 

*餐飲部-中、西餐外場服務員：外場服務包含餐點介紹、帶位。協助餐廳營業前準備作業。顧客用餐情況關心之顧客關係建立。

*餐飲部-中、西廚房或烘焙助理廚師：準備食材及整理食材。協助製作配料、醬汁、湯、冷盤及其他主要餐點。協助出餐、相關衛生清潔工作。保持烹飪材料的適當存量，提出申購或請領。具中西餐烹調丙級證照尤佳。

＊麗緻坊-門市服務員：親切介紹及銷售門市商品、真誠接待顧客並提供服務、用心控管品質、銷售管理及庫存管理、細心完成產品包裝與門市陳列工作。 

【實習生專屬活動】
實習生會議、實習生專屬課程、實習生畢業前報告、實習生畢業典禮。

【畢業後回任】畢業後直接回任之實習生，無須試用期、回任後立即享有福利、回任後即可領取績效獎金、回任即合併實習期間年資計算，例如實習一年則回任立即享有 7 天年假 福利。唯如實習期間因超過一年已於實習期間享有 7 天年假福利除外!
",高中,00,不拘,00004,1,0~5人應徵,12144501000,麗緻餐旅集團_亞都麗緻大飯店股份有限公司,1016001001,旅館業,0030000,0032000,"月薪30,000~32,000元",50,20250602,6/02,1052672,0,,0,0,"~和一群充滿活力朝氣的同仁，成就精彩洋溢的自己~
敬邀您和我們一起迎接成為亞太地區最家餐旅品牌標竿！
我們期待團隊的毎一位同仁皆能善盡主人之殷勤，熱切接待每一位下榻貴賓，「體貼入心，更甚於家」讓賓客時刻感受如家般的舒適自在。台北亞都麗緻大飯店受國內外無數次獲獎肯定、完善的教育訓練與精深專業的學習，將引領您邁向職人之途，閃耀不平凡的毎一天!
唯一一家飯店僅有三家餐廳，有兩家餐廳(天香樓&amp;巴黎廳1930X高山英紀)獲頒米其林獎項。

【麗緻坊】向來以提供道地經典的歐式糕點與麵包聞名，除了每天新鮮現做的商品之外，逢年過節更有特別的節慶商品。歡迎喜歡與客人互動、熱愛面對挑戰的你加入。
 
【實習期間】 半年~一年期實習

【福利制度】享正職福利

【實習單位及工作內容】

*客務部-訂房、客服專員：有耐心、有服務熱忱、有良好溝通能力。負責協助電話轉接及留言透過電話為顧客提供服務及資訊。訂房相關業務。英、日文語文專長擇一尤佳。 

*房務部-房務員：房間清潔整理及打掃。樓層備品補充及樓層年度保養工作。. 

*餐飲部-中、西餐外場服務員：外場服務包含餐點介紹、帶位。協助餐廳營業前準備作業。顧客用餐情況關心之顧客關係建立。

*餐飲部-中、西廚房或烘焙助理廚師：準備食材及整理食材。協助製作配料、醬汁、湯、冷盤及其他主要餐點。協助出餐、相關衛生清潔工作。保持烹飪材料的適當存量，提出申購或請領。具中西餐烹調丙級證照尤佳。

＊麗緻坊-門市服務員：親切介紹及銷售門市商品、真誠接待顧客並提供服務、用心控管品質、銷售管理及庫存管理、細心完成產品包裝與門市陳列工作。 

【實習生專屬活動】
實習生會議、實習生專屬課程、實習生畢業前報告、實習生畢業典禮。

【畢業後回任】畢業後直接回任之實習生，無須試用期、回任後立即享有福利、回任後即可領取績效獎金、回任即合併實習期間年資計算，例如實習一年則回任立即享有 7 天年假 福利。唯如實習期間因超過一年已於實習期間享有 7 天年假福利除外!
","{'zone': {'desc': '上市上櫃', 'param': 16}, 'emp': {'desc': '員工200人', 'param': '6'}}",距捷運中山國小站約360公尺,"{'applyAnalyze': '//www.104.com.tw/jobs/apply/analysis/8hq5a?channel=104rpt&jobsource=apply_analyze', 'job': '//www.104.com.tw/job/8hq5a?jobsource=n104bank2', 'cust': '//www.104.com.tw/company/5kuisy0?jobsource=n104bank2'}",,台北亞都麗緻大飯店-實習生 Intern,麗緻餐旅集團_亞都麗緻大飯店股份有限公司,121.5300336,25.062917,0,[],M,0.36,99001004010,捷運中山國小站,False,intern
2,14529632,【2025橘子集團實習生計畫】測試實習生（QA Intern）,【2025橘子集團實習生計畫】測試實習生（QA <em class='b-txt--highlight'>Intern</em>）,2,2,6001001010,台北市內湖區,瑞湖街111號,"【2025 橘子集團實習生計畫】

*實習期間：2025/7/1 - 2025/8/29
*工作地點：內湖
*面試期間：即日起至五月底，未合格者恕不另行通知
*任務依專案狀況進行調整

【實習任務】
主要實習任務：熟悉軟體開發團隊分工與合作並了解完整軟體開發生命週期及網路產業生態，理解大型產品架構設計及學會彈性思考與突破框架，深入經歷完整開發現場，實際了解戰場生態
一起打怪冒險，協助整體團隊進行重要專案並達成任務目標！

【實習條件】
1.全台大專院校在學生，只要於實習期間符合在學生資格，皆可報名參加。
2.接觸過軟體工程及軟體測試概念：Unit Test、Integration Test、Automation Test等。
3.接觸過測試腳本撰寫概念。
4.邏輯清晰、善於發現及頗析問題。
5.樂於與人溝通以解決產品問題或需求。

【實習內容】
1. 根據產品規格，制定測試計劃以及撰寫測試案例。
2. 配合版本發佈計畫，執行測試工作，產出產品測試報告，把關產品上線品質。
3. 產品日常維運問題案件處理，與客服、營運、RD、PM配合釐清問題發生情境、找出問題根因，並回饋相關人員進行修正，追蹤問題處理情況 。

【需求技能】
•  接觸過軟體工程及軟體測試概念：Unit Test、Integration Test、Automation Test等。 
•  接觸過測試腳本撰寫概念。
•  邏輯清晰、善於發現及頗析問題。
•  樂於與人溝通以解決產品問題或需求。

【加分條件】
我們期待你能擁有批判性思考的能力，對於產品有想法且備推動解決方案的自驅力，個性積極且能與團隊合作，並具備探索創新的熱情。","【2025 橘子集團實習生計畫】

*實習期間：2025/7/1 - 2025/8/29
*工作地點：內湖
*面試期間：即日起至五月底，未合格者恕不另行通知
*任務依專案狀況進行調整

【實習任務】
主要實習任務：熟悉軟體開發團隊分工與合作並了解完整軟體開發生命週期及網路產業生態，理解大型產品架構設計及學會彈性思考與突破框架，深入經歷完整開發現場，實際了解戰場生態
一起打怪冒險，協助整體團隊進行重要專案並達成任務目標！

【實習條件】
1.全台大專院校在學生，只要於實習期間符合在學生資格，皆可報名參加。
2.接觸過軟體工程及軟體測試概念：Unit Test、Integration Test、Automation Test等。
3.接觸過測試腳本撰寫概念。
4.邏輯清晰、善於發現及頗析問題。
5.樂於與人溝通以解決產品問題或需求。

【實習內容】
1. 根據產品規格，制定測試計劃以及撰寫測試案例。
2. 配合版本發佈計畫，執行測試工作，產出產品測試報告，把關產品上線品質。
3. 產品日常維運問題案件處理，與客服、營運、RD、PM配合釐清問題發生情境、找出問題根因，並回饋相關人員進行修正，追蹤問題處理情況 。

【需求技能】
•  接觸過軟體工程及軟體測試概念：Unit Test、Integration Test、Automation Test等。 
•  接觸過測試腳本撰寫概念。
•  邏輯清晰、善於發現及頗析問題。
•  樂於與人溝通以解決產品問題或需求。

【加分條件】
我們期待你能擁有批判性思考的能力，對於產品有想法且備推動解決方案的自驅力，個性積極且能與團隊合作，並具備探索創新的熱情。",專科,00,不拘,00011,3,11~30人應徵,89550029000,遊戲橘子數位科技股份有限公司,1001001006,其它軟體及網路相關業,0000190,0000190,時薪190元,30,20250602,6/02,3412096,0,,0,0,"【2025 橘子集團實習生計畫】

*實習期間：2025/7/1 - 2025/8/29
*工作地點：內湖
*面試期間：即日起至五月底，未合格者恕不另行通知
*任務依專案狀況進行調整

【實習任務】
主要實習任務：熟悉軟體開發團隊分工與合作並了解完整軟體開發生命週期及網路產業生態，理解大型產品架構設計及學會彈性思考與突破框架，深入經歷完整開發現場，實際了解戰場生態
一起打怪冒險，協助整體團隊進行重要專案並達成任務目標！

【實習條件】
1.全台大專院校在學生，只要於實習期間符合在學生資格，皆可報名參加。
2.接觸過軟體工程及軟體測試概念：Unit Test、Integration Test、Automation Test等。
3.接觸過測試腳本撰寫概念。
4.邏輯清晰、善於發現及頗析問題。
5.樂於與人溝通以解決產品問題或需求。

【實習內容】
1. 根據產品規格，制定測試計劃以及撰寫測試案例。
2. 配合版本發佈計畫，執行測試工作，產出產品測試報告，把關產品上線品質。
3. 產品日常維運問題案件處理，與客服、營運、RD、PM配合釐清問題發生情境、找出問題根因，並回饋相關人員進行修正，追蹤問題處理情況 。

【需求技能】
•  接觸過軟體工程及軟體測試概念：Unit Test、Integration Test、Automation Test等。 
•  接觸過測試腳本撰寫概念。
•  邏輯清晰、善於發現及頗析問題。
•  樂於與人溝通以解決產品問題或需求。

【加分條件】
我們期待你能擁有批判性思考的能力，對於產品有想法且備推動解決方案的自驅力，個性積極且能與團隊合作，並具備探索創新的熱情。","{'zone': {'desc': '上市上櫃', 'param': 16}, 'emp': {'desc': '員工1000人', 'param': '8'}}",,"{'applyAnalyze': '//www.104.com.tw/jobs/apply/analysis/8nf4w?channel=104rpt&jobsource=apply_analyze', 'job': '//www.104.com.tw/job/8nf4w?jobsource=n104bank2', 'cust': '//www.104.com.tw/company/154zrwlk?jobsource=n104bank2'}",,【2025橘子集團實習生計畫】測試實習生（QA Intern）,遊戲橘子數位科技股份有限公司,121.5764728,25.0716583,0,[],H,,,,False,intern
2,14621410,Richemont_ HR Intern,Richemont_ HR <em class='b-txt--highlight'>Intern</em>,2,2,6001001004,台北市松山區,民生東路三段109號12樓,"MAIN PURPOSE
Cultivate future talents to familiarize them with the workplace, assist in handling HR operational tasks before university graduation, and further engage and exchange the new way of working.

Main Responsibilities

General People Operation Support 
•	Assisting with maintenance of employee data and relevant information  
•	Support L&amp;D administration

Employee Engagement Projects Support
•	Support CSR &amp; DEI events
•	Coordination of employee engagement activities
•	Preparation of HR Newsletter

Talent Acquisition Project
•	Support TA initiative and daily routine 
","MAIN PURPOSE
Cultivate future talents to familiarize them with the workplace, assist in handling HR operational tasks before university graduation, and further engage and exchange the new way of working.

Main Responsibilities

General People Operation Support 
•	Assisting with maintenance of employee data and relevant information  
•	Support L&D administration

Employee Engagement Projects Support
•	Support CSR & DEI events
•	Coordination of employee engagement activities
•	Preparation of HR Newsletter

Talent Acquisition Project
•	Support TA initiative and daily routine 
",大學,00,不拘,00023,3,11~30人應徵,84711433000,"Richemont Asia Pacific Ltd., Taiwan Branch_香港商歷峯亞太有限公司台灣分公司",1003002008,首飾及貴金屬零售業,0000200,0000200,時薪200元,30,20250602,6/02,4160,0,,0,0,"MAIN PURPOSE
Cultivate future talents to familiarize them with the workplace, assist in handling HR operational tasks before university graduation, and further engage and exchange the new way of working.

Main Responsibilities

General People Operation Support 
•	Assisting with maintenance of employee data and relevant information  
•	Support L&amp;D administration

Employee Engagement Projects Support
•	Support CSR &amp; DEI events
•	Coordination of employee engagement activities
•	Preparation of HR Newsletter

Talent Acquisition Project
•	Support TA initiative and daily routine 
","{'zoneForeign': {'desc': '外商公司', 'param': 5}, 'emp': {'desc': '員工550人', 'param': '8'}}",距捷運中山國中站約310公尺,"{'applyAnalyze': '//www.104.com.tw/jobs/apply/analysis/8pdya?channel=104rpt&jobsource=apply_analyze', 'job': '//www.104.com.tw/job/8pdya?jobsource=n104bank2', 'cust': '//www.104.com.tw/company/12wz0014?jobsource=n104bank2'}",,Richemont_ HR Intern,"Richemont Asia Pacific Ltd., Taiwan Branch_香港商歷峯亞太有限公司台灣分公司",121.5452225,25.0580756,0,[],H,0.31,99001001012,捷運中山國中站,True,intern
2,14533889,【2025 Infineon Intern Program】Sales &amp; Marketing Operations Support Intern,【2025 Infineon <em class='b-txt--highlight'>Intern</em> Program】Sales &amp; Marketing Operations Support <em class='b-txt--highlight'>Intern</em>,2,2,6001001010,台北市內湖區,瑞光路335號17樓B棟,"Role Overview:

We are looking for an enthusiastic [[[intern]]] to join our Sales &amp; Marketing Operations team. This role offers","Role Overview:

We are looking for an enthusiastic intern to join our Sales & Marketing Operations team. This role offers",大學,00,不拘,00022,3,11~30人應徵,80673823000,台灣英飛凌科技股份有限公司,1001006002,半導體製造業,0030000,0030000,"部分工時(月薪)30,000元",70,20250602,6/02,4104,0,,0,0,"Role Overview:

We are looking for an enthusiastic <em class='b-txt--highlight'>intern</em> to join our Sales &amp; Marketing Operations team. This role offers","{'zoneForeign': {'desc': '外商公司', 'param': 5}, 'emp': {'desc': '員工400人', 'param': '7'}}",距捷運港墘站約290公尺,"{'applyAnalyze': '//www.104.com.tw/jobs/apply/analysis/8nif5?channel=104rpt&jobsource=apply_analyze', 'job': '//www.104.com.tw/job/8nif5?jobsource=n104bank2', 'cust': '//www.104.com.tw/company/1127407s?jobsource=n104bank2'}",,【2025 Infineon Intern Program】Sales & Marketing Operations Support Intern,台灣英飛凌科技股份有限公司,121.5750009,25.0774939,0,[],,0.29,99001001017,捷運港墘站,True,intern
0,14333852,【RecruitFirst 内部招募 - 正職/實習生】專業招募顧問 Recruitment Consultant / Intern,【RecruitFirst 内部招募 - 正職/實習生】專業招募顧問 Recruitment Consultant / <em class='b-txt--highlight'>Intern</em>,1,1,6001001007,台北市信義區,信義路5段7號28樓之1,"【關於RecruitFirst】
RecruitFirst隸屬於HRnetGroup 集團，作為新加坡最大、亞太地區領先的專業人力資源顧問公司，並於2017年公開上市。 RecruitFirst 服務遍及新加坡、日本、中國、香港等多個亞洲國家，已建立良好口碑與信譽。我們致力於為客戶和求職者提供全面的人力資源解決方案，透過替企業提供人才招募、薪酬管理、績效考核、教育訓練等服務，持續開發人才市場是RecruitFirst努力的目標。

【正職工作内容】
-負責初中階職缺招募(履歷篩選、面試、推薦等)
-與人選和客戶建立並維持良好合作關係,並開發潛在客戶
-即時並有效尋找並推薦優秀或有潛力之人才以完成招募專案
-達成每月/季/年度績效考核與業績目標
-協助雇主品牌宣傳招募活動
-日常行政人事作業

【實習生工作內容】
-負責職缺篩選以及初步面試
-協助雇主品牌宣傳招募活動
-排班以及其他日常人事行政作業

【What We Expect】
-大學以上學歷,不限科系(實習生需一周至少配合三天)
-有耐心、自律、樂觀、高情商、細心與團隊合作
-擅於溝通、邏輯思考，能進行多方關係管理,能夠積極負責具有解決問題使命感
-對招募及業務性質工作抱有熱誠

【收穫滿滿】
-培養敏銳度及突出的識人能力
-拓展人脈、 獲得產業第一手訊息
-培養優秀的行銷及業務能力

【What We Offer】
-透明化獎金制度及升遷管道，擁有舞台發展自我
-理性及開放式溝通，扁平化環境，沒有官僚文化
-多元化教育訓練，持續學習並維持市場競爭力

【外商工作環境】
-101大樓免費辦公觀景台，還有專屬座位 
-開放舒適與快速的辦公環境、活潑團隊 、滿滿是笑聲～
-80吋大電視、個人手機與電腦、Bosch微波爐、烤箱、Switch等
-零食櫃、無限酒精、製冰機、全自動義式咖啡機等
-在辦公室也可以選擇在任何小角落工作。讓你自在挑選想要工作的地方！

#歡迎參觀我們的IG :
 https://www.instagram.com/recruitfirst.taiwan?igsh=NHU5OXhpb2lqZ3V5

**RecruitFirst保有上述修改之權利**
","【關於RecruitFirst】
RecruitFirst隸屬於HRnetGroup 集團，作為新加坡最大、亞太地區領先的專業人力資源顧問公司，並於2017年公開上市。 RecruitFirst 服務遍及新加坡、日本、中國、香港等多個亞洲國家，已建立良好口碑與信譽。我們致力於為客戶和求職者提供全面的人力資源解決方案，透過替企業提供人才招募、薪酬管理、績效考核、教育訓練等服務，持續開發人才市場是RecruitFirst努力的目標。

【正職工作内容】
-負責初中階職缺招募(履歷篩選、面試、推薦等)
-與人選和客戶建立並維持良好合作關係,並開發潛在客戶
-即時並有效尋找並推薦優秀或有潛力之人才以完成招募專案
-達成每月/季/年度績效考核與業績目標
-協助雇主品牌宣傳招募活動
-日常行政人事作業

【實習生工作內容】
-負責職缺篩選以及初步面試
-協助雇主品牌宣傳招募活動
-排班以及其他日常人事行政作業

【What We Expect】
-大學以上學歷,不限科系(實習生需一周至少配合三天)
-有耐心、自律、樂觀、高情商、細心與團隊合作
-擅於溝通、邏輯思考，能進行多方關係管理,能夠積極負責具有解決問題使命感
-對招募及業務性質工作抱有熱誠

【收穫滿滿】
-培養敏銳度及突出的識人能力
-拓展人脈、 獲得產業第一手訊息
-培養優秀的行銷及業務能力

【What We Offer】
-透明化獎金制度及升遷管道，擁有舞台發展自我
-理性及開放式溝通，扁平化環境，沒有官僚文化
-多元化教育訓練，持續學習並維持市場競爭力

【外商工作環境】
-101大樓免費辦公觀景台，還有專屬座位 
-開放舒適與快速的辦公環境、活潑團隊 、滿滿是笑聲～
-80吋大電視、個人手機與電腦、Bosch微波爐、烤箱、Switch等
-零食櫃、無限酒精、製冰機、全自動義式咖啡機等
-在辦公室也可以選擇在任何小角落工作。讓你自在挑選想要工作的地方！

#歡迎參觀我們的IG :
 https://www.instagram.com/recruitfirst.taiwan?igsh=NHU5OXhpb2lqZ3V5

**RecruitFirst保有上述修改之權利**
",大學,00,不拘,00004,1,0~5人應徵,130000000136935,新加坡商立福人事顧問有限公司台灣分公司,1009001001,人力仲介代徵,0030000,0070000,"月薪30,000~70,000元",50,20250602,6/02,0,0,,0,0,"【關於RecruitFirst】
RecruitFirst隸屬於HRnetGroup 集團，作為新加坡最大、亞太地區領先的專業人力資源顧問公司，並於2017年公開上市。 RecruitFirst 服務遍及新加坡、日本、中國、香港等多個亞洲國家，已建立良好口碑與信譽。我們致力於為客戶和求職者提供全面的人力資源解決方案，透過替企業提供人才招募、薪酬管理、績效考核、教育訓練等服務，持續開發人才市場是RecruitFirst努力的目標。

【正職工作内容】
-負責初中階職缺招募(履歷篩選、面試、推薦等)
-與人選和客戶建立並維持良好合作關係,並開發潛在客戶
-即時並有效尋找並推薦優秀或有潛力之人才以完成招募專案
-達成每月/季/年度績效考核與業績目標
-協助雇主品牌宣傳招募活動
-日常行政人事作業

【實習生工作內容】
-負責職缺篩選以及初步面試
-協助雇主品牌宣傳招募活動
-排班以及其他日常人事行政作業

【What We Expect】
-大學以上學歷,不限科系(實習生需一周至少配合三天)
-有耐心、自律、樂觀、高情商、細心與團隊合作
-擅於溝通、邏輯思考，能進行多方關係管理,能夠積極負責具有解決問題使命感
-對招募及業務性質工作抱有熱誠

【收穫滿滿】
-培養敏銳度及突出的識人能力
-拓展人脈、 獲得產業第一手訊息
-培養優秀的行銷及業務能力

【What We Offer】
-透明化獎金制度及升遷管道，擁有舞台發展自我
-理性及開放式溝通，扁平化環境，沒有官僚文化
-多元化教育訓練，持續學習並維持市場競爭力

【外商工作環境】
-101大樓免費辦公觀景台，還有專屬座位 
-開放舒適與快速的辦公環境、活潑團隊 、滿滿是笑聲～
-80吋大電視、個人手機與電腦、Bosch微波爐、烤箱、Switch等
-零食櫃、無限酒精、製冰機、全自動義式咖啡機等
-在辦公室也可以選擇在任何小角落工作。讓你自在挑選想要工作的地方！

#歡迎參觀我們的IG :
 https://www.instagram.com/recruitfirst.taiwan?igsh=NHU5OXhpb2lqZ3V5

**RecruitFirst保有上述修改之權利**
",[],距捷運台北101/世貿站約210公尺,"{'applyAnalyze': '//www.104.com.tw/jobs/apply/analysis/8j82k?channel=104rpt&jobsource=apply_analyze', 'job': '//www.104.com.tw/job/8j82k?jobsource=n104bank2', 'cust': '//www.104.com.tw/company/1a2x6bkwyv?jobsource=n104bank2'}",,【RecruitFirst 内部招募 - 正職/實習生】專業招募顧問 Recruitment Consultant / Intern,新加坡商立福人事顧問有限公司台灣分公司,121.5645389,25.033976,0,[],M,0.21,99001002002,捷運台北101/世貿站,False,intern
2,14034696,Intern實習生(Sales Insurance Consultant)_業務發展部,<em class='b-txt--highlight'>Intern</em>實習生(Sales Insurance Consultant)_業務發展部,2,2,6001001007,台北市信義區,信義路5段7號79樓,"職務內容：
1. 保單資訊查詢與回報: 協助查詢各項保單資訊，並將相關訊息回報給業務夥伴及通路客戶。
2. 報表製作與文書處理: 負責製作及整理各類報表，進行日常文書處理工作，以確保資料準確。
3. 客戶問題紀錄與轉達: 協助記錄通路客戶的問題，並將其轉傳給相關人員，確保問題得到及時解決。
4. 其他主管交辦事項。

*歡迎大學、研究所之銀行、保險、商學相關科系全職學生投遞，以能配合2025年7月至12月者優先。","職務內容：
1. 保單資訊查詢與回報: 協助查詢各項保單資訊，並將相關訊息回報給業務夥伴及通路客戶。
2. 報表製作與文書處理: 負責製作及整理各類報表，進行日常文書處理工作，以確保資料準確。
3. 客戶問題紀錄與轉達: 協助記錄通路客戶的問題，並將其轉傳給相關人員，確保問題得到及時解決。
4. 其他主管交辦事項。

*歡迎大學、研究所之銀行、保險、商學相關科系全職學生投遞，以能配合2025年7月至12月者優先。",大學,00,不拘,00016,3,11~30人應徵,16094897000,法商法國巴黎人壽保險股份有限公司台灣分公司,1004003001,人身保險業,0000200,0000200,時薪200元,30,20250602,6/02,4160,0,,0,0,"職務內容：
1. 保單資訊查詢與回報: 協助查詢各項保單資訊，並將相關訊息回報給業務夥伴及通路客戶。
2. 報表製作與文書處理: 負責製作及整理各類報表，進行日常文書處理工作，以確保資料準確。
3. 客戶問題紀錄與轉達: 協助記錄通路客戶的問題，並將其轉傳給相關人員，確保問題得到及時解決。
4. 其他主管交辦事項。

*歡迎大學、研究所之銀行、保險、商學相關科系全職學生投遞，以能配合2025年7月至12月者優先。","{'zoneForeign': {'desc': '外商公司', 'param': 5}, 'emp': {'desc': '員工400人', 'param': '7'}}",距捷運台北101/世貿站約210公尺,"{'applyAnalyze': '//www.104.com.tw/jobs/apply/analysis/8ct8o?channel=104rpt&jobsource=apply_analyze', 'job': '//www.104.com.tw/job/8ct8o?jobsource=n104bank2', 'cust': '//www.104.com.tw/company/7e6hi08?jobsource=n104bank2'}",,Intern實習生(Sales Insurance Consultant)_業務發展部,法商法國巴黎人壽保險股份有限公司台灣分公司,121.5645389,25.033976,0,"['銀行保險相關', '國際貿易相關', '企業管理相關']",H,0.21,99001002002,捷運台北101/世貿站,True,intern
2,14625340,實習｜HR Intern 人資實習生,實習｜HR <em class='b-txt--highlight'>Intern</em> 人資實習生,2,2,6001001007,台北市信義區,松高路1號21樓,"Key Responsibilities:
．Assist with HR and administrative daily tasks.
．Assist with organizing company team activities and trainings.
．Assist with payment processes and document management.

Qualifications:
．Proficient in MS Office.
．Strong skills in information searching and collection.
．Excellent written and verbal communication skills.
．Fluent in both written and spoken English.
．Supportive, proactive, and collaborative team player.

工作內容：
．協助人資及行政日常工作
．協助籌辦員工活動與訓練
．協助安排付款流程及相關文書處理

需求條件：
．熟悉MS Office
．擁有資料蒐集與彙整能力
．擅長書面與口語協調
．能夠提供積極協助，並樂於團隊合作
．擁有中、英文溝通能力

**學校須能提供實習合約為必要條件**","Key Responsibilities:
．Assist with HR and administrative daily tasks.
．Assist with organizing company team activities and trainings.
．Assist with payment processes and document management.

Qualifications:
．Proficient in MS Office.
．Strong skills in information searching and collection.
．Excellent written and verbal communication skills.
．Fluent in both written and spoken English.
．Supportive, proactive, and collaborative team player.

工作內容：
．協助人資及行政日常工作
．協助籌辦員工活動與訓練
．協助安排付款流程及相關文書處理

需求條件：
．熟悉MS Office
．擁有資料蒐集與彙整能力
．擅長書面與口語協調
．能夠提供積極協助，並樂於團隊合作
．擁有中、英文溝通能力

**學校須能提供實習合約為必要條件**",大學,00,不拘,00016,3,11~30人應徵,130000000078781,台灣韋能能源股份有限公司,1014004001,電力供應業,0030000,0032000,"月薪30,000~32,000元",50,20250602,6/02,4096,0,,0,0,"Key Responsibilities:
．Assist with HR and administrative daily tasks.
．Assist with organizing company team activities and trainings.
．Assist with payment processes and document management.

Qualifications:
．Proficient in MS Office.
．Strong skills in information searching and collection.
．Excellent written and verbal communication skills.
．Fluent in both written and spoken English.
．Supportive, proactive, and collaborative team player.

工作內容：
．協助人資及行政日常工作
．協助籌辦員工活動與訓練
．協助安排付款流程及相關文書處理

需求條件：
．熟悉MS Office
．擁有資料蒐集與彙整能力
．擅長書面與口語協調
．能夠提供積極協助，並樂於團隊合作
．擁有中、英文溝通能力

**學校須能提供實習合約為必要條件**","{'emp': {'desc': '員工110人', 'param': '6'}}",距捷運市政府站約260公尺,"{'applyAnalyze': '//www.104.com.tw/jobs/apply/analysis/8pgzg?channel=104rpt&jobsource=apply_analyze', 'job': '//www.104.com.tw/job/8pgzg?jobsource=n104bank2', 'cust': '//www.104.com.tw/company/1a2x6bjo3h?jobsource=n104bank2'}",,實習｜HR Intern 人資實習生,台灣韋能能源股份有限公司,121.5642046,25.039745,0,[],M,0.26,99001005018,捷運市政府站,True,intern
2,14598839,【Taiwan Mobile 實習計畫】Intern-行銷企劃及社群經營,【Taiwan Mobile 實習計畫】<em class='b-txt--highlight'>Intern</em>-行銷企劃及社群經營,1,1,6001001007,台北市信義區,,"「台灣大實習計畫」熱烈招募中，實習生不限國籍、實習時間不限寒暑假、實習期間將由專屬導師(Mentor)帶領您，讓您和業界接軌，成為引導Web 3新時代的科技菁英，跟著我們一起Open Possible 展開您的人生新篇章。

【實習內容】
1.	資料蒐集及彙整 (市場動態、競品活動)：電動車充電產業
2.	MyCharge行銷活動企劃發想與執行：
        包含參與主題規劃、內容製作、活動執行、結案整理等
3.	MyCharge服務的社群貼文企劃與素材製作
4.	MyCharge服務的官網內容維運
","「台灣大實習計畫」熱烈招募中，實習生不限國籍、實習時間不限寒暑假、實習期間將由專屬導師(Mentor)帶領您，讓您和業界接軌，成為引導Web 3新時代的科技菁英，跟著我們一起Open Possible 展開您的人生新篇章。

【實習內容】
1.	資料蒐集及彙整 (市場動態、競品活動)：電動車充電產業
2.	MyCharge行銷活動企劃發想與執行：
        包含參與主題規劃、內容製作、活動執行、結案整理等
3.	MyCharge服務的社群貼文企劃與素材製作
4.	MyCharge服務的官網內容維運
",不拘,00,不拘,00014,3,11~30人應徵,97176270000,台灣大哥大股份有限公司,1001002001,電信相關業,0000190,0000200,時薪190~200元,30,20250602,6/02,1314816,0,,0,0,"「台灣大實習計畫」熱烈招募中，實習生不限國籍、實習時間不限寒暑假、實習期間將由專屬導師(Mentor)帶領您，讓您和業界接軌，成為引導Web 3新時代的科技菁英，跟著我們一起Open Possible 展開您的人生新篇章。

【實習內容】
1.	資料蒐集及彙整 (市場動態、競品活動)：電動車充電產業
2.	MyCharge行銷活動企劃發想與執行：
        包含參與主題規劃、內容製作、活動執行、結案整理等
3.	MyCharge服務的社群貼文企劃與素材製作
4.	MyCharge服務的官網內容維運
","{'zone': {'desc': '上市上櫃', 'param': 16}, 'emp': {'desc': '員工4500人', 'param': '8'}}",,"{'applyAnalyze': '//www.104.com.tw/jobs/apply/analysis/8owjb?channel=104rpt&jobsource=apply_analyze', 'job': '//www.104.com.tw/job/8owjb?jobsource=n104bank2', 'cust': '//www.104.com.tw/company/18n48ptc?jobsource=n104bank2'}",,【Taiwan Mobile 實習計畫】Intern-行銷企劃及社群經營,台灣大哥大股份有限公司,121.5720055,25.0409201,0,[],H,,,,False,intern
0,14640101,(Intern) Technical Solution Engineer,(<em class='b-txt--highlight'>Intern</em>) Technical Solution Engineer,2,2,6001001007,台北市信義區,松仁路123號6樓," number: 4180). Visit www.appier.com for more information.

 
【About the role】
As a Technical Solution Engineer [[[Intern]]], you will"," number: 4180). Visit www.appier.com for more information.

 
【About the role】
As a Technical Solution Engineer Intern, you will",大學,00,不拘,00025,3,11~30人應徵,130000000042746,沛星互動科技股份有限公司,1001001004,多媒體傳播相關業,0000190,0000230,時薪190~230元,30,20250602,6/02,262144,0,,0,0," number: 4180). Visit www.appier.com for more information.

 
【About the role】
As a Technical Solution Engineer <em class='b-txt--highlight'>Intern</em>, you will","{'emp': {'desc': '員工500人', 'param': '8'}}",距捷運象山站約210公尺,"{'applyAnalyze': '//www.104.com.tw/jobs/apply/analysis/8psdh?channel=104rpt&jobsource=apply_analyze', 'job': '//www.104.com.tw/job/8psdh?jobsource=n104bank2', 'cust': '//www.104.com.tw/company/1a2x6biwai?jobsource=n104bank2'}",,(Intern) Technical Solution Engineer,沛星互動科技股份有限公司,121.5691534,25.0345273,0,[],H,0.21,99001002001,捷運象山站,True,intern
2,14602911,【迪卡儂企業採購部】Active Design Project Intern 實習生,【迪卡儂企業採購部】Active Design Project <em class='b-txt--highlight'>Intern</em> 實習生,2,2,6001002015,新北市中和區,中山路二段228號,We are looking for a proactive and resourceful [[[Intern]]] to join our team and support the launch of the Active Design project,We are looking for a proactive and resourceful Intern to join our team and support the launch of the Active Design project,大學,00,不拘,00016,3,11~30人應徵,130000000028342,Decathlon Taiwan_台灣迪卡儂有限公司,1003002006,文教／育樂用品零售業,0000190,9999999,時薪190元以上,30,20250602,6/02,4160,0,,0,0,We are looking for a proactive and resourceful <em class='b-txt--highlight'>Intern</em> to join our team and support the launch of the Active Design project,"{'zoneForeign': {'desc': '外商公司', 'param': 5}, 'emp': {'desc': '員工1000人', 'param': '8'}}",距捷運中和站約270公尺,"{'applyAnalyze': '//www.104.com.tw/jobs/apply/analysis/8ozof?channel=104rpt&jobsource=apply_analyze', 'job': '//www.104.com.tw/job/8ozof?jobsource=n104bank2', 'cust': '//www.104.com.tw/company/1a2x6bil6e?jobsource=n104bank2'}",,【迪卡儂企業採購部】Active Design Project Intern 實習生,Decathlon Taiwan_台灣迪卡儂有限公司,121.4989253,25.0029163,0,[],H,0.27,99001006006,捷運中和站,True,intern
0,14046279,紡織國外業務助理_Intern,紡織國外業務助理_<em class='b-txt--highlight'>Intern</em>,2,2,6001001010,台北市內湖區,瑞光路76巷16號6樓,"快放假了，該找個未來想工作的產業嗎？
Hyperbola 提供您一個可以學習與成長的平台，可以讓您學習到：
＊英文語言能力的提升
＊貿易知識的了解
＊簡單的系統操作
＊如何跟有經驗的學長姐相處
＊還有很多．．．．．
您就不用待在家裡，被長輩們指指．．
還有 免費的下午茶可以喝
還有 免費的冷氣可以吹
還有 漂釀的辦公室跟同學炫耀
還有 ．．．．

怪怪的，感覺以上的內容，應該是您要付錢給我們才對吧！
還不趕快來聊聊，名額有限，只有２個名額，額滿就不再補囉！

","快放假了，該找個未來想工作的產業嗎？
Hyperbola 提供您一個可以學習與成長的平台，可以讓您學習到：
＊英文語言能力的提升
＊貿易知識的了解
＊簡單的系統操作
＊如何跟有經驗的學長姐相處
＊還有很多．．．．．
您就不用待在家裡，被長輩們指指．．
還有 免費的下午茶可以喝
還有 免費的冷氣可以吹
還有 漂釀的辦公室跟同學炫耀
還有 ．．．．

怪怪的，感覺以上的內容，應該是您要付錢給我們才對吧！
還不趕快來聊聊，名額有限，只有２個名額，額滿就不再補囉！

",高中,00,不拘,00013,3,11~30人應徵,130000000162721,Hyperbola_塞席爾商怡美國際有限公司台灣分公司,1002003002,紡織成衣業,0000190,0000210,時薪190~210元,30,20250602,6/02,4194304,0,,0,0,"快放假了，該找個未來想工作的產業嗎？
Hyperbola 提供您一個可以學習與成長的平台，可以讓您學習到：
＊英文語言能力的提升
＊貿易知識的了解
＊簡單的系統操作
＊如何跟有經驗的學長姐相處
＊還有很多．．．．．
您就不用待在家裡，被長輩們指指．．
還有 免費的下午茶可以喝
還有 免費的冷氣可以吹
還有 漂釀的辦公室跟同學炫耀
還有 ．．．．

怪怪的，感覺以上的內容，應該是您要付錢給我們才對吧！
還不趕快來聊聊，名額有限，只有２個名額，額滿就不再補囉！

","{'emp': {'desc': '員工50人', 'param': '5'}}",,"{'applyAnalyze': '//www.104.com.tw/jobs/apply/analysis/8d26f?channel=104rpt&jobsource=apply_analyze', 'job': '//www.104.com.tw/job/8d26f?jobsource=n104bank2', 'cust': '//www.104.com.tw/company/1a2x6blgv5?jobsource=n104bank2'}",,紡織國外業務助理_Intern,Hyperbola_塞席爾商怡美國際有限公司台灣分公司,121.5812665,25.0710894,0,"['商業及管理學科類', '國際貿易相關', '一般商業學類']",H,,,,True,intern
2,14495536,【2025 Summer Intern】Software/Firmware Engineer,【2025 Summer <em class='b-txt--highlight'>Intern</em>】Software/Firmware Engineer,1,1,6001006002,新竹縣竹北市,台元二街9號,"2025 Novatek Summer Internship Program

Program Features: Challenging tasks, employment opportunities, guidance from mentors, social events, Accommodation allowance
Location: Hsinchu(Zhubei)
Internship Period: 2025/7~8 Weekday (Mon.~Fri.)

Job Description：
 1. NN framework SW analysis and training/inference flow enhancement.
 2. Edge AI inference SW and architecture design/development.
 3. DLA driver verifications.
 4. Develop Utility tool programs.
 5. Write Script to assist in automated IC verification.

Requirements：
 1. Familiar with C/C++, Python, JAVA programming.
 2. Familiar with Embedded Linux software development , system analysis.
 3. Good concept on Computer Architecture, memory, CPU and SW system analysis, and driver development.

Qualifications：
1.Pre-graduate students(Currently undergraduates 4th year) or Master’s or Ph.D. students in Electrical Engineering, Computer Science or related field 
2.Interested candidates should first get the permission from their professors to attend internship program
3.Please also provide the following documents:
   Resume/CV 
   Educational transcripts/research or thesis topics


","2025 Novatek Summer Internship Program

Program Features: Challenging tasks, employment opportunities, guidance from mentors, social events, Accommodation allowance
Location: Hsinchu(Zhubei)
Internship Period: 2025/7~8 Weekday (Mon.~Fri.)

Job Description：
 1. NN framework SW analysis and training/inference flow enhancement.
 2. Edge AI inference SW and architecture design/development.
 3. DLA driver verifications.
 4. Develop Utility tool programs.
 5. Write Script to assist in automated IC verification.

Requirements：
 1. Familiar with C/C++, Python, JAVA programming.
 2. Familiar with Embedded Linux software development , system analysis.
 3. Good concept on Computer Architecture, memory, CPU and SW system analysis, and driver development.

Qualifications：
1.Pre-graduate students(Currently undergraduates 4th year) or Master’s or Ph.D. students in Electrical Engineering, Computer Science or related field 
2.Interested candidates should first get the permission from their professors to attend internship program
3.Please also provide the following documents:
   Resume/CV 
   Educational transcripts/research or thesis topics


",碩士,00,不拘,00015,3,11~30人應徵,84149955000,聯詠科技股份有限公司,1001006002,半導體製造業,0036000,0045000,"月薪36,000~45,000元",50,20250602,6/02,34902144,0,,0,0,"2025 Novatek Summer Internship Program

Program Features: Challenging tasks, employment opportunities, guidance from mentors, social events, Accommodation allowance
Location: Hsinchu(Zhubei)
Internship Period: 2025/7~8 Weekday (Mon.~Fri.)

Job Description：
 1. NN framework SW analysis and training/inference flow enhancement.
 2. Edge AI inference SW and architecture design/development.
 3. DLA driver verifications.
 4. Develop Utility tool programs.
 5. Write Script to assist in automated IC verification.

Requirements：
 1. Familiar with C/C++, Python, JAVA programming.
 2. Familiar with Embedded Linux software development , system analysis.
 3. Good concept on Computer Architecture, memory, CPU and SW system analysis, and driver development.

Qualifications：
1.Pre-graduate students(Currently undergraduates 4th year) or Master’s or Ph.D. students in Electrical Engineering, Computer Science or related field 
2.Interested candidates should first get the permission from their professors to attend internship program
3.Please also provide the following documents:
   Resume/CV 
   Educational transcripts/research or thesis topics


","{'zone': {'desc': '上市上櫃', 'param': 16}, 'emp': {'desc': '員工2700人', 'param': '8'}}",,"{'applyAnalyze': '//www.104.com.tw/jobs/apply/analysis/8mots?channel=104rpt&jobsource=apply_analyze', 'job': '//www.104.com.tw/job/8mots?jobsource=n104bank2', 'cust': '//www.104.com.tw/company/12nopku0?jobsource=n104bank2'}",,【2025 Summer Intern】Software/Firmware Engineer,聯詠科技股份有限公司,121.0180746,24.8392651,0,"['電機電子工程相關', '資訊工程相關']",M,,,,True,intern
0,14647290,Business Analyst (MBA Intern),Business Analyst (MBA <em class='b-txt--highlight'>Intern</em>),1,1,6001005012,桃園市大園區,,We are seeking an ambitious and driven MBA [[[Intern]]] to join our dynamic Commercial Team. This position will provide valuable,We are seeking an ambitious and driven MBA Intern to join our dynamic Commercial Team. This position will provide valuable,碩士,00,不拘,00020,3,11~30人應徵,11907311001,台灣杜邦股份有限公司,1002017001,其他相關製造業,0000000,0000000,待遇面議,10,20250602,6/02,64,0,,0,0,We are seeking an ambitious and driven MBA <em class='b-txt--highlight'>Intern</em> to join our dynamic Commercial Team. This position will provide valuable,"{'zoneForeign': {'desc': '外商公司', 'param': 5}, 'emp': {'desc': '員工1200人', 'param': '8'}}",,"{'applyAnalyze': '//www.104.com.tw/jobs/apply/analysis/8pxx6?channel=104rpt&jobsource=apply_analyze', 'job': '//www.104.com.tw/job/8pxx6?jobsource=n104bank2', 'cust': '//www.104.com.tw/company/5gxazyx?jobsource=n104bank2'}",,Business Analyst (MBA Intern),台灣杜邦股份有限公司,121.193945,25.0492632,0,[],,,,,False,intern
2,12774649,【實習生Intern】和逸台北忠孝館,【實習生<em class='b-txt--highlight'>Intern</em>】和逸台北忠孝館,1,1,6001001001,台北市中正區,忠孝東路一段31號,"國泰飯店觀光事業啟動職涯第一哩路~實習生招募活動開跑中
邀請對旅遊／飯店業有熱情的你一起登上實習夢想的舞台！
在國泰，不僅是實習，更是你的職涯指南，歡迎你一起了解飯店樣貌、探索自我，找到專屬自己的實習主場！

【為什麼你該加入國泰飯店】
多元福利 ❙ 基本保障不用說一定保好保滿，飯店住宿餐飲優惠樣樣來
科系無限制 ❙ 只要有熱情，沒有不可以，歡迎來揭密星級飯店營運面紗
重視人才發展 ❙ 好的實習環境豐富實習過程，我們重視所有夥伴的工作發展

＊2024 榮獲「Great Place to Work 之 Best Workplaces in Taiwan」肯定
＊2023 榮獲「Great Place to Work 卓越職場認證™」
＊2023 國家品牌玉山獎–傑出企業
＊蟬連四年「HR Asia 亞洲最佳企業雇主獎」
＊總部及旗下7家飯店以幸福職場打造優質健康職場環境，獲得「111年度健康職場認證標章」的政府肯定

【實習期間】半年~一年期實習（實際日期依面試討論）
【實習對象】大一大二大三大四
【實習科系】不限
【實習地點】台北市中正區忠孝東路一段31號

【實習單位及工作內容】 
＊客務部：顧客服務與接待、check-in/out及帳務等相關作業。
＊房務部：負責客房環境整理與保養、備品補充與管理。 

【福利制度─享正職福利】 
1. 提供當值餐食，台北、桃園提供員工宿舍 ( 名額有限，額滿為止 )。
2. 除了基本勞健保，更有國泰集團專屬團保，讓實習更有保障。 
3. 語言津貼補助，只要多益／日檢／韓檢通過標準，每月最高可多 1,500 元實習津貼。
4. 實習生畢業後留任公司，保障年資累計一定要的，讓你立即享有年假。 
5. 完善教育訓練，包含新進人員訓練、新進人員三個月 SOC 訓練、部門 OJT 等。儘管你是飯店小白也沒關係。
6. 試用期考核過後將依據個人績效表現還有額外調薪機會，最高可調薪 3,000 元！！

【報名須知】
1. 加入官方Line： @570gjsqa 
2. 投遞104履歷，請在104的「自我推薦區或者自傳區」說明有意願之實習單位。
3. 歡迎有實習疑難雜症的朋朋與你的小夥伴聯繫。
專屬小夥伴→Winnie
電話 02-2730-2099 # 2086／Email: yi-ju.chen@cathayhotel.com.tw
","國泰飯店觀光事業啟動職涯第一哩路~實習生招募活動開跑中
邀請對旅遊／飯店業有熱情的你一起登上實習夢想的舞台！
在國泰，不僅是實習，更是你的職涯指南，歡迎你一起了解飯店樣貌、探索自我，找到專屬自己的實習主場！

【為什麼你該加入國泰飯店】
多元福利 ❙ 基本保障不用說一定保好保滿，飯店住宿餐飲優惠樣樣來
科系無限制 ❙ 只要有熱情，沒有不可以，歡迎來揭密星級飯店營運面紗
重視人才發展 ❙ 好的實習環境豐富實習過程，我們重視所有夥伴的工作發展

＊2024 榮獲「Great Place to Work 之 Best Workplaces in Taiwan」肯定
＊2023 榮獲「Great Place to Work 卓越職場認證™」
＊2023 國家品牌玉山獎–傑出企業
＊蟬連四年「HR Asia 亞洲最佳企業雇主獎」
＊總部及旗下7家飯店以幸福職場打造優質健康職場環境，獲得「111年度健康職場認證標章」的政府肯定

【實習期間】半年~一年期實習（實際日期依面試討論）
【實習對象】大一大二大三大四
【實習科系】不限
【實習地點】台北市中正區忠孝東路一段31號

【實習單位及工作內容】 
＊客務部：顧客服務與接待、check-in/out及帳務等相關作業。
＊房務部：負責客房環境整理與保養、備品補充與管理。 

【福利制度─享正職福利】 
1. 提供當值餐食，台北、桃園提供員工宿舍 ( 名額有限，額滿為止 )。
2. 除了基本勞健保，更有國泰集團專屬團保，讓實習更有保障。 
3. 語言津貼補助，只要多益／日檢／韓檢通過標準，每月最高可多 1,500 元實習津貼。
4. 實習生畢業後留任公司，保障年資累計一定要的，讓你立即享有年假。 
5. 完善教育訓練，包含新進人員訓練、新進人員三個月 SOC 訓練、部門 OJT 等。儘管你是飯店小白也沒關係。
6. 試用期考核過後將依據個人績效表現還有額外調薪機會，最高可調薪 3,000 元！！

【報名須知】
1. 加入官方Line： @570gjsqa 
2. 投遞104履歷，請在104的「自我推薦區或者自傳區」說明有意願之實習單位。
3. 歡迎有實習疑難雜症的朋朋與你的小夥伴聯繫。
專屬小夥伴→Winnie
電話 02-2730-2099 # 2086／Email: yi-ju.chen@cathayhotel.com.tw
",專科,00,不拘,0,1,0~5人應徵,53750234000,國泰飯店觀光事業_國泰商旅股份有限公司,1016001001,旅館業,0031500,9999999,"月薪31,500元以上",50,20250602,6/02,4096,0,,0,0,"國泰飯店觀光事業啟動職涯第一哩路~實習生招募活動開跑中
邀請對旅遊／飯店業有熱情的你一起登上實習夢想的舞台！
在國泰，不僅是實習，更是你的職涯指南，歡迎你一起了解飯店樣貌、探索自我，找到專屬自己的實習主場！

【為什麼你該加入國泰飯店】
多元福利 ❙ 基本保障不用說一定保好保滿，飯店住宿餐飲優惠樣樣來
科系無限制 ❙ 只要有熱情，沒有不可以，歡迎來揭密星級飯店營運面紗
重視人才發展 ❙ 好的實習環境豐富實習過程，我們重視所有夥伴的工作發展

＊2024 榮獲「Great Place to Work 之 Best Workplaces in Taiwan」肯定
＊2023 榮獲「Great Place to Work 卓越職場認證™」
＊2023 國家品牌玉山獎–傑出企業
＊蟬連四年「HR Asia 亞洲最佳企業雇主獎」
＊總部及旗下7家飯店以幸福職場打造優質健康職場環境，獲得「111年度健康職場認證標章」的政府肯定

【實習期間】半年~一年期實習（實際日期依面試討論）
【實習對象】大一大二大三大四
【實習科系】不限
【實習地點】台北市中正區忠孝東路一段31號

【實習單位及工作內容】 
＊客務部：顧客服務與接待、check-in/out及帳務等相關作業。
＊房務部：負責客房環境整理與保養、備品補充與管理。 

【福利制度─享正職福利】 
1. 提供當值餐食，台北、桃園提供員工宿舍 ( 名額有限，額滿為止 )。
2. 除了基本勞健保，更有國泰集團專屬團保，讓實習更有保障。 
3. 語言津貼補助，只要多益／日檢／韓檢通過標準，每月最高可多 1,500 元實習津貼。
4. 實習生畢業後留任公司，保障年資累計一定要的，讓你立即享有年假。 
5. 完善教育訓練，包含新進人員訓練、新進人員三個月 SOC 訓練、部門 OJT 等。儘管你是飯店小白也沒關係。
6. 試用期考核過後將依據個人績效表現還有額外調薪機會，最高可調薪 3,000 元！！

【報名須知】
1. 加入官方Line： @570gjsqa 
2. 投遞104履歷，請在104的「自我推薦區或者自傳區」說明有意願之實習單位。
3. 歡迎有實習疑難雜症的朋朋與你的小夥伴聯繫。
專屬小夥伴→Winnie
電話 02-2730-2099 # 2086／Email: yi-ju.chen@cathayhotel.com.tw
","{'emp': {'desc': '員工800人', 'param': '8'}}",距捷運善導寺站約200公尺,"{'applyAnalyze': '//www.104.com.tw/jobs/apply/analysis/7lszd?channel=104rpt&jobsource=apply_analyze', 'job': '//www.104.com.tw/job/7lszd?jobsource=n104bank2', 'cust': '//www.104.com.tw/company/ooxi1zk?jobsource=n104bank2'}",,【實習生Intern】和逸台北忠孝館,國泰飯店觀光事業_國泰商旅股份有限公司,121.5253585,25.0446217,0,[],M,0.2,99001005013,捷運善導寺站,False,intern
2,12816385,Sheraton Hsinchu 房務清潔實習生 Intern,Sheraton Hsinchu 房務清潔實習生 <em class='b-txt--highlight'>Intern</em>,1,1,6001006002,新竹縣竹北市,光明六路東一段265號,"1. 依整房標準作業流程，將所分配客房和工作區域之整潔完成。
2. 保持樓層公共區域及備品室的清潔。
3. 維護所有的 清潔工具處於良好的狀態
4. 學習並完成客房相關保養課程","1. 依整房標準作業流程，將所分配客房和工作區域之整潔完成。
2. 保持樓層公共區域及備品室的清潔。
3. 維護所有的 清潔工具處於良好的狀態
4. 學習並完成客房相關保養課程",高中,00,不拘,0,1,0~5人應徵,86517976000,新竹喜來登飯店_承恩餐旅管理顧問股份有限公司,1016001001,旅館業,0030000,0030000,"月薪30,000元",50,20250602,6/02,4096,0,,0,0,"1. 依整房標準作業流程，將所分配客房和工作區域之整潔完成。
2. 保持樓層公共區域及備品室的清潔。
3. 維護所有的 清潔工具處於良好的狀態
4. 學習並完成客房相關保養課程","{'emp': {'desc': '員工500人', 'param': '8'}}",,"{'applyAnalyze': '//www.104.com.tw/jobs/apply/analysis/7mp6p?channel=104rpt&jobsource=apply_analyze', 'job': '//www.104.com.tw/job/7mp6p?jobsource=n104bank2', 'cust': '//www.104.com.tw/company/13qukhj4?jobsource=n104bank2'}",,Sheraton Hsinchu 房務清潔實習生 Intern,新竹喜來登飯店_承恩餐旅管理顧問股份有限公司,121.0281441,24.8204254,0,[],M,,,,False,intern
2,13858468,【2025 Summer Intern】Digital IC Design Engineer,【2025 Summer <em class='b-txt--highlight'>Intern</em>】Digital IC Design Engineer,1,1,6001006002,新竹縣竹北市,台元二街9號,"2025 Novatek Summer Internship Program

Program Features: challenging tasks, employment opportunities, guidance from mentors, social events, accommodation allowance
Location: Hsinchu(Zhubei)
Internship Period: 2025/7~8 Weekday (Mon.~Fri.)

Job Description：
Support DV &amp; Show Picture Environment Enhancement
Process the basic Frond-End design task
Design, analysis, and HDL (Verilog/System Verilog) coding
Summarize the findings of papers and patents

Requirements：
Knowledge of VLSI, digital IC design and basic IC flow is a must.
Knowledge of Verilog or System Verilog is required.
Familiar with C code、Python、UVM、Spyglass
Knowledge of Python, PERL or TCL is a plus.

Qualifications：
1.Pre-graduate students (Currently undergraduates 4th year) or Master’s or Ph.D. students in Electrical Engineering, Computer Science or related field 
2. Interested candidates should first get the permission from their professors to attend internship program
3. Please also provide the following documents:
   Resume/CV 
   Educational transcripts/research or thesis topics




","2025 Novatek Summer Internship Program

Program Features: challenging tasks, employment opportunities, guidance from mentors, social events, accommodation allowance
Location: Hsinchu(Zhubei)
Internship Period: 2025/7~8 Weekday (Mon.~Fri.)

Job Description：
Support DV & Show Picture Environment Enhancement
Process the basic Frond-End design task
Design, analysis, and HDL (Verilog/System Verilog) coding
Summarize the findings of papers and patents

Requirements：
Knowledge of VLSI, digital IC design and basic IC flow is a must.
Knowledge of Verilog or System Verilog is required.
Familiar with C code、Python、UVM、Spyglass
Knowledge of Python, PERL or TCL is a plus.

Qualifications：
1.Pre-graduate students (Currently undergraduates 4th year) or Master’s or Ph.D. students in Electrical Engineering, Computer Science or related field 
2. Interested candidates should first get the permission from their professors to attend internship program
3. Please also provide the following documents:
   Resume/CV 
   Educational transcripts/research or thesis topics




",碩士,00,不拘,00012,3,11~30人應徵,84149955000,聯詠科技股份有限公司,1001006002,半導體製造業,0036000,0045000,"月薪36,000~45,000元",50,20250602,6/02,34902144,0,,0,0,"2025 Novatek Summer Internship Program

Program Features: challenging tasks, employment opportunities, guidance from mentors, social events, accommodation allowance
Location: Hsinchu(Zhubei)
Internship Period: 2025/7~8 Weekday (Mon.~Fri.)

Job Description：
Support DV &amp; Show Picture Environment Enhancement
Process the basic Frond-End design task
Design, analysis, and HDL (Verilog/System Verilog) coding
Summarize the findings of papers and patents

Requirements：
Knowledge of VLSI, digital IC design and basic IC flow is a must.
Knowledge of Verilog or System Verilog is required.
Familiar with C code、Python、UVM、Spyglass
Knowledge of Python, PERL or TCL is a plus.

Qualifications：
1.Pre-graduate students (Currently undergraduates 4th year) or Master’s or Ph.D. students in Electrical Engineering, Computer Science or related field 
2. Interested candidates should first get the permission from their professors to attend internship program
3. Please also provide the following documents:
   Resume/CV 
   Educational transcripts/research or thesis topics




","{'zone': {'desc': '上市上櫃', 'param': 16}, 'emp': {'desc': '員工2700人', 'param': '8'}}",,"{'applyAnalyze': '//www.104.com.tw/jobs/apply/analysis/8919g?channel=104rpt&jobsource=apply_analyze', 'job': '//www.104.com.tw/job/8919g?jobsource=n104bank2', 'cust': '//www.104.com.tw/company/12nopku0?jobsource=n104bank2'}",,【2025 Summer Intern】Digital IC Design Engineer,聯詠科技股份有限公司,121.0180746,24.8392651,0,"['電機電子工程相關', '資訊工程相關']",M,,,,True,intern
2,13690026,【學期實習】Marketing Intern- Digital Marketing (4~6個月),【學期實習】Marketing <em class='b-txt--highlight'>Intern</em>- Digital Marketing (4~6個月),2,2,6001002011,新北市新店區,,"About VIA Mobile360:
VIA Mobile360 is a leading provider of intelligent automotive and industrial solutions that improve safety, efficiency, and productivity. We empower businesses in fleet management, logistics, and industrial automation with cutting-edge AI-powered technologies.
About the Internship:
This internship offers a hands-on opportunity to learn and contribute to a dynamic marketing team at a global technology company. You&#039;ll gain practical experience in various aspects of digital marketing, from paid advertising and social media to email marketing and content creation. You&#039;ll work closely with experienced marketing professionals and contribute to real-world campaigns that drive business growth.

Key Responsibilities:
- Paid Advertising: Manage Google Ads (Search, Display, YouTube) and LinkedIn campaigns, including keyword research, ad copywriting, budget allocation, bid optimization, performance analysis, and A/B testing.

- Integrated Marketing: Support marketing campaigns for VIA Mobile360 solutions through market research, content creation (social media, blogs, press releases, website), SEO, and outreach efforts.

- Email Marketing: Assist in email campaign strategy, planning, execution (e.g., Mailchimp), and performance analysis to optimize engagement and conversion.

- LinkedIn Management: Handle content curation, community engagement, analytics, campaign execution (paid &amp; organic), reporting, and profile optimization.

- Cross-Functional Collaboration: Work with Sales, Product Development, and Engineering teams to align marketing efforts, coordinate projects, and contribute to global marketing initiatives.","About VIA Mobile360:
VIA Mobile360 is a leading provider of intelligent automotive and industrial solutions that improve safety, efficiency, and productivity. We empower businesses in fleet management, logistics, and industrial automation with cutting-edge AI-powered technologies.
About the Internship:
This internship offers a hands-on opportunity to learn and contribute to a dynamic marketing team at a global technology company. You'll gain practical experience in various aspects of digital marketing, from paid advertising and social media to email marketing and content creation. You'll work closely with experienced marketing professionals and contribute to real-world campaigns that drive business growth.

Key Responsibilities:
- Paid Advertising: Manage Google Ads (Search, Display, YouTube) and LinkedIn campaigns, including keyword research, ad copywriting, budget allocation, bid optimization, performance analysis, and A/B testing.

- Integrated Marketing: Support marketing campaigns for VIA Mobile360 solutions through market research, content creation (social media, blogs, press releases, website), SEO, and outreach efforts.

- Email Marketing: Assist in email campaign strategy, planning, execution (e.g., Mailchimp), and performance analysis to optimize engagement and conversion.

- LinkedIn Management: Handle content curation, community engagement, analytics, campaign execution (paid & organic), reporting, and profile optimization.

- Cross-Functional Collaboration: Work with Sales, Product Development, and Engineering teams to align marketing efforts, coordinate projects, and contribute to global marketing initiatives.",大學,00,不拘,00017,3,11~30人應徵,86870786000,威盛電子股份有限公司,1001006001,IC設計相關業,0000190,0000200,時薪190~200元,30,20250602,6/02,34869248,0,,0,0,"About VIA Mobile360:
VIA Mobile360 is a leading provider of intelligent automotive and industrial solutions that improve safety, efficiency, and productivity. We empower businesses in fleet management, logistics, and industrial automation with cutting-edge AI-powered technologies.
About the Internship:
This internship offers a hands-on opportunity to learn and contribute to a dynamic marketing team at a global technology company. You&#039;ll gain practical experience in various aspects of digital marketing, from paid advertising and social media to email marketing and content creation. You&#039;ll work closely with experienced marketing professionals and contribute to real-world campaigns that drive business growth.

Key Responsibilities:
- Paid Advertising: Manage Google Ads (Search, Display, YouTube) and LinkedIn campaigns, including keyword research, ad copywriting, budget allocation, bid optimization, performance analysis, and A/B testing.

- Integrated Marketing: Support marketing campaigns for VIA Mobile360 solutions through market research, content creation (social media, blogs, press releases, website), SEO, and outreach efforts.

- Email Marketing: Assist in email campaign strategy, planning, execution (e.g., Mailchimp), and performance analysis to optimize engagement and conversion.

- LinkedIn Management: Handle content curation, community engagement, analytics, campaign execution (paid &amp; organic), reporting, and profile optimization.

- Cross-Functional Collaboration: Work with Sales, Product Development, and Engineering teams to align marketing efforts, coordinate projects, and contribute to global marketing initiatives.","{'zone': {'desc': '上市上櫃', 'param': 16}, 'emp': {'desc': '員工1000人', 'param': '8'}}",,"{'applyAnalyze': '//www.104.com.tw/jobs/apply/analysis/85fai?channel=104rpt&jobsource=apply_analyze', 'job': '//www.104.com.tw/job/85fai?jobsource=n104bank2', 'cust': '//www.104.com.tw/company/13womfgw?jobsource=n104bank2'}",,【學期實習】Marketing Intern- Digital Marketing (4~6個月),威盛電子股份有限公司,121.5394822,24.978282,0,[],H,,,,True,intern
0,14384385,【Finance】FA intern,【Finance】FA <em class='b-txt--highlight'>intern</em>,2,2,6001001003,台北市中山區,中山北路三段22-1號,"歡迎對財會領域有興趣的人才加入！

【您將會執行這些工作】
．系統資料建檔
．協助財務費用核對審核明細
．歸檔會計傳票與單據憑證整理
．其他主管交辦事項

【希望您具備這些經驗與能力】
．具備細心、負責且能獨立作業。
．若為財會相關科系佳

*每週可配合到班至少 3 天，每天 8 小時，為期至少 6 個月


如果您渴望在變化快速的 AI 新創中成長、喜歡彈性自由的工作環境、喜歡自主解決問題也喜歡與人合作，那我們在找的就是您！
 ★ 點擊【應徵】，讓我們認識彼此，我們想和您聊聊未來可以一起完成的事！","歡迎對財會領域有興趣的人才加入！

【您將會執行這些工作】
．系統資料建檔
．協助財務費用核對審核明細
．歸檔會計傳票與單據憑證整理
．其他主管交辦事項

【希望您具備這些經驗與能力】
．具備細心、負責且能獨立作業。
．若為財會相關科系佳

*每週可配合到班至少 3 天，每天 8 小時，為期至少 6 個月


如果您渴望在變化快速的 AI 新創中成長、喜歡彈性自由的工作環境、喜歡自主解決問題也喜歡與人合作，那我們在找的就是您！
 ★ 點擊【應徵】，讓我們認識彼此，我們想和您聊聊未來可以一起完成的事！",高中,00,不拘,00025,3,11~30人應徵,130000000099607,未來市股份有限公司,1001001002,電腦軟體服務業,0000190,0000190,時薪190元,30,20250602,6/02,0,0,,0,0,"歡迎對財會領域有興趣的人才加入！

【您將會執行這些工作】
．系統資料建檔
．協助財務費用核對審核明細
．歸檔會計傳票與單據憑證整理
．其他主管交辦事項

【希望您具備這些經驗與能力】
．具備細心、負責且能獨立作業。
．若為財會相關科系佳

*每週可配合到班至少 3 天，每天 8 小時，為期至少 6 個月


如果您渴望在變化快速的 AI 新創中成長、喜歡彈性自由的工作環境、喜歡自主解決問題也喜歡與人合作，那我們在找的就是您！
 ★ 點擊【應徵】，讓我們認識彼此，我們想和您聊聊未來可以一起完成的事！","{'emp': {'desc': '員工90人', 'param': '5'}}",距捷運民權西路站約290公尺,"{'applyAnalyze': '//www.104.com.tw/jobs/apply/analysis/8kb29?channel=104rpt&jobsource=apply_analyze', 'job': '//www.104.com.tw/job/8kb29?jobsource=n104bank2', 'cust': '//www.104.com.tw/company/1a2x6bk45z?jobsource=n104bank2'}",,【Finance】FA intern,未來市股份有限公司,121.5221507,25.064302,0,[],H,0.29,99001002012,捷運民權西路站,True,intern
2,13590087,&lt;實習計劃&gt; 業務部實習生 Intern(台北)(6-months contract),&lt;實習計劃&gt; 業務部實習生 <em class='b-txt--highlight'>Intern</em>(台北)(6-months contract),2,2,6001001010,台北市內湖區,舊宗路二段189號3樓,"1.Support sales customer service
2.Support sales business meeting
3.Support x-trade exceptional handling requirement
4.Tasks assigned by leader
","1.Support sales customer service
2.Support sales business meeting
3.Support x-trade exceptional handling requirement
4.Tasks assigned by leader
",大學,00,不拘,00011,3,11~30人應徵,22954677000,DHL_新加坡商敦豪全球貨運物流股份有限公司台灣分公司,1010002005,貨運承攬業,0000190,0000190,時薪190元,30,20250602,6/02,4160,0,,0,0,"1.Support sales customer service
2.Support sales business meeting
3.Support x-trade exceptional handling requirement
4.Tasks assigned by leader
","{'zoneForeign': {'desc': '外商公司', 'param': 5}}",,"{'applyAnalyze': '//www.104.com.tw/jobs/apply/analysis/83a6f?channel=104rpt&jobsource=apply_analyze', 'job': '//www.104.com.tw/job/83a6f?jobsource=n104bank2', 'cust': '//www.104.com.tw/company/ajmme4o?jobsource=n104bank2'}",,<實習計劃> 業務部實習生 Intern(台北)(6-months contract),DHL_新加坡商敦豪全球貨運物流股份有限公司台灣分公司,121.5744093,25.0721401,0,[],H,,,,True,intern
2,14597919,實習生-歐美商務助理(Global Business Development Intern)(非短期寒暑假實習),實習生-歐美商務助理(Global Business Development <em class='b-txt--highlight'>Intern</em>)(非短期寒暑假實習),2,2,6001001010,台北市內湖區,堤頂大道二段301號10樓,"工作職責：
1.	進行海外市場研究與趨勢分析
2.	整理與建置客戶資料庫
3.	支援陌生開發作業，包含寄信、電話聯繫與簡單介紹會議安排
 
具備能力：
1.	中文與英文聽說讀寫流利，具備良好的商業溝通能力
2.	樂於主動溝通，不怕 cold call、願意挑戰國際業務開發任務
3.	熟悉或喜歡使用美圖產品尤佳
  
申請條件：
1.	須可配合進辦公室工作，且每週至少可排班20小時以上 (24小時以上尤佳)
2.	中文&amp;英文 - 聽說讀寫精通，語言能力要求須符合: 多益860以上 / 托福110以上 / 雅思7以上
3.	此為半年以上長期實習職缺

※不適用者不另行通知","工作職責：
1.	進行海外市場研究與趨勢分析
2.	整理與建置客戶資料庫
3.	支援陌生開發作業，包含寄信、電話聯繫與簡單介紹會議安排
 
具備能力：
1.	中文與英文聽說讀寫流利，具備良好的商業溝通能力
2.	樂於主動溝通，不怕 cold call、願意挑戰國際業務開發任務
3.	熟悉或喜歡使用美圖產品尤佳
  
申請條件：
1.	須可配合進辦公室工作，且每週至少可排班20小時以上 (24小時以上尤佳)
2.	中文&英文 - 聽說讀寫精通，語言能力要求須符合: 多益860以上 / 托福110以上 / 雅思7以上
3.	此為半年以上長期實習職缺

※不適用者不另行通知",大學,00,不拘,00002,1,0~5人應徵,130000000046843,玩美行動股份有限公司,1001001002,電腦軟體服務業,0000190,0000215,時薪190~215元,30,20250602,6/02,4198400,0,,0,0,"工作職責：
1.	進行海外市場研究與趨勢分析
2.	整理與建置客戶資料庫
3.	支援陌生開發作業，包含寄信、電話聯繫與簡單介紹會議安排
 
具備能力：
1.	中文與英文聽說讀寫流利，具備良好的商業溝通能力
2.	樂於主動溝通，不怕 cold call、願意挑戰國際業務開發任務
3.	熟悉或喜歡使用美圖產品尤佳
  
申請條件：
1.	須可配合進辦公室工作，且每週至少可排班20小時以上 (24小時以上尤佳)
2.	中文&amp;英文 - 聽說讀寫精通，語言能力要求須符合: 多益860以上 / 托福110以上 / 雅思7以上
3.	此為半年以上長期實習職缺

※不適用者不另行通知","{'emp': {'desc': '員工50人', 'param': '5'}}",距捷運西湖站約450公尺,"{'applyAnalyze': '//www.104.com.tw/jobs/apply/analysis/8ovtr?channel=104rpt&jobsource=apply_analyze', 'job': '//www.104.com.tw/job/8ovtr?jobsource=n104bank2', 'cust': '//www.104.com.tw/company/1a2x6bizgb?jobsource=n104bank2'}",,實習生-歐美商務助理(Global Business Development Intern)(非短期寒暑假實習),玩美行動股份有限公司,121.5647888,25.078853,0,[],H,0.45,99001001016,捷運西湖站,False,intern
0,14658295,會計實習生 / Accounting Intern,會計實習生 / Accounting <em class='b-txt--highlight'>Intern</em>,1,1,6001001003,台北市中山區,中山北路三段47號5樓之4,"▌節奏快速勇於挑戰
我們的節奏步伐相當快速，歡迎喜歡挑戰，樂於質疑現狀，並以用戶價值為導向。在這裡，我們重視個人的責任感和成果導向，注重團隊結果成效！期待快節奏工作環境，並渴望在國際舞台上實現自我價值的挑戰者，我們歡迎你的加入！

==============================================

1.發票與單據整理：協助彙整、分類與歸檔廠商發票與報銷單據，確保資料齊全。
2.費用支付作業支援：協助費用請款、付款申請單製作與資料登錄。
3.帳務系統建檔與維護：支援會計系統資料輸入、檢查憑證號碼與相關資訊正確性。
4.稅務文件整理：配合主管準備營業稅、扣繳等稅務申報資料。
5.月結報表協助：協助費用暫估資料彙整與表單填寫，支援月結流程。
6.查帳與資料提供：於會計師查帳期間提供單據或檔案資料，協助基本行政作業。
7.其他交辦事項。

","▌節奏快速勇於挑戰
我們的節奏步伐相當快速，歡迎喜歡挑戰，樂於質疑現狀，並以用戶價值為導向。在這裡，我們重視個人的責任感和成果導向，注重團隊結果成效！期待快節奏工作環境，並渴望在國際舞台上實現自我價值的挑戰者，我們歡迎你的加入！

==============================================

1.發票與單據整理：協助彙整、分類與歸檔廠商發票與報銷單據，確保資料齊全。
2.費用支付作業支援：協助費用請款、付款申請單製作與資料登錄。
3.帳務系統建檔與維護：支援會計系統資料輸入、檢查憑證號碼與相關資訊正確性。
4.稅務文件整理：配合主管準備營業稅、扣繳等稅務申報資料。
5.月結報表協助：協助費用暫估資料彙整與表單填寫，支援月結流程。
6.查帳與資料提供：於會計師查帳期間提供單據或檔案資料，協助基本行政作業。
7.其他交辦事項。

",專科,00,不拘,0,1,0~5人應徵,130000000015120,禾多移動多媒體股份有限公司,1001001005,數位內容產業,0000190,0000190,時薪190元,30,20250602,6/02,0,0,,0,0,"▌節奏快速勇於挑戰
我們的節奏步伐相當快速，歡迎喜歡挑戰，樂於質疑現狀，並以用戶價值為導向。在這裡，我們重視個人的責任感和成果導向，注重團隊結果成效！期待快節奏工作環境，並渴望在國際舞台上實現自我價值的挑戰者，我們歡迎你的加入！

==============================================

1.發票與單據整理：協助彙整、分類與歸檔廠商發票與報銷單據，確保資料齊全。
2.費用支付作業支援：協助費用請款、付款申請單製作與資料登錄。
3.帳務系統建檔與維護：支援會計系統資料輸入、檢查憑證號碼與相關資訊正確性。
4.稅務文件整理：配合主管準備營業稅、扣繳等稅務申報資料。
5.月結報表協助：協助費用暫估資料彙整與表單填寫，支援月結流程。
6.查帳與資料提供：於會計師查帳期間提供單據或檔案資料，協助基本行政作業。
7.其他交辦事項。

","{'emp': {'desc': '員工80人', 'param': '5'}}",距捷運民權西路站約500公尺,"{'applyAnalyze': '//www.104.com.tw/jobs/apply/analysis/8q6ev?channel=104rpt&jobsource=apply_analyze', 'job': '//www.104.com.tw/job/8q6ev?jobsource=n104bank2', 'cust': '//www.104.com.tw/company/1a2x6biaz4?jobsource=n104bank2'}",,會計實習生 / Accounting Intern,禾多移動多媒體股份有限公司,121.5227995,25.0666985,0,[],H,0.5,99001002012,捷運民權西路站,False,intern
2,10226428,數據分析工讀生 / Data Analysis Intern,數據分析工讀生 / Data Analysis <em class='b-txt--highlight'>Intern</em>,2,2,6001001003,台北市中山區,捷運行天宮站旁步行五分鐘,"你是個喜歡無時無刻都掛在網路上的人？ 
鄉民網友的夯話題常激起你的創意？ 
擅長邏輯思考、不會害怕畫數據圖表、做簡報 
你可能就是我們正在找的人 

公司2015年於台科大成立數據研究中心，專研數據帶來的創新思維，透過數據，我們聚集各領域的專家，檢視時下重要議題及產業趨勢，推出『KEYPO大數據關鍵引擎』，擁有巨量資料，透過人工智慧做語意分析，並且以視覺圖表呈現，讓用戶像是24小時都擁有龐大的數據資料專家一樣，輕鬆的透過系統服務，就能掌握社群及網路輿情。

學習機會：近距離了解數據分析師工作內容，並擁有與分析師交流機會。此外，亦能訓練自身統整及分析能力，了解產業背後各項數據原因，提升洞察insight。

需要特質：擅長邏輯思考、不會害怕畫數據圖表、做簡報；因需製作美妝報告，因此期望對於美妝擁有些許瞭解。

工作內容：
1.協助分析師做數據搜集、整理、分析，完成客戶專案報告以及產業洞察報告
2.將資料視覺化與報表設計
3.各領域之資料彙整

條件：
1.工作態度積極、思緒清晰、善於溝通
2.熟悉Office文書軟體應用(EX: EXCEL、POWPERPOINT、WORD)
3.關心時事、擁有好奇心，想接觸不同產業，不排斥
4.具備邏輯以及分析能力
5.具備數據分析、行銷等相關學經歷者","你是個喜歡無時無刻都掛在網路上的人？ 
鄉民網友的夯話題常激起你的創意？ 
擅長邏輯思考、不會害怕畫數據圖表、做簡報 
你可能就是我們正在找的人 

公司2015年於台科大成立數據研究中心，專研數據帶來的創新思維，透過數據，我們聚集各領域的專家，檢視時下重要議題及產業趨勢，推出『KEYPO大數據關鍵引擎』，擁有巨量資料，透過人工智慧做語意分析，並且以視覺圖表呈現，讓用戶像是24小時都擁有龐大的數據資料專家一樣，輕鬆的透過系統服務，就能掌握社群及網路輿情。

學習機會：近距離了解數據分析師工作內容，並擁有與分析師交流機會。此外，亦能訓練自身統整及分析能力，了解產業背後各項數據原因，提升洞察insight。

需要特質：擅長邏輯思考、不會害怕畫數據圖表、做簡報；因需製作美妝報告，因此期望對於美妝擁有些許瞭解。

工作內容：
1.協助分析師做數據搜集、整理、分析，完成客戶專案報告以及產業洞察報告
2.將資料視覺化與報表設計
3.各領域之資料彙整

條件：
1.工作態度積極、思緒清晰、善於溝通
2.熟悉Office文書軟體應用(EX: EXCEL、POWPERPOINT、WORD)
3.關心時事、擁有好奇心，想接觸不同產業，不排斥
4.具備邏輯以及分析能力
5.具備數據分析、行銷等相關學經歷者",大學,00,不拘,00020,3,11~30人應徵,130000000072800,大數據股份有限公司,1001001006,其它軟體及網路相關業,0000190,0000190,時薪190元,30,20250602,6/02,266240,0,,0,0,"你是個喜歡無時無刻都掛在網路上的人？ 
鄉民網友的夯話題常激起你的創意？ 
擅長邏輯思考、不會害怕畫數據圖表、做簡報 
你可能就是我們正在找的人 

公司2015年於台科大成立數據研究中心，專研數據帶來的創新思維，透過數據，我們聚集各領域的專家，檢視時下重要議題及產業趨勢，推出『KEYPO大數據關鍵引擎』，擁有巨量資料，透過人工智慧做語意分析，並且以視覺圖表呈現，讓用戶像是24小時都擁有龐大的數據資料專家一樣，輕鬆的透過系統服務，就能掌握社群及網路輿情。

學習機會：近距離了解數據分析師工作內容，並擁有與分析師交流機會。此外，亦能訓練自身統整及分析能力，了解產業背後各項數據原因，提升洞察insight。

需要特質：擅長邏輯思考、不會害怕畫數據圖表、做簡報；因需製作美妝報告，因此期望對於美妝擁有些許瞭解。

工作內容：
1.協助分析師做數據搜集、整理、分析，完成客戶專案報告以及產業洞察報告
2.將資料視覺化與報表設計
3.各領域之資料彙整

條件：
1.工作態度積極、思緒清晰、善於溝通
2.熟悉Office文書軟體應用(EX: EXCEL、POWPERPOINT、WORD)
3.關心時事、擁有好奇心，想接觸不同產業，不排斥
4.具備邏輯以及分析能力
5.具備數據分析、行銷等相關學經歷者","{'emp': {'desc': '員工80人', 'param': '5'}}",,"{'applyAnalyze': '//www.104.com.tw/jobs/apply/analysis/636rg?channel=104rpt&jobsource=apply_analyze', 'job': '//www.104.com.tw/job/636rg?jobsource=n104bank2', 'cust': '//www.104.com.tw/company/1a2x6bjjhc?jobsource=n104bank2'}",,數據分析工讀生 / Data Analysis Intern,大數據股份有限公司,0.0,0.0,0,[],H,,,,True,intern
0,14555235,[Intern] AI實習生 - AI ecosystem testing and LLM agent,<em class='b-txt--highlight'>[Intern</em>] AI實習生 - AI ecosystem testing and LLM agent,2,2,6001001003,台北市中山區,中山北路2段96號," model) 

As a [[[Intern]]], you will be responsible for survey the state-of-the art method to solve problems. Also you have to"," model) 

As a Intern, you will be responsible for survey the state-of-the art method to solve problems. Also you have to",大學,00,不拘,00019,3,11~30人應徵,130000000163800,百威雷科技有限公司,1001001006,其它軟體及網路相關業,0000200,0000300,時薪200~300元,30,20250602,6/02,0,0,,0,0," model) 

As a <em class='b-txt--highlight'>Intern</em>, you will be responsible for survey the state-of-the art method to solve problems. Also you have to","{'emp': {'desc': '員工30人', 'param': '4'}}",距捷運雙連站約270公尺,"{'applyAnalyze': '//www.104.com.tw/jobs/apply/analysis/8nyw3?channel=104rpt&jobsource=apply_analyze', 'job': '//www.104.com.tw/job/8nyw3?jobsource=n104bank2', 'cust': '//www.104.com.tw/company/1a2x6blhp4?jobsource=n104bank2'}",,[Intern] AI實習生 - AI ecosystem testing and LLM agent,百威雷科技有限公司,121.5225228,25.0594999,0,"['資訊工程相關', '數理統計相關', '電機電子工程相關']",H,0.27,99001002011,捷運雙連站,False,intern
0,14618025,【Marketing】Intern ( US ),【Marketing】<em class='b-txt--highlight'>Intern</em> ( US ),2,2,6001001003,台北市中山區,中山北路三段22-1號,"XRSPACE — Join us to reimagine AI
★ Summer Marketing [[[Intern]]] | Hybrid | Internship | May–October 2025

Are you tired of the","XRSPACE — Join us to reimagine AI
★ Summer Marketing Intern | Hybrid | Internship | May–October 2025

Are you tired of the",專科,00,不拘,00027,3,11~30人應徵,130000000099607,未來市股份有限公司,1001001002,電腦軟體服務業,0000190,9999999,時薪190元以上,30,20250602,6/02,0,0,,0,0,"XRSPACE — Join us to reimagine AI
★ Summer Marketing <em class='b-txt--highlight'>Intern</em> | Hybrid | Internship | May–October 2025

Are you tired of the","{'emp': {'desc': '員工90人', 'param': '5'}}",距捷運民權西路站約290公尺,"{'applyAnalyze': '//www.104.com.tw/jobs/apply/analysis/8pbc9?channel=104rpt&jobsource=apply_analyze', 'job': '//www.104.com.tw/job/8pbc9?jobsource=n104bank2', 'cust': '//www.104.com.tw/company/1a2x6bk45z?jobsource=n104bank2'}",,【Marketing】Intern ( US ),未來市股份有限公司,121.5221507,25.064302,0,[],H,0.29,99001002012,捷運民權西路站,True,intern
0,13619325,後端實習生 (AI) Backend Intern,後端實習生 (AI) Backend <em class='b-txt--highlight'>Intern</em>,2,2,6001001007,台北市信義區,松德路65號8樓之2,"【關於未來巢】
Futurenest 未來巢是由一群對新科技充滿熱情的愛好者在社群中發起的團隊。未來「巢」，我們希望打造未來人才的孵化地，相信培育下一代不受限的人才會是公司最大的資產。在未來巢，我們聆聽每位夥伴的聲音，這裡沒有束縛，只有各種挑戰等著你去突破，歡迎充滿創意、不畏艱辛、擁抱挑戰、滿腔熱血的你，踏出第一步，加入未來巢！ 

我們相信 AI 能開啟全新的可能，致力於發展人工智慧解決方案；服務客戶跨及國內外一線公司，產業涵蓋金融、教育、汽車、電子、傳產、運輸、公衛、資訊等產業。

【RD 團隊】
我們專注於軟體開發和 CI/CD 流程，致力於提供高效、穩定的技術解決方案。我們擁有豐富的專業技能，持續提升產品品質。如果你對產品有熱忱、對 AI 有興趣，歡迎你加入我們一起努力！

【工作內容】
- 參與 AI 相關系統（例如 RAG 架構）的後端開發與測試。
- 與前端工程師協作，打造完整的 AI 應用服務。
- 協助開發 Django / Django-Ninja / Celery 等相關模組。
- 實作 RESTful API、串接資料庫與非同步任務。
-實際參與產品開發流程與 code review，提升工程實戰經驗。

【基本條件】
- 對後端開發或 AI 應用有高度興趣。
- 樂於學習新技術，勇於嘗試與挑戰。
- 能夠主動溝通，有責任感、時間控管佳。

【加分項目】
- 熟悉 Python 基礎
- 使用過 Git 做版本控制
- 有自己動手寫過 side project（不限語言／框架）
- 接觸過 Django / FastAPI / Celery / Django-Ninja 等框架
- 有興趣理解 LLM、向量資料庫等 AI 工程應用
- 能穩定實習 6 個月以上（若能 12 個月更佳）

【實習資訊】
- 每週配合時數至少 2～3 天（可彈性排班）
- 遠端／實體混合模式皆可（依地點與狀況安排）","【關於未來巢】
Futurenest 未來巢是由一群對新科技充滿熱情的愛好者在社群中發起的團隊。未來「巢」，我們希望打造未來人才的孵化地，相信培育下一代不受限的人才會是公司最大的資產。在未來巢，我們聆聽每位夥伴的聲音，這裡沒有束縛，只有各種挑戰等著你去突破，歡迎充滿創意、不畏艱辛、擁抱挑戰、滿腔熱血的你，踏出第一步，加入未來巢！ 

我們相信 AI 能開啟全新的可能，致力於發展人工智慧解決方案；服務客戶跨及國內外一線公司，產業涵蓋金融、教育、汽車、電子、傳產、運輸、公衛、資訊等產業。

【RD 團隊】
我們專注於軟體開發和 CI/CD 流程，致力於提供高效、穩定的技術解決方案。我們擁有豐富的專業技能，持續提升產品品質。如果你對產品有熱忱、對 AI 有興趣，歡迎你加入我們一起努力！

【工作內容】
- 參與 AI 相關系統（例如 RAG 架構）的後端開發與測試。
- 與前端工程師協作，打造完整的 AI 應用服務。
- 協助開發 Django / Django-Ninja / Celery 等相關模組。
- 實作 RESTful API、串接資料庫與非同步任務。
-實際參與產品開發流程與 code review，提升工程實戰經驗。

【基本條件】
- 對後端開發或 AI 應用有高度興趣。
- 樂於學習新技術，勇於嘗試與挑戰。
- 能夠主動溝通，有責任感、時間控管佳。

【加分項目】
- 熟悉 Python 基礎
- 使用過 Git 做版本控制
- 有自己動手寫過 side project（不限語言／框架）
- 接觸過 Django / FastAPI / Celery / Django-Ninja 等框架
- 有興趣理解 LLM、向量資料庫等 AI 工程應用
- 能穩定實習 6 個月以上（若能 12 個月更佳）

【實習資訊】
- 每週配合時數至少 2～3 天（可彈性排班）
- 遠端／實體混合模式皆可（依地點與狀況安排）",大學,00,不拘,00023,3,11~30人應徵,130000000218607,未來巢科技股份有限公司,1001001002,電腦軟體服務業,0000000,0000000,待遇面議,10,20250602,6/02,0,0,,0,0,"【關於未來巢】
Futurenest 未來巢是由一群對新科技充滿熱情的愛好者在社群中發起的團隊。未來「巢」，我們希望打造未來人才的孵化地，相信培育下一代不受限的人才會是公司最大的資產。在未來巢，我們聆聽每位夥伴的聲音，這裡沒有束縛，只有各種挑戰等著你去突破，歡迎充滿創意、不畏艱辛、擁抱挑戰、滿腔熱血的你，踏出第一步，加入未來巢！ 

我們相信 AI 能開啟全新的可能，致力於發展人工智慧解決方案；服務客戶跨及國內外一線公司，產業涵蓋金融、教育、汽車、電子、傳產、運輸、公衛、資訊等產業。

【RD 團隊】
我們專注於軟體開發和 CI/CD 流程，致力於提供高效、穩定的技術解決方案。我們擁有豐富的專業技能，持續提升產品品質。如果你對產品有熱忱、對 AI 有興趣，歡迎你加入我們一起努力！

【工作內容】
- 參與 AI 相關系統（例如 RAG 架構）的後端開發與測試。
- 與前端工程師協作，打造完整的 AI 應用服務。
- 協助開發 Django / Django-Ninja / Celery 等相關模組。
- 實作 RESTful API、串接資料庫與非同步任務。
-實際參與產品開發流程與 code review，提升工程實戰經驗。

【基本條件】
- 對後端開發或 AI 應用有高度興趣。
- 樂於學習新技術，勇於嘗試與挑戰。
- 能夠主動溝通，有責任感、時間控管佳。

【加分項目】
- 熟悉 Python 基礎
- 使用過 Git 做版本控制
- 有自己動手寫過 side project（不限語言／框架）
- 接觸過 Django / FastAPI / Celery / Django-Ninja 等框架
- 有興趣理解 LLM、向量資料庫等 AI 工程應用
- 能穩定實習 6 個月以上（若能 12 個月更佳）

【實習資訊】
- 每週配合時數至少 2～3 天（可彈性排班）
- 遠端／實體混合模式皆可（依地點與狀況安排）","{'emp': {'desc': '員工26人', 'param': '3'}}",距捷運永春站約280公尺,"{'applyAnalyze': '//www.104.com.tw/jobs/apply/analysis/83wql?channel=104rpt&jobsource=apply_analyze', 'job': '//www.104.com.tw/job/83wql?jobsource=n104bank2', 'cust': '//www.104.com.tw/company/1a2x6bmnzj?jobsource=n104bank2'}",,後端實習生 (AI) Backend Intern,未來巢科技股份有限公司,121.576699,25.0384449,0,[],,0.28,99001005019,捷運永春站,True,intern
2,14006143,實習生-巴西/拉美市場行銷助理 (Brazil / Latin America Marketing Intern)(非短期寒暑假實習),實習生-巴西/拉美市場行銷助理 (Brazil / Latin America Marketing <em class='b-txt--highlight'>Intern</em>)(非短期寒暑假實習),2,2,6001001010,台北市內湖區,堤頂大道二段301號 9樓,"【巴西/拉美市場行銷實習生】招募中！熱烈歡迎巴西/拉美籍在台學生加入！
如果你熱愛拍照修圖、是社群媒體重度使用者、了解巴西/拉美年輕人最新流行趨勢，歡迎投遞履歷！

加入我們，你將負責或參與這些工作內容：
◆官方社群經營 (IG/Tiktok等)
◆節慶推廣、文案撰寫、翻譯及視覺創意發想
◆市場調查/趨勢蒐集/競品分析/用戶訪談
◆網紅合作洽談
◆App本地優化建議
◆客服回覆 (商店評論、客服信箱)
◆其他主管交辦事項或不定期測試
   
申請條件
1. 須可配合進辦公室工作，且每週至少可排班20小時以上 (24小時以上尤佳)
2. 須為巴西/拉美藉身分，中文&amp;葡文或西班牙文 - 聽說讀寫精通
3. 此為半年以上長期實習職缺

※不適用者不另行通知","【巴西/拉美市場行銷實習生】招募中！熱烈歡迎巴西/拉美籍在台學生加入！
如果你熱愛拍照修圖、是社群媒體重度使用者、了解巴西/拉美年輕人最新流行趨勢，歡迎投遞履歷！

加入我們，你將負責或參與這些工作內容：
◆官方社群經營 (IG/Tiktok等)
◆節慶推廣、文案撰寫、翻譯及視覺創意發想
◆市場調查/趨勢蒐集/競品分析/用戶訪談
◆網紅合作洽談
◆App本地優化建議
◆客服回覆 (商店評論、客服信箱)
◆其他主管交辦事項或不定期測試
   
申請條件
1. 須可配合進辦公室工作，且每週至少可排班20小時以上 (24小時以上尤佳)
2. 須為巴西/拉美藉身分，中文&葡文或西班牙文 - 聽說讀寫精通
3. 此為半年以上長期實習職缺

※不適用者不另行通知",大學,00,不拘,00002,1,0~5人應徵,130000000046843,玩美行動股份有限公司,1001001002,電腦軟體服務業,0000190,0000215,時薪190~215元,30,20250602,6/02,4198400,0,,0,0,"【巴西/拉美市場行銷實習生】招募中！熱烈歡迎巴西/拉美籍在台學生加入！
如果你熱愛拍照修圖、是社群媒體重度使用者、了解巴西/拉美年輕人最新流行趨勢，歡迎投遞履歷！

加入我們，你將負責或參與這些工作內容：
◆官方社群經營 (IG/Tiktok等)
◆節慶推廣、文案撰寫、翻譯及視覺創意發想
◆市場調查/趨勢蒐集/競品分析/用戶訪談
◆網紅合作洽談
◆App本地優化建議
◆客服回覆 (商店評論、客服信箱)
◆其他主管交辦事項或不定期測試
   
申請條件
1. 須可配合進辦公室工作，且每週至少可排班20小時以上 (24小時以上尤佳)
2. 須為巴西/拉美藉身分，中文&amp;葡文或西班牙文 - 聽說讀寫精通
3. 此為半年以上長期實習職缺

※不適用者不另行通知","{'emp': {'desc': '員工50人', 'param': '5'}}",距捷運西湖站約440公尺,"{'applyAnalyze': '//www.104.com.tw/jobs/apply/analysis/8c77j?channel=104rpt&jobsource=apply_analyze', 'job': '//www.104.com.tw/job/8c77j?jobsource=n104bank2', 'cust': '//www.104.com.tw/company/1a2x6bizgb?jobsource=n104bank2'}",,實習生-巴西/拉美市場行銷助理 (Brazil / Latin America Marketing Intern)(非短期寒暑假實習),玩美行動股份有限公司,121.5649109,25.0788104,0,[],H,0.44,99001001016,捷運西湖站,False,intern
0,14572472,Digital Intern (一年期，台北辦公室),Digital <em class='b-txt--highlight'>Intern</em> (一年期，台北辦公室),2,2,6001001001,台北市中正區,忠孝西路1段66號24樓,"Hello. We’re Haleon. A new world-leading consumer health company. Shaped by all who join us. Together, we’re improving everyday health for billions of people. By growing and innovating our global portfolio of category-leading brands – including Sensodyne, Panadol, Advil, Voltaren, Theraflu, Otrivin, and Centrum – through a unique combination of deep human understanding and trusted science. What’s more, we’re achieving it in a company that we’re in control of. In an environment that we’re co-creating. And a culture that’s uniquely ours. Care to join us. It isn’t a question.

With category leading brands such as Sensodyne, Voltaren and Centrum, built on trusted science and human understanding, and combined with our passion, knowledge and expertise, we’re uniquely placed to do this and to grow a strong, successful business.

This is an exciting time to join us and help shape the future. It’s an opportunity to be part of something special.


Job description:
-Responsible for digital team’s routine analysis and reports, include market share from 3rd party data, offtake report, digital team trade spend.
-To support digital manager on performance marketing media execution under holistic view of digital campaign or theme event, and concrete post review on delivery.
-Closely monitor and evaluate performance marketing result to propose and execute appropriate ways to drive optimization.
-To support digital manager on digital shelf management through FCP dashboard, to ensure all digital assets (content and video) are compliance and updated.
-A&amp;P monitoring and reporting.
-Support the marketing team in daily administrative tasks.
-Other tasks as assigned by line manager.


Diversity, Equity and Inclusion:
At Haleon we embrace our diverse workforce by creating an inclusive environment that celebrates our unique perspectives, generates curiosity to create unmatched understanding of each other, and promotes fair and equitable outcomes for everyone.
We’re striving to create a climate where we celebrate our diversity in all forms by treating each other with respect, listening to different viewpoints, supporting our communities, and creating a workplace where your authentic self belongs and thrives.
We believe in an agile working culture for all our roles. If flexibility is important to you, we encourage you to explore with our hiring team what the opportunities are.","Hello. We’re Haleon. A new world-leading consumer health company. Shaped by all who join us. Together, we’re improving everyday health for billions of people. By growing and innovating our global portfolio of category-leading brands – including Sensodyne, Panadol, Advil, Voltaren, Theraflu, Otrivin, and Centrum – through a unique combination of deep human understanding and trusted science. What’s more, we’re achieving it in a company that we’re in control of. In an environment that we’re co-creating. And a culture that’s uniquely ours. Care to join us. It isn’t a question.

With category leading brands such as Sensodyne, Voltaren and Centrum, built on trusted science and human understanding, and combined with our passion, knowledge and expertise, we’re uniquely placed to do this and to grow a strong, successful business.

This is an exciting time to join us and help shape the future. It’s an opportunity to be part of something special.


Job description:
-Responsible for digital team’s routine analysis and reports, include market share from 3rd party data, offtake report, digital team trade spend.
-To support digital manager on performance marketing media execution under holistic view of digital campaign or theme event, and concrete post review on delivery.
-Closely monitor and evaluate performance marketing result to propose and execute appropriate ways to drive optimization.
-To support digital manager on digital shelf management through FCP dashboard, to ensure all digital assets (content and video) are compliance and updated.
-A&P monitoring and reporting.
-Support the marketing team in daily administrative tasks.
-Other tasks as assigned by line manager.


Diversity, Equity and Inclusion:
At Haleon we embrace our diverse workforce by creating an inclusive environment that celebrates our unique perspectives, generates curiosity to create unmatched understanding of each other, and promotes fair and equitable outcomes for everyone.
We’re striving to create a climate where we celebrate our diversity in all forms by treating each other with respect, listening to different viewpoints, supporting our communities, and creating a workplace where your authentic self belongs and thrives.
We believe in an agile working culture for all our roles. If flexibility is important to you, we encourage you to explore with our hiring team what the opportunities are.",大學,00,不拘,00013,3,11~30人應徵,130000000196099,英商赫力昂股份有限公司台灣分公司,1012001004,其他醫療保健服務業,0028590,0028590,"月薪28,590元",50,20250602,6/02,0,0,,0,0,"Hello. We’re Haleon. A new world-leading consumer health company. Shaped by all who join us. Together, we’re improving everyday health for billions of people. By growing and innovating our global portfolio of category-leading brands – including Sensodyne, Panadol, Advil, Voltaren, Theraflu, Otrivin, and Centrum – through a unique combination of deep human understanding and trusted science. What’s more, we’re achieving it in a company that we’re in control of. In an environment that we’re co-creating. And a culture that’s uniquely ours. Care to join us. It isn’t a question.

With category leading brands such as Sensodyne, Voltaren and Centrum, built on trusted science and human understanding, and combined with our passion, knowledge and expertise, we’re uniquely placed to do this and to grow a strong, successful business.

This is an exciting time to join us and help shape the future. It’s an opportunity to be part of something special.


Job description:
-Responsible for digital team’s routine analysis and reports, include market share from 3rd party data, offtake report, digital team trade spend.
-To support digital manager on performance marketing media execution under holistic view of digital campaign or theme event, and concrete post review on delivery.
-Closely monitor and evaluate performance marketing result to propose and execute appropriate ways to drive optimization.
-To support digital manager on digital shelf management through FCP dashboard, to ensure all digital assets (content and video) are compliance and updated.
-A&amp;P monitoring and reporting.
-Support the marketing team in daily administrative tasks.
-Other tasks as assigned by line manager.


Diversity, Equity and Inclusion:
At Haleon we embrace our diverse workforce by creating an inclusive environment that celebrates our unique perspectives, generates curiosity to create unmatched understanding of each other, and promotes fair and equitable outcomes for everyone.
We’re striving to create a climate where we celebrate our diversity in all forms by treating each other with respect, listening to different viewpoints, supporting our communities, and creating a workplace where your authentic self belongs and thrives.
We believe in an agile working culture for all our roles. If flexibility is important to you, we encourage you to explore with our hiring team what the opportunities are.",{'remote': {'desc': '遠端工作'}},,"{'applyAnalyze': '//www.104.com.tw/jobs/apply/analysis/8oc6w?channel=104rpt&jobsource=apply_analyze', 'job': '//www.104.com.tw/job/8oc6w?jobsource=n104bank2', 'cust': '//www.104.com.tw/company/1a2x6bm6mb?jobsource=n104bank2'}",,Digital Intern (一年期，台北辦公室),英商赫力昂股份有限公司台灣分公司,121.5221967,25.0629919,2,[],M,,,,True,intern
0,14663629,【遠端】行銷企劃暨社群實習生｜Marketing &amp; Social Media Intern,【遠端】行銷企劃暨社群實習生｜Marketing &amp; Social Media <em class='b-txt--highlight'>Intern</em>,2,2,6001001004,台北市松山區,南京東路四段2號,"我們是一間整合行銷與社群操作的公司，致力於為品牌打造有效溝通與數位成長方案。現在，我們正在尋找對行銷敏感、具數據邏輯與創意思維的實習夥伴加入團隊！

你將會依照個人能力或專業參與以下任務，：
	•	協助行銷企劃撰寫簡報、企劃提案與活動規劃
	•	社群帳號（如 IG / FB / Threads）日常貼文規劃與排程
	•	基礎數據整理與成效分析（如 Meta / Google / IG Insight）
	•	市場趨勢與競品分析資料蒐集
	•	簡單的圖文設計及內容撰寫

【加分條件】
	•	熟悉 Canva、Notion、Google Sheets 等數位工具
	•	有經營個人社群或 Side Project 經驗者尤佳
	•	具備設計、思想創意者大加分！

【實習條件】
	•	期間：為期三個月（可延長或轉正）
	•	地點：完全遠端，必要時需參與實體會議（台北地區）
	•	時間：每週至少配合 2～5 天（依任務調整）
	•	薪資：3 個月～6個月為無薪實習（以學習與專案訓練為主），依照能力若提前完成實習，後續參與之專案將提供專案酬勞。
	•	福利：提供推薦信與履歷指導，表現優秀者可優先考慮轉為正式員工

【我們期待的你】
	•	主動、負責，喜歡學習與解決問題
	•	對行銷、社群趨勢有觀察力與熱情
	•	具備基礎邏輯思維與溝通能力
	•	願意接受挑戰、勇於嘗試不同任務","我們是一間整合行銷與社群操作的公司，致力於為品牌打造有效溝通與數位成長方案。現在，我們正在尋找對行銷敏感、具數據邏輯與創意思維的實習夥伴加入團隊！

你將會依照個人能力或專業參與以下任務，：
	•	協助行銷企劃撰寫簡報、企劃提案與活動規劃
	•	社群帳號（如 IG / FB / Threads）日常貼文規劃與排程
	•	基礎數據整理與成效分析（如 Meta / Google / IG Insight）
	•	市場趨勢與競品分析資料蒐集
	•	簡單的圖文設計及內容撰寫

【加分條件】
	•	熟悉 Canva、Notion、Google Sheets 等數位工具
	•	有經營個人社群或 Side Project 經驗者尤佳
	•	具備設計、思想創意者大加分！

【實習條件】
	•	期間：為期三個月（可延長或轉正）
	•	地點：完全遠端，必要時需參與實體會議（台北地區）
	•	時間：每週至少配合 2～5 天（依任務調整）
	•	薪資：3 個月～6個月為無薪實習（以學習與專案訓練為主），依照能力若提前完成實習，後續參與之專案將提供專案酬勞。
	•	福利：提供推薦信與履歷指導，表現優秀者可優先考慮轉為正式員工

【我們期待的你】
	•	主動、負責，喜歡學習與解決問題
	•	對行銷、社群趨勢有觀察力與熱情
	•	具備基礎邏輯思維與溝通能力
	•	願意接受挑戰、勇於嘗試不同任務",大學,00,不拘,00021,3,11~30人應徵,130000000234403,星進股份有限公司,1006003001,廣告行銷公關業,0000200,9999999,時薪200元以上,30,20250602,6/02,0,0,,0,0,"我們是一間整合行銷與社群操作的公司，致力於為品牌打造有效溝通與數位成長方案。現在，我們正在尋找對行銷敏感、具數據邏輯與創意思維的實習夥伴加入團隊！

你將會依照個人能力或專業參與以下任務，：
	•	協助行銷企劃撰寫簡報、企劃提案與活動規劃
	•	社群帳號（如 IG / FB / Threads）日常貼文規劃與排程
	•	基礎數據整理與成效分析（如 Meta / Google / IG Insight）
	•	市場趨勢與競品分析資料蒐集
	•	簡單的圖文設計及內容撰寫

【加分條件】
	•	熟悉 Canva、Notion、Google Sheets 等數位工具
	•	有經營個人社群或 Side Project 經驗者尤佳
	•	具備設計、思想創意者大加分！

【實習條件】
	•	期間：為期三個月（可延長或轉正）
	•	地點：完全遠端，必要時需參與實體會議（台北地區）
	•	時間：每週至少配合 2～5 天（依任務調整）
	•	薪資：3 個月～6個月為無薪實習（以學習與專案訓練為主），依照能力若提前完成實習，後續參與之專案將提供專案酬勞。
	•	福利：提供推薦信與履歷指導，表現優秀者可優先考慮轉為正式員工

【我們期待的你】
	•	主動、負責，喜歡學習與解決問題
	•	對行銷、社群趨勢有觀察力與熱情
	•	具備基礎邏輯思維與溝通能力
	•	願意接受挑戰、勇於嘗試不同任務","{'emp': {'desc': '員工20人', 'param': '3'}, 'remote': {'desc': '遠端工作'}}",距捷運台北小巨蛋站約210公尺,"{'applyAnalyze': '//www.104.com.tw/jobs/apply/analysis/8qaj1?channel=104rpt&jobsource=apply_analyze', 'job': '//www.104.com.tw/job/8qaj1?jobsource=n104bank2', 'cust': '//www.104.com.tw/company/1a2x6bn06b?jobsource=n104bank2'}",,【遠端】行銷企劃暨社群實習生｜Marketing & Social Media Intern,星進股份有限公司,121.5500235,25.0507926,1,[],H,0.21,99001003018,捷運台北小巨蛋站,True,intern
0,13591530,軟體研發實習生 Software R&amp;D Intern 【Quanta Vision 2025實習生計畫】,軟體研發實習生 Software R&amp;D <em class='b-txt--highlight'>Intern</em> 【Quanta Vision 2025實習生計畫】,2,2,6001001005,台北市大安區,(最近捷運站公館站),"「光的視野，照亮你的生命！」
我們是一間以光學和AI為核心的新創公司，專注於發展生化檢測和智慧醫療產品。
以「預防醫學」為目標，透過整合科技和心理學，致力於研發先進的光學感測和AI人工智慧技術，分析人類的生理和心理狀態，幫助人們掌握更健康、更快樂的生活。
我們重視互助和感恩的文化，尊重每個人的想法和貢獻，並提供完善的Mentor制度和各種學習資源，讓您可以在工作中不斷學習和成長。
歡迎有志於新創事業的夥伴加入我們，也歡迎職場新鮮人，一起激盪出多元點子，體驗從零開始打造產品的喜悅！攜手創造更美好的未來，實現「QUANTA VISION , BRIGHTEN YOUR LIFE.」的理念！

【這份工作的核心內容】
1.參與軟體開發項目的設計、編碼、測試和維護工作。
2.解決日常開發過程中的問題，進行修復和優化。
3.參與Linux kernel開發，優化系統性能並提升功能擴展性。
4.參與APP功能開發，設計和實現新的功能模組。
5.學習並參與產品測試，包括功能測試、性能測試和穩定性測試。
6.協助製作測試報告，記錄測試結果並提供改進建議。

【我們在尋找這樣的你 / 妳，如果你 / 妳喜歡...】
1. 喜歡在小型團隊工作，工作有彈性，不只當個小螺絲釘
2. 好奇心強，喜歡鑽研各種開發技術，並且交流自己的想法
3. 熱愛解決程式碼問題，同時喜歡與他人分享你/妳的心得
4. 擅長管理自己的時間，達成各種任務
5. 喜歡與團隊協作，一起達成目標的成就感
","「光的視野，照亮你的生命！」
我們是一間以光學和AI為核心的新創公司，專注於發展生化檢測和智慧醫療產品。
以「預防醫學」為目標，透過整合科技和心理學，致力於研發先進的光學感測和AI人工智慧技術，分析人類的生理和心理狀態，幫助人們掌握更健康、更快樂的生活。
我們重視互助和感恩的文化，尊重每個人的想法和貢獻，並提供完善的Mentor制度和各種學習資源，讓您可以在工作中不斷學習和成長。
歡迎有志於新創事業的夥伴加入我們，也歡迎職場新鮮人，一起激盪出多元點子，體驗從零開始打造產品的喜悅！攜手創造更美好的未來，實現「QUANTA VISION , BRIGHTEN YOUR LIFE.」的理念！

【這份工作的核心內容】
1.參與軟體開發項目的設計、編碼、測試和維護工作。
2.解決日常開發過程中的問題，進行修復和優化。
3.參與Linux kernel開發，優化系統性能並提升功能擴展性。
4.參與APP功能開發，設計和實現新的功能模組。
5.學習並參與產品測試，包括功能測試、性能測試和穩定性測試。
6.協助製作測試報告，記錄測試結果並提供改進建議。

【我們在尋找這樣的你 / 妳，如果你 / 妳喜歡...】
1. 喜歡在小型團隊工作，工作有彈性，不只當個小螺絲釘
2. 好奇心強，喜歡鑽研各種開發技術，並且交流自己的想法
3. 熱愛解決程式碼問題，同時喜歡與他人分享你/妳的心得
4. 擅長管理自己的時間，達成各種任務
5. 喜歡與團隊協作，一起達成目標的成就感
",專科,00,不拘,00021,3,11~30人應徵,130000000201752,光大科技股份有限公司,1008003004,生化科技研發業,0000200,9999999,時薪200元以上,30,20250602,6/02,0,0,,0,0,"「光的視野，照亮你的生命！」
我們是一間以光學和AI為核心的新創公司，專注於發展生化檢測和智慧醫療產品。
以「預防醫學」為目標，透過整合科技和心理學，致力於研發先進的光學感測和AI人工智慧技術，分析人類的生理和心理狀態，幫助人們掌握更健康、更快樂的生活。
我們重視互助和感恩的文化，尊重每個人的想法和貢獻，並提供完善的Mentor制度和各種學習資源，讓您可以在工作中不斷學習和成長。
歡迎有志於新創事業的夥伴加入我們，也歡迎職場新鮮人，一起激盪出多元點子，體驗從零開始打造產品的喜悅！攜手創造更美好的未來，實現「QUANTA VISION , BRIGHTEN YOUR LIFE.」的理念！

【這份工作的核心內容】
1.參與軟體開發項目的設計、編碼、測試和維護工作。
2.解決日常開發過程中的問題，進行修復和優化。
3.參與Linux kernel開發，優化系統性能並提升功能擴展性。
4.參與APP功能開發，設計和實現新的功能模組。
5.學習並參與產品測試，包括功能測試、性能測試和穩定性測試。
6.協助製作測試報告，記錄測試結果並提供改進建議。

【我們在尋找這樣的你 / 妳，如果你 / 妳喜歡...】
1. 喜歡在小型團隊工作，工作有彈性，不只當個小螺絲釘
2. 好奇心強，喜歡鑽研各種開發技術，並且交流自己的想法
3. 熱愛解決程式碼問題，同時喜歡與他人分享你/妳的心得
4. 擅長管理自己的時間，達成各種任務
5. 喜歡與團隊協作，一起達成目標的成就感
","{'emp': {'desc': '員工30人', 'param': '4'}}",,"{'applyAnalyze': '//www.104.com.tw/jobs/apply/analysis/83bai?channel=104rpt&jobsource=apply_analyze', 'job': '//www.104.com.tw/job/83bai?jobsource=n104bank2', 'cust': '//www.104.com.tw/company/1a2x6bmazc?jobsource=n104bank2'}",,軟體研發實習生 Software R&D Intern 【Quanta Vision 2025實習生計畫】,光大科技股份有限公司,121.5433783,25.0249441,0,"['機械工程相關', '電機電子工程相關', '數學及電算機科學學科類']",H,,,,True,intern
2,14575081,&lt;實習計劃&gt; 空運出口部實習生 Intern(台北)(1 year contract),&lt;實習計劃&gt; 空運出口部實習生 <em class='b-txt--highlight'>Intern</em>(台北)(1 year contract),2,2,6001001010,台北市內湖區,舊宗路二段189號3樓,"*實習期間(一年制)：2025/07/01～2026/06/30
*實習每週工作天數：五天(週一至週五)

*實習工作內容：
1.處理客戶出貨需求及貨況追蹤
2.CW1系統及出口提單製作
3.報表彙整製作與資料分析
4.ISO文件表單更新及維護
5.主管交辦事項

*透過此實習計畫，讓您熟悉物流產業的運作模式，並提前適應職場生態，以為未來求職做準備。歡迎有興趣的同學加入全球最大的物流公司-DHL*
","*實習期間(一年制)：2025/07/01～2026/06/30
*實習每週工作天數：五天(週一至週五)

*實習工作內容：
1.處理客戶出貨需求及貨況追蹤
2.CW1系統及出口提單製作
3.報表彙整製作與資料分析
4.ISO文件表單更新及維護
5.主管交辦事項

*透過此實習計畫，讓您熟悉物流產業的運作模式，並提前適應職場生態，以為未來求職做準備。歡迎有興趣的同學加入全球最大的物流公司-DHL*
",專科,00,不拘,00016,3,11~30人應徵,22954677000,DHL_新加坡商敦豪全球貨運物流股份有限公司台灣分公司,1010002005,貨運承攬業,0030000,0030000,"月薪30,000元",50,20250602,6/02,4160,0,,0,0,"*實習期間(一年制)：2025/07/01～2026/06/30
*實習每週工作天數：五天(週一至週五)

*實習工作內容：
1.處理客戶出貨需求及貨況追蹤
2.CW1系統及出口提單製作
3.報表彙整製作與資料分析
4.ISO文件表單更新及維護
5.主管交辦事項

*透過此實習計畫，讓您熟悉物流產業的運作模式，並提前適應職場生態，以為未來求職做準備。歡迎有興趣的同學加入全球最大的物流公司-DHL*
","{'zoneForeign': {'desc': '外商公司', 'param': 5}}",,"{'applyAnalyze': '//www.104.com.tw/jobs/apply/analysis/8oe7d?channel=104rpt&jobsource=apply_analyze', 'job': '//www.104.com.tw/job/8oe7d?jobsource=n104bank2', 'cust': '//www.104.com.tw/company/ajmme4o?jobsource=n104bank2'}",,<實習計劃> 空運出口部實習生 Intern(台北)(1 year contract),DHL_新加坡商敦豪全球貨運物流股份有限公司台灣分公司,121.5744093,25.0721401,0,[],M,,,,True,intern
2,14547205,【實習生專區】Marketing Intern,【實習生專區】Marketing <em class='b-txt--highlight'>Intern</em>,1,1,6001001004,台北市松山區,光復北路,"You will:
•	Assist PM and PS in developing selling collaterals, e.g. brochures.
•	Working closely with the Sales &amp; Marketing team to execute and implement marketing events.
•	Support digital marketing promotion.
•	Manage ad-hoc tasks. 

*We welcome applications from candidates with a disability. (Please attach the certification)

If you are:
•	Motivated and interested in digital/social marketing in Orthopedic industry.
•	Able to work both independently and as a team with related stakeholders.
•	Have basic marketing skills and knowledge.
•	Have Basic windows operation and good at office apps.

*Internship period: 3-4 days a week for a minimum of 3 months.","You will:
•	Assist PM and PS in developing selling collaterals, e.g. brochures.
•	Working closely with the Sales & Marketing team to execute and implement marketing events.
•	Support digital marketing promotion.
•	Manage ad-hoc tasks. 

*We welcome applications from candidates with a disability. (Please attach the certification)

If you are:
•	Motivated and interested in digital/social marketing in Orthopedic industry.
•	Able to work both independently and as a team with related stakeholders.
•	Have basic marketing skills and knowledge.
•	Have Basic windows operation and good at office apps.

*Internship period: 3-4 days a week for a minimum of 3 months.",高中,00,不拘,00026,3,11~30人應徵,12854951000,Zimmer Biomet_台灣捷邁醫療器材股份有限公司,1002015002,醫療器材製造業,0000200,9999999,時薪200元以上,30,20250602,6/02,2101440,0,,0,0,"You will:
•	Assist PM and PS in developing selling collaterals, e.g. brochures.
•	Working closely with the Sales &amp; Marketing team to execute and implement marketing events.
•	Support digital marketing promotion.
•	Manage ad-hoc tasks. 

*We welcome applications from candidates with a disability. (Please attach the certification)

If you are:
•	Motivated and interested in digital/social marketing in Orthopedic industry.
•	Able to work both independently and as a team with related stakeholders.
•	Have basic marketing skills and knowledge.
•	Have Basic windows operation and good at office apps.

*Internship period: 3-4 days a week for a minimum of 3 months.","{'zoneForeign': {'desc': '外商公司', 'param': 5}}",,"{'applyAnalyze': '//www.104.com.tw/jobs/apply/analysis/8nsp1?channel=104rpt&jobsource=apply_analyze', 'job': '//www.104.com.tw/job/8nsp1?jobsource=n104bank2', 'cust': '//www.104.com.tw/company/5wli7o8?jobsource=n104bank2'}",,【實習生專區】Marketing Intern,Zimmer Biomet_台灣捷邁醫療器材股份有限公司,121.5557557,25.0553683,0,[],H,,,,False,intern
0,13976161,Business Development intern(業務發展實習生),Business Development <em class='b-txt--highlight'>intern</em>(業務發展實習生),2,2,6001001010,台北市內湖區,台北/新北全區（依照公司規定分派）,"進行市場研究，並尋找潛在客戶。
協助製作專案企劃、銷售簡報以及可行性研究。
處理相關文件和素材，協助建立業務策略和客戶服務，能同時管理多個專案的進展


***************************************************************************
如有興趣 若可以請準備個人履歷或相關作品說明
並將個人履歷資料上傳到以下網站 : https://ppt.cc/fPt3lx

檔案命名方式為 
履歷檔案-名字-日期
比如
履歷檔案-張大明-2020815
檔案可以包成同一個壓縮檔)
若可以 內容盡量包含 :
1.大學碩士成績單 
2.研究或專題論文
3. 其他可加分之書面資料
***************************************************************************","進行市場研究，並尋找潛在客戶。
協助製作專案企劃、銷售簡報以及可行性研究。
處理相關文件和素材，協助建立業務策略和客戶服務，能同時管理多個專案的進展


***************************************************************************
如有興趣 若可以請準備個人履歷或相關作品說明
並將個人履歷資料上傳到以下網站 : https://ppt.cc/fPt3lx

檔案命名方式為 
履歷檔案-名字-日期
比如
履歷檔案-張大明-2020815
檔案可以包成同一個壓縮檔)
若可以 內容盡量包含 :
1.大學碩士成績單 
2.研究或專題論文
3. 其他可加分之書面資料
***************************************************************************",大學,00,不拘,0,1,0~5人應徵,130000000151552,巨量移動科技股份有限公司,1001001002,電腦軟體服務業,0000200,9999999,時薪200元以上,30,20250602,6/02,0,0,,0,0,"進行市場研究，並尋找潛在客戶。
協助製作專案企劃、銷售簡報以及可行性研究。
處理相關文件和素材，協助建立業務策略和客戶服務，能同時管理多個專案的進展


***************************************************************************
如有興趣 若可以請準備個人履歷或相關作品說明
並將個人履歷資料上傳到以下網站 : https://ppt.cc/fPt3lx

檔案命名方式為 
履歷檔案-名字-日期
比如
履歷檔案-張大明-2020815
檔案可以包成同一個壓縮檔)
若可以 內容盡量包含 :
1.大學碩士成績單 
2.研究或專題論文
3. 其他可加分之書面資料
***************************************************************************",[],,"{'applyAnalyze': '//www.104.com.tw/jobs/apply/analysis/8bk2p?channel=104rpt&jobsource=apply_analyze', 'job': '//www.104.com.tw/job/8bk2p?jobsource=n104bank2', 'cust': '//www.104.com.tw/company/1a2x6bl88w?jobsource=n104bank2'}",,Business Development intern(業務發展實習生),巨量移動科技股份有限公司,121.5909027,25.0689422,0,[],H,,,,False,intern
2,13743059,Web Commerce Intern 電子商務部行銷實習生(ENU),Web Commerce <em class='b-txt--highlight'>Intern</em> 電子商務部行銷實習生(ENU),2,2,6001002011,新北市新店區,民權路100號15F(新店線大坪林捷運站1號出口),"1. Assist in updating ENG &amp; EMEA website content
2. Work with the internal team (ENG &amp; EMEA localizers) to help making eDM HTMLs and  set ups
3. Assist in organizing data for company reports
4. Assist in answering questions from customers related to student program","1. Assist in updating ENG & EMEA website content
2. Work with the internal team (ENG & EMEA localizers) to help making eDM HTMLs and  set ups
3. Assist in organizing data for company reports
4. Assist in answering questions from customers related to student program",專科,00,不拘,00013,3,11~30人應徵,23829868000,訊連科技股份有限公司,1001001006,其它軟體及網路相關業,0000190,0000190,時薪190元,30,20250602,6/02,34869248,0,,0,0,"1. Assist in updating ENG &amp; EMEA website content
2. Work with the internal team (ENG &amp; EMEA localizers) to help making eDM HTMLs and  set ups
3. Assist in organizing data for company reports
4. Assist in answering questions from customers related to student program","{'zone': {'desc': '上市上櫃', 'param': 16}, 'emp': {'desc': '員工400人', 'param': '7'}}",距捷運大坪林站約260公尺,"{'applyAnalyze': '//www.104.com.tw/jobs/apply/analysis/86k7n?channel=104rpt&jobsource=apply_analyze', 'job': '//www.104.com.tw/job/86k7n?jobsource=n104bank2', 'cust': '//www.104.com.tw/company/ay3orts?jobsource=n104bank2'}",,Web Commerce Intern 電子商務部行銷實習生(ENU),訊連科技股份有限公司,121.5361843,24.98306,0,[],H,0.26,99001006001,捷運大坪林站,True,intern
2,13955801,Marketing Intern 行銷工讀生,Marketing <em class='b-txt--highlight'>Intern</em> 行銷工讀生,2,2,6001001003,台北市中山區,南京東路三段77號10樓,"◎主要工作
1. 協助行銷報表數據整理。
2. 產品上市相關事項協助：產品上架資訊整理、產品寄送。
3. 產品管理執行: 產品資料建檔及維護、化妝品登錄送審、庫存監測等。
4. KOL/KOC日常聯繫
5. 其他主管交辦事項","◎主要工作
1. 協助行銷報表數據整理。
2. 產品上市相關事項協助：產品上架資訊整理、產品寄送。
3. 產品管理執行: 產品資料建檔及維護、化妝品登錄送審、庫存監測等。
4. KOL/KOC日常聯繫
5. 其他主管交辦事項",專科,00,不拘,00034,4,大於30人應徵,80285648000,10/10 GROUP | 10/10 APOTHECARY · 10/10 HOPE · 10X _客林國際股份有限公司,1003002005,藥品／化妝品及清潔用品零售業,0000190,9999999,時薪190元以上,30,20250602,6/02,4096,0,,0,0,"◎主要工作
1. 協助行銷報表數據整理。
2. 產品上市相關事項協助：產品上架資訊整理、產品寄送。
3. 產品管理執行: 產品資料建檔及維護、化妝品登錄送審、庫存監測等。
4. KOL/KOC日常聯繫
5. 其他主管交辦事項","{'emp': {'desc': '員工280人', 'param': '7'}}",距捷運南京復興站約500公尺,"{'applyAnalyze': '//www.104.com.tw/jobs/apply/analysis/8b4d5?channel=104rpt&jobsource=apply_analyze', 'job': '//www.104.com.tw/job/8b4d5?jobsource=n104bank2', 'cust': '//www.104.com.tw/company/10vs02gw?jobsource=n104bank2'}",,Marketing Intern 行銷工讀生,10/10 GROUP | 10/10 APOTHECARY · 10/10 HOPE · 10X _客林國際股份有限公司,121.5386875,25.0521704,0,[],H,0.5,99001001011,捷運南京復興站,True,intern
2,13485763,【學生實習】資訊部-Intern,【學生實習】資訊部-<em class='b-txt--highlight'>Intern</em>,2,2,6001001004,台北市松山區,八德路四段760號11樓之1,"【實習期間:1年】
★以學年合約實習為主(一年以上)，實習期滿有機會轉正，歡迎資訊服務業的在學學生加入我們的行列★

1.我們採用 Scrum 敏捷開發流程，重視跨職能團隊的合作與彈性，因此每位成員都有機會參與從前端畫面到後端服務的開發任務。
2.對於全端平台開發有興趣者 (網站程式開發、包含前端、後端)
3.協助汰換舊世代源代碼，更換新世代源代碼
4.整合後端資料庫，串接內部系統
5.協助撰寫技術文件：如設計文件、API 文件、部署指南等
6.善用 AI 工具加速開發與改善源代碼","【實習期間:1年】
★以學年合約實習為主(一年以上)，實習期滿有機會轉正，歡迎資訊服務業的在學學生加入我們的行列★

1.我們採用 Scrum 敏捷開發流程，重視跨職能團隊的合作與彈性，因此每位成員都有機會參與從前端畫面到後端服務的開發任務。
2.對於全端平台開發有興趣者 (網站程式開發、包含前端、後端)
3.協助汰換舊世代源代碼，更換新世代源代碼
4.整合後端資料庫，串接內部系統
5.協助撰寫技術文件：如設計文件、API 文件、部署指南等
6.善用 AI 工具加速開發與改善源代碼",大學,00,不拘,00029,3,11~30人應徵,23224657000,台灣屈臣氏個人用品商店股份有限公司,1003002013,百貨相關業,0028590,0028590,"月薪28,590元",50,20250602,6/02,2101440,0,,0,0,"【實習期間:1年】
★以學年合約實習為主(一年以上)，實習期滿有機會轉正，歡迎資訊服務業的在學學生加入我們的行列★

1.我們採用 Scrum 敏捷開發流程，重視跨職能團隊的合作與彈性，因此每位成員都有機會參與從前端畫面到後端服務的開發任務。
2.對於全端平台開發有興趣者 (網站程式開發、包含前端、後端)
3.協助汰換舊世代源代碼，更換新世代源代碼
4.整合後端資料庫，串接內部系統
5.協助撰寫技術文件：如設計文件、API 文件、部署指南等
6.善用 AI 工具加速開發與改善源代碼","{'zoneForeign': {'desc': '外商公司', 'param': 5}, 'emp': {'desc': '員工5200人', 'param': '8'}}",距捷運松山站約150公尺,"{'applyAnalyze': '//www.104.com.tw/jobs/apply/analysis/811oj?channel=104rpt&jobsource=apply_analyze', 'job': '//www.104.com.tw/job/811oj?jobsource=n104bank2', 'cust': '//www.104.com.tw/company/ao3d014?jobsource=n104bank2'}",,【學生實習】資訊部-Intern,台灣屈臣氏個人用品商店股份有限公司,121.579193,25.0501275,0,"['資訊工程相關', '資訊管理相關']",M,0.15,99001003020,捷運松山站,True,intern
2,10987676,Sheraton Hsinchu 餐飲外場實習生 Intern,Sheraton Hsinchu 餐飲外場實習生 <em class='b-txt--highlight'>Intern</em>,1,1,6001006002,新竹縣竹北市,光明六路東一段265號,"1. 餐飲服務
2. 客房點餐
3. 領檯及出納
4. 場地佈置
5. 排盤及餐飲服務
6. 主管交辦事項","1. 餐飲服務
2. 客房點餐
3. 領檯及出納
4. 場地佈置
5. 排盤及餐飲服務
6. 主管交辦事項",高中,00,不拘,00001,1,0~5人應徵,86517976000,新竹喜來登飯店_承恩餐旅管理顧問股份有限公司,1016001001,旅館業,0030000,0030000,"月薪30,000元",50,20250602,6/02,4096,0,,0,0,"1. 餐飲服務
2. 客房點餐
3. 領檯及出納
4. 場地佈置
5. 排盤及餐飲服務
6. 主管交辦事項","{'emp': {'desc': '員工500人', 'param': '8'}}",,"{'applyAnalyze': '//www.104.com.tw/jobs/apply/analysis/6ji58?channel=104rpt&jobsource=apply_analyze', 'job': '//www.104.com.tw/job/6ji58?jobsource=n104bank2', 'cust': '//www.104.com.tw/company/13qukhj4?jobsource=n104bank2'}",,Sheraton Hsinchu 餐飲外場實習生 Intern,新竹喜來登飯店_承恩餐旅管理顧問股份有限公司,121.0281441,24.8204254,0,[],M,,,,False,intern
0,13976159,AI Architecture Intern(人工智慧架構設計實習生),AI Architecture <em class='b-txt--highlight'>Intern</em>(人工智慧架構設計實習生),2,2,6001001010,台北市內湖區,台北/新北全區（依照公司規定分派）,"根據市場需求，制定出醫療用晶片 之架構設計。


我們歡迎大學在校生或即將畢業的學生申請，並且不限於特定科系。
我們期望您具備對Python或C++的程式語法以及程式邏輯的基本熟悉度。
您應該有處理程式錯誤和軟體環境相關問題的能力。
我們重視快速學習新知識的能力和熱情，因為這對於不斷成長和應對新挑戰非常重要。
團隊合作精神對我們來說很關鍵，我們希望您能有效地協作和溝通。
對於人工智慧領域和數據處理的基本了解或激情是加分項目。

我們歡迎有上進心、願意挑戰自我，並持續追求個人和專業成長的個人申請。

關於我們的詳細職缺內容都可以在面試中確認
我們徵才職缺屬於常態性職缺，會一直開放申請，
只是104平台不一定會一直開啟， 由於有時候同時收到太多履歷 會整理好再開放

***************************************************************************
如有興趣 若可以請準備個人履歷或相關作品說明
並將個人履歷資料上傳到以下網站 : https://ppt.cc/fPt3lx

檔案命名方式為 
履歷檔案-名字-日期
比如
履歷檔案-張大明-2020815
檔案可以包成同一個壓縮檔)
若可以 內容盡量包含 :
1.大學碩士成績單 
2.研究或專題論文
3. 其他可加分之書面資料
***************************************************************************
關於我們的詳細職缺內容都可以在面試中確認
我們徵才職缺屬於常態性職缺，會一直開放申請，
只是104平台不一定會一直開啟， 由於有時候同時收到太多履歷 會整理好再開放



","根據市場需求，制定出醫療用晶片 之架構設計。


我們歡迎大學在校生或即將畢業的學生申請，並且不限於特定科系。
我們期望您具備對Python或C++的程式語法以及程式邏輯的基本熟悉度。
您應該有處理程式錯誤和軟體環境相關問題的能力。
我們重視快速學習新知識的能力和熱情，因為這對於不斷成長和應對新挑戰非常重要。
團隊合作精神對我們來說很關鍵，我們希望您能有效地協作和溝通。
對於人工智慧領域和數據處理的基本了解或激情是加分項目。

我們歡迎有上進心、願意挑戰自我，並持續追求個人和專業成長的個人申請。

關於我們的詳細職缺內容都可以在面試中確認
我們徵才職缺屬於常態性職缺，會一直開放申請，
只是104平台不一定會一直開啟， 由於有時候同時收到太多履歷 會整理好再開放

***************************************************************************
如有興趣 若可以請準備個人履歷或相關作品說明
並將個人履歷資料上傳到以下網站 : https://ppt.cc/fPt3lx

檔案命名方式為 
履歷檔案-名字-日期
比如
履歷檔案-張大明-2020815
檔案可以包成同一個壓縮檔)
若可以 內容盡量包含 :
1.大學碩士成績單 
2.研究或專題論文
3. 其他可加分之書面資料
***************************************************************************
關於我們的詳細職缺內容都可以在面試中確認
我們徵才職缺屬於常態性職缺，會一直開放申請，
只是104平台不一定會一直開啟， 由於有時候同時收到太多履歷 會整理好再開放



",大學,00,不拘,00001,1,0~5人應徵,130000000151552,巨量移動科技股份有限公司,1001001002,電腦軟體服務業,0000200,9999999,時薪200元以上,30,20250602,6/02,0,0,,0,0,"根據市場需求，制定出醫療用晶片 之架構設計。


我們歡迎大學在校生或即將畢業的學生申請，並且不限於特定科系。
我們期望您具備對Python或C++的程式語法以及程式邏輯的基本熟悉度。
您應該有處理程式錯誤和軟體環境相關問題的能力。
我們重視快速學習新知識的能力和熱情，因為這對於不斷成長和應對新挑戰非常重要。
團隊合作精神對我們來說很關鍵，我們希望您能有效地協作和溝通。
對於人工智慧領域和數據處理的基本了解或激情是加分項目。

我們歡迎有上進心、願意挑戰自我，並持續追求個人和專業成長的個人申請。

關於我們的詳細職缺內容都可以在面試中確認
我們徵才職缺屬於常態性職缺，會一直開放申請，
只是104平台不一定會一直開啟， 由於有時候同時收到太多履歷 會整理好再開放

***************************************************************************
如有興趣 若可以請準備個人履歷或相關作品說明
並將個人履歷資料上傳到以下網站 : https://ppt.cc/fPt3lx

檔案命名方式為 
履歷檔案-名字-日期
比如
履歷檔案-張大明-2020815
檔案可以包成同一個壓縮檔)
若可以 內容盡量包含 :
1.大學碩士成績單 
2.研究或專題論文
3. 其他可加分之書面資料
***************************************************************************
關於我們的詳細職缺內容都可以在面試中確認
我們徵才職缺屬於常態性職缺，會一直開放申請，
只是104平台不一定會一直開啟， 由於有時候同時收到太多履歷 會整理好再開放



",[],,"{'applyAnalyze': '//www.104.com.tw/jobs/apply/analysis/8bk2n?channel=104rpt&jobsource=apply_analyze', 'job': '//www.104.com.tw/job/8bk2n?jobsource=n104bank2', 'cust': '//www.104.com.tw/company/1a2x6bl88w?jobsource=n104bank2'}",,AI Architecture Intern(人工智慧架構設計實習生),巨量移動科技股份有限公司,121.5909027,25.0689422,0,[],H,,,,False,intern
2,14608861,【MKT】Marketing Intern 行銷實習生,【MKT】Marketing <em class='b-txt--highlight'>Intern</em> 行銷實習生,2,2,6001002015,新北市中和區,中和路366號12樓 (近捷運永安市場站),"About the Job
這個職缺你會在Central Marketing服務，與一群優秀的夥伴互相配合，完成各項行銷專案。

Why We Have This Role
隨著事業體日漸的壯大，產品類型繁多，我們有越來越多專案等待被執行，期待對行銷工作有願景或想法的夥伴與我們一起成長！

How You&#039;ll Find Success
如果你會善用一些提升生產力的小工具，提供更有效率的解決方案，並學習跨部門的溝通跟協作，會幫助你在這份工作能取得更高的成就！

How You&#039;ll Grow
這個角色會讓你參與各通路的專案，並從日常累積中拓展實戰經驗，你會跟一群優秀的夥伴共事，我們期待你會在找到適合自己的定位！

Things You Will Do
• 與各事業單位行銷策略夥伴合作，進行行銷素材製作需求整理，並與內部創意溝通，以確保內容吸引並貼近受眾。
• 事業單位自媒體（FB/ LINE/ IG）客人私訊詢答回覆並整理，需/可結合外部AI或自動回覆工具進行，幫助各事業單位了解消費者需求並掌握商機。
• 支援Central Marketing各行銷專案執行，包含產品推廣、系統架構與行銷活動執行。
• 日常庶務協助與執行。

What You Should Know About This Team
你將加入一個充滿合作精神的團隊，在這裡有各行銷領域的專家，我們期待有好奇心且具學習熱忱的你，保持開放的心情一起接受挑戰！","About the Job
這個職缺你會在Central Marketing服務，與一群優秀的夥伴互相配合，完成各項行銷專案。

Why We Have This Role
隨著事業體日漸的壯大，產品類型繁多，我們有越來越多專案等待被執行，期待對行銷工作有願景或想法的夥伴與我們一起成長！

How You'll Find Success
如果你會善用一些提升生產力的小工具，提供更有效率的解決方案，並學習跨部門的溝通跟協作，會幫助你在這份工作能取得更高的成就！

How You'll Grow
這個角色會讓你參與各通路的專案，並從日常累積中拓展實戰經驗，你會跟一群優秀的夥伴共事，我們期待你會在找到適合自己的定位！

Things You Will Do
• 與各事業單位行銷策略夥伴合作，進行行銷素材製作需求整理，並與內部創意溝通，以確保內容吸引並貼近受眾。
• 事業單位自媒體（FB/ LINE/ IG）客人私訊詢答回覆並整理，需/可結合外部AI或自動回覆工具進行，幫助各事業單位了解消費者需求並掌握商機。
• 支援Central Marketing各行銷專案執行，包含產品推廣、系統架構與行銷活動執行。
• 日常庶務協助與執行。

What You Should Know About This Team
你將加入一個充滿合作精神的團隊，在這裡有各行銷領域的專家，我們期待有好奇心且具學習熱忱的你，保持開放的心情一起接受挑戰！",專科,00,不拘,00024,3,11~30人應徵,22156863000,科林儀器股份有限公司,1012001004,其他醫療保健服務業,0000200,0000200,時薪200元,30,20250602,6/02,4096,0,,0,0,"About the Job
這個職缺你會在Central Marketing服務，與一群優秀的夥伴互相配合，完成各項行銷專案。

Why We Have This Role
隨著事業體日漸的壯大，產品類型繁多，我們有越來越多專案等待被執行，期待對行銷工作有願景或想法的夥伴與我們一起成長！

How You&#039;ll Find Success
如果你會善用一些提升生產力的小工具，提供更有效率的解決方案，並學習跨部門的溝通跟協作，會幫助你在這份工作能取得更高的成就！

How You&#039;ll Grow
這個角色會讓你參與各通路的專案，並從日常累積中拓展實戰經驗，你會跟一群優秀的夥伴共事，我們期待你會在找到適合自己的定位！

Things You Will Do
• 與各事業單位行銷策略夥伴合作，進行行銷素材製作需求整理，並與內部創意溝通，以確保內容吸引並貼近受眾。
• 事業單位自媒體（FB/ LINE/ IG）客人私訊詢答回覆並整理，需/可結合外部AI或自動回覆工具進行，幫助各事業單位了解消費者需求並掌握商機。
• 支援Central Marketing各行銷專案執行，包含產品推廣、系統架構與行銷活動執行。
• 日常庶務協助與執行。

What You Should Know About This Team
你將加入一個充滿合作精神的團隊，在這裡有各行銷領域的專家，我們期待有好奇心且具學習熱忱的你，保持開放的心情一起接受挑戰！","{'emp': {'desc': '員工750人', 'param': '8'}}",距捷運永安市場站約60公尺,"{'applyAnalyze': '//www.104.com.tw/jobs/apply/analysis/8p49p?channel=104rpt&jobsource=apply_analyze', 'job': '//www.104.com.tw/job/8p49p?jobsource=n104bank2', 'cust': '//www.104.com.tw/company/a6fmgwo?jobsource=n104bank2'}",,【MKT】Marketing Intern 行銷實習生,科林儀器股份有限公司,121.510581,25.0019424,0,[],H,0.06,99001004003,捷運永安市場站,True,intern
2,14522352,【2025 Summer Internship】Electrical Engineer Intern,【2025 Summer Internship】Electrical Engineer <em class='b-txt--highlight'>Intern</em>,1,1,6001002004,新北市汐止區,新台五路一段90號8樓," solutions for leading data centers. 
We’re looking for a motivated and detail-oriented Electrical Engineer [[[Intern]]] to join our team."," solutions for leading data centers. 
We’re looking for a motivated and detail-oriented Electrical Engineer Intern to join our team.",大學,00,不拘,00032,4,大於30人應徵,53687704000,緯穎科技服務股份有限公司,1001003001,電腦及其週邊設備製造業,0030000,9999999,"月薪30,000元以上",50,20250602,6/02,3412096,0,,0,0," solutions for leading data centers. 
We’re looking for a motivated and detail-oriented Electrical Engineer <em class='b-txt--highlight'>Intern</em> to join our team.","{'zone': {'desc': '上市上櫃', 'param': 16}, 'emp': {'desc': '員工3000人', 'param': '8'}}",,"{'applyAnalyze': '//www.104.com.tw/jobs/apply/analysis/8n9io?channel=104rpt&jobsource=apply_analyze', 'job': '//www.104.com.tw/job/8n9io?jobsource=n104bank2', 'cust': '//www.104.com.tw/company/onw9tj4?jobsource=n104bank2'}",,【2025 Summer Internship】Electrical Engineer Intern,緯穎科技服務股份有限公司,121.6478659,25.0603727,0,['電機電子工程相關'],M,,,,True,intern
2,14522350,【2025 Summer Internship】OPS Account Management Intern,【2025 Summer Internship】OPS Account Management <em class='b-txt--highlight'>Intern</em>,1,1,6001002004,新北市汐止區,新台五路一段90號8樓," solutions for leading data centers. The [[[intern]]] for Wiwynn HQ, OPS AM Team.

實習期間：06/23-08/22

Essential Job Functions: 
Operation"," solutions for leading data centers. The intern for Wiwynn HQ, OPS AM Team.

實習期間：06/23-08/22

Essential Job Functions: 
Operation",大學,00,不拘,00017,3,11~30人應徵,53687704000,緯穎科技服務股份有限公司,1001003001,電腦及其週邊設備製造業,0030000,9999999,"月薪30,000元以上",50,20250602,6/02,3412096,0,,0,0," solutions for leading data centers. The <em class='b-txt--highlight'>intern</em> for Wiwynn HQ, OPS AM Team.

實習期間：06/23-08/22

Essential Job Functions: 
Operation","{'zone': {'desc': '上市上櫃', 'param': 16}, 'emp': {'desc': '員工3000人', 'param': '8'}}",,"{'applyAnalyze': '//www.104.com.tw/jobs/apply/analysis/8n9im?channel=104rpt&jobsource=apply_analyze', 'job': '//www.104.com.tw/job/8n9im?jobsource=n104bank2', 'cust': '//www.104.com.tw/company/onw9tj4?jobsource=n104bank2'}",,【2025 Summer Internship】OPS Account Management Intern,緯穎科技服務股份有限公司,121.6478659,25.0603727,0,['企業管理相關'],M,,,,True,intern
0,14618144,【Marketing】Intern ( TW ),【Marketing】<em class='b-txt--highlight'>Intern</em> ( TW ),2,2,6001001003,台北市中山區,中山北路三段22-1號,"行銷實習生招募中｜加入我們，一起打造全新社交體驗
★ XRSPACE｜台北｜實習職缺｜可立即開始

你熱愛社群媒體、數位內容與創意企劃嗎？
我們正在尋找有熱情、好奇心強的 行銷實習生，加入我們的行銷團隊，從創意發想到實際執行，一起參與改變社交平台未來的旅程！

【你會參與的內容包括】
．社群平台（Instagram、TikTok、X 等）內容規劃與執行
．創作者／KOL 合作資料整理與聯繫溝通
．協助企劃品牌活動、行銷 campaign 的前置與執行
．分析數據並協助追蹤行銷效益
．一起腦力激盪、提出新鮮好玩的點子！

【我們正在找的你】
．對行銷、社群經營、內容創作有興趣
．邏輯清晰、做事細心、能主動溝通
．熟悉 IG、TikTok 等社群平台操作
．加分：會使用影音剪輯軟體（CapCut、Premiere 等）
．更加分：愛觀察流行趨勢、參與流行時事！

【你可以期待的體驗】
．有機會實際參與專案，擁有自己的作品與提案
．和行銷團隊一起協作，實戰中快速成長
．與創作者、設計師、產品團隊密切合作
．彈性工作環境、開放的討論文化與不藏私的分享

【應徵方式】
請將你的履歷與簡短自我介紹（或作品集）寄至：marketing@xrspace.io
面談時間與實習起始日可彈性安排，歡迎隨時應徵！
讓我們一起打造有趣、有人味、又超未來感的內容世界！


如果您渴望在變化快速的 AI 新創中成長、喜歡彈性自由的工作環境、喜歡自主解決問題也喜歡與人合作，那我們在找的就是您！
★ 點擊【應徵】，讓我們認識彼此，我們想和您聊聊未來可以一起完成的事！","行銷實習生招募中｜加入我們，一起打造全新社交體驗
★ XRSPACE｜台北｜實習職缺｜可立即開始

你熱愛社群媒體、數位內容與創意企劃嗎？
我們正在尋找有熱情、好奇心強的 行銷實習生，加入我們的行銷團隊，從創意發想到實際執行，一起參與改變社交平台未來的旅程！

【你會參與的內容包括】
．社群平台（Instagram、TikTok、X 等）內容規劃與執行
．創作者／KOL 合作資料整理與聯繫溝通
．協助企劃品牌活動、行銷 campaign 的前置與執行
．分析數據並協助追蹤行銷效益
．一起腦力激盪、提出新鮮好玩的點子！

【我們正在找的你】
．對行銷、社群經營、內容創作有興趣
．邏輯清晰、做事細心、能主動溝通
．熟悉 IG、TikTok 等社群平台操作
．加分：會使用影音剪輯軟體（CapCut、Premiere 等）
．更加分：愛觀察流行趨勢、參與流行時事！

【你可以期待的體驗】
．有機會實際參與專案，擁有自己的作品與提案
．和行銷團隊一起協作，實戰中快速成長
．與創作者、設計師、產品團隊密切合作
．彈性工作環境、開放的討論文化與不藏私的分享

【應徵方式】
請將你的履歷與簡短自我介紹（或作品集）寄至：marketing@xrspace.io
面談時間與實習起始日可彈性安排，歡迎隨時應徵！
讓我們一起打造有趣、有人味、又超未來感的內容世界！


如果您渴望在變化快速的 AI 新創中成長、喜歡彈性自由的工作環境、喜歡自主解決問題也喜歡與人合作，那我們在找的就是您！
★ 點擊【應徵】，讓我們認識彼此，我們想和您聊聊未來可以一起完成的事！",專科,00,不拘,00034,4,大於30人應徵,130000000099607,未來市股份有限公司,1001001002,電腦軟體服務業,0000190,9999999,時薪190元以上,30,20250602,6/02,0,0,,0,0,"行銷實習生招募中｜加入我們，一起打造全新社交體驗
★ XRSPACE｜台北｜實習職缺｜可立即開始

你熱愛社群媒體、數位內容與創意企劃嗎？
我們正在尋找有熱情、好奇心強的 行銷實習生，加入我們的行銷團隊，從創意發想到實際執行，一起參與改變社交平台未來的旅程！

【你會參與的內容包括】
．社群平台（Instagram、TikTok、X 等）內容規劃與執行
．創作者／KOL 合作資料整理與聯繫溝通
．協助企劃品牌活動、行銷 campaign 的前置與執行
．分析數據並協助追蹤行銷效益
．一起腦力激盪、提出新鮮好玩的點子！

【我們正在找的你】
．對行銷、社群經營、內容創作有興趣
．邏輯清晰、做事細心、能主動溝通
．熟悉 IG、TikTok 等社群平台操作
．加分：會使用影音剪輯軟體（CapCut、Premiere 等）
．更加分：愛觀察流行趨勢、參與流行時事！

【你可以期待的體驗】
．有機會實際參與專案，擁有自己的作品與提案
．和行銷團隊一起協作，實戰中快速成長
．與創作者、設計師、產品團隊密切合作
．彈性工作環境、開放的討論文化與不藏私的分享

【應徵方式】
請將你的履歷與簡短自我介紹（或作品集）寄至：marketing@xrspace.io
面談時間與實習起始日可彈性安排，歡迎隨時應徵！
讓我們一起打造有趣、有人味、又超未來感的內容世界！


如果您渴望在變化快速的 AI 新創中成長、喜歡彈性自由的工作環境、喜歡自主解決問題也喜歡與人合作，那我們在找的就是您！
★ 點擊【應徵】，讓我們認識彼此，我們想和您聊聊未來可以一起完成的事！","{'emp': {'desc': '員工90人', 'param': '5'}}",距捷運民權西路站約290公尺,"{'applyAnalyze': '//www.104.com.tw/jobs/apply/analysis/8pbfk?channel=104rpt&jobsource=apply_analyze', 'job': '//www.104.com.tw/job/8pbfk?jobsource=n104bank2', 'cust': '//www.104.com.tw/company/1a2x6bk45z?jobsource=n104bank2'}",,【Marketing】Intern ( TW ),未來市股份有限公司,121.5221507,25.064302,0,[],H,0.29,99001002012,捷運民權西路站,True,intern
0,13997357,設計實習計畫  Internship- 學期/學年,設計<em class='b-txt--highlight'>實習</em>計畫  <em class='b-txt--highlight'>Internship</em>- 學期/學年,1,1,6001014005,台南市安平區,文平路479號1樓,"協助工地丈量並描繪放樣圖面。
挑選並搭配家具、家居商品及其面料、材質、顏色，並評估其可行性。
參與專案發想、資料收集及重點歸納，並進行 3D 效果圖的簡單渲染及製作提案簡報。
安排公司社群行銷，協助相關視覺編排和內容創作。","協助工地丈量並描繪放樣圖面。
挑選並搭配家具、家居商品及其面料、材質、顏色，並評估其可行性。
參與專案發想、資料收集及重點歸納，並進行 3D 效果圖的簡單渲染及製作提案簡報。
安排公司社群行銷，協助相關視覺編排和內容創作。",不拘,00,不拘,0,1,0~5人應徵,27807942000,得利室內裝修設計有限公司,1011003002,室內設計業,0000190,9999999,時薪190元以上,30,20250602,6/02,0,0,,0,0,"協助工地丈量並描繪放樣圖面。
挑選並搭配家具、家居商品及其面料、材質、顏色，並評估其可行性。
參與專案發想、資料收集及重點歸納，並進行 3D 效果圖的簡單渲染及製作提案簡報。
安排公司社群行銷，協助相關視覺編排和內容創作。","{'emp': {'desc': '員工10人', 'param': '3'}}",,"{'applyAnalyze': '//www.104.com.tw/jobs/apply/analysis/8c0fh?channel=104rpt&jobsource=apply_analyze', 'job': '//www.104.com.tw/job/8c0fh?jobsource=n104bank2', 'cust': '//www.104.com.tw/company/crw4pdc?jobsource=n104bank2'}",,設計實習計畫  Internship- 學期/學年,得利室內裝修設計有限公司,120.1787723,22.9945528,0,"['建築及都市規劃學科類', '藝術學科類']",H,,,,True,internship
0,14580342,【鴻佰科技實習專區 Ingrasys Internship Program】- 零件工程師實習生 廠區：土城,【鴻佰科技<em class='b-txt--highlight'>實習</em>專區 Ingrasys <em class='b-txt--highlight'>Internship</em> Program】- 零件工程師<em class='b-txt--highlight'>實習</em>生 廠區：土城,2,2,6001002016,新北市土城區,自由街2號,"【Why Ingrasys】
鴻佰科技是世界級智慧型網路產品之技術領導者。
鴻佰科技的產品服務，支撐資通訊及元宇宙世代大量運算需求。
「掌握數據．掌控未來」Your Data, Our Mission. 

【[[[Internship]]]","【Why Ingrasys】
鴻佰科技是世界級智慧型網路產品之技術領導者。
鴻佰科技的產品服務，支撐資通訊及元宇宙世代大量運算需求。
「掌握數據．掌控未來」Your Data, Our Mission. 

【Internship",大學,00,不拘,00011,3,11~30人應徵,13007907000,鴻佰科技股份有限公司,1001003001,電腦及其週邊設備製造業,0000190,0000200,時薪190~200元,30,20250602,6/02,0,0,,0,0,"【Why Ingrasys】
鴻佰科技是世界級智慧型網路產品之技術領導者。
鴻佰科技的產品服務，支撐資通訊及元宇宙世代大量運算需求。
「掌握數據．掌控未來」Your Data, Our Mission. 

【<em class='b-txt--highlight'>Internship</em>","{'emp': {'desc': '員工2000人', 'param': '8'}}",,"{'applyAnalyze': '//www.104.com.tw/jobs/apply/analysis/8oi9i?channel=104rpt&jobsource=apply_analyze', 'job': '//www.104.com.tw/job/8oi9i?jobsource=n104bank2', 'cust': '//www.104.com.tw/company/5z4kla0?jobsource=n104bank2'}",,【鴻佰科技實習專區 Ingrasys Internship Program】- 零件工程師實習生 廠區：土城,鴻佰科技股份有限公司,121.4214111,24.966259,0,"['工業工程相關', '電機電子維護相關', '資訊工程相關']",H,,,,True,internship
2,10697744,學生實習Internship,學生<em class='b-txt--highlight'>實習</em><em class='b-txt--highlight'>Internship</em>,1,1,6001016009,高雄市楠梓區,中三街9號,"提供與職場接軌、學以致用的[[[實習]]]機會，表現優秀之[[[實習]]]生更可以在畢業前取得任職機會！

[[[實習]]]內容規劃：
1.專屬輔導員制度，輔導員就是你的領航員，解決疑難雜症。
2.在職期間將規劃各類通識及專業課程，同步提升職場軟實力。
3.全方位[[[實習]]]體驗職場，充實","提供與職場接軌、學以致用的實習機會，表現優秀之實習生更可以在畢業前取得任職機會！

實習內容規劃：
1.專屬輔導員制度，輔導員就是你的領航員，解決疑難雜症。
2.在職期間將規劃各類通識及專業課程，同步提升職場軟實力。
3.全方位實習體驗職場，充實",大學,00,不拘,00019,3,11~30人應徵,89004161000,華泰電子股份有限公司,1001006002,半導體製造業,0030300,0033300,"月薪30,300~33,300元",50,20250602,6/02,36966528,0,,0,0,"提供與職場接軌、學以致用的<em class='b-txt--highlight'>實習</em>機會，表現優秀之<em class='b-txt--highlight'>實習</em>生更可以在畢業前取得任職機會！

<em class='b-txt--highlight'>實習</em>內容規劃：
1.專屬輔導員制度，輔導員就是你的領航員，解決疑難雜症。
2.在職期間將規劃各類通識及專業課程，同步提升職場軟實力。
3.全方位<em class='b-txt--highlight'>實習</em>體驗職場，充實","{'zone': {'desc': '上市上櫃', 'param': 16}, 'emp': {'desc': '員工5500人', 'param': '8'}}",,"{'applyAnalyze': '//www.104.com.tw/jobs/apply/analysis/6dafk?channel=104rpt&jobsource=apply_analyze', 'job': '//www.104.com.tw/job/6dafk?jobsource=n104bank2', 'cust': '//www.104.com.tw/company/14vys25k?jobsource=n104bank2'}",,學生實習Internship,華泰電子股份有限公司,120.3017878,22.7233665,0,[],M,,,,True,internship
0,14449122,&lt;Student Internship&gt; Sales Training 實習生,&lt;Student <em class='b-txt--highlight'>Internship</em>&gt; Sales Training <em class='b-txt--highlight'>實習</em>生,2,2,6001001007,台北市信義區,基隆路一段206號15樓," at least 20 hours per week.Available for an [[[internship]]] duration of at least 6 months.
-每週至少能工作20小時，並能配合至少6個月的[[[實習]]]期間
-Using a"," at least 20 hours per week.Available for an internship duration of at least 6 months.
-每週至少能工作20小時，並能配合至少6個月的實習期間
-Using a",高中,00,不拘,00023,3,11~30人應徵,86805358000,"台灣紐巴倫股份有限公司_New Balance Taiwan,Inc.",1003002003,鞋類／布類／服飾品零售業,0000190,0000190,時薪190元,30,20250602,6/02,64,0,,0,0," at least 20 hours per week.Available for an <em class='b-txt--highlight'>internship</em> duration of at least 6 months.
-每週至少能工作20小時，並能配合至少6個月的<em class='b-txt--highlight'>實習</em>期間
-Using a","{'zoneForeign': {'desc': '外商公司', 'param': 5}}",距捷運市政府站約300公尺,"{'applyAnalyze': '//www.104.com.tw/jobs/apply/analysis/8lp0i?channel=104rpt&jobsource=apply_analyze', 'job': '//www.104.com.tw/job/8lp0i?jobsource=n104bank2', 'cust': '//www.104.com.tw/company/13vlo2wg?jobsource=n104bank2'}",,<Student Internship> Sales Training 實習生,"台灣紐巴倫股份有限公司_New Balance Taiwan,Inc.",121.5635457,25.0401721,0,['體育相關'],H,0.3,99001005018,捷運市政府站,True,internship
2,12393727,[2025 暑期實習計畫－優先獲得畢業預聘機會 ] 廠務工程師實習(電力系統) Facilities Engineer Summer Internship Program,[2025 暑期<em class='b-txt--highlight'>實習</em>計畫－優先獲得畢業預聘機會 ] 廠務工程師<em class='b-txt--highlight'>實習</em>(電力系統) Facilities Engineer Summer <em class='b-txt--highlight'>Internship</em> Program,1,1,6001002015,新北市中和區,興南路一段142號,"▋ 2025暑期[[[實習]]]計畫介紹
在德州儀器Texas Instruments[[[實習]]]的期間，將有專屬學長姐帶領您，體驗快速變動的跨國際工作環境，獲得充足的專業訓練、貼近實務工作的專案實務經驗，並能享用公司各式線上資源，享受與正職員工同等的優渥的福利待遇","▋ 2025暑期實習計畫介紹
在德州儀器Texas Instruments實習的期間，將有專屬學長姐帶領您，體驗快速變動的跨國際工作環境，獲得充足的專業訓練、貼近實務工作的專案實務經驗，並能享用公司各式線上資源，享受與正職員工同等的優渥的福利待遇",大學,00,不拘,00018,3,11~30人應徵,33405832000,德州儀器工業股份有限公司,1001006002,半導體製造業,0040000,9999999,"月薪40,000元以上",50,20250602,6/02,33820680,0,,0,0,"▋ 2025暑期<em class='b-txt--highlight'>實習</em>計畫介紹
在德州儀器Texas Instruments<em class='b-txt--highlight'>實習</em>的期間，將有專屬學長姐帶領您，體驗快速變動的跨國際工作環境，獲得充足的專業訓練、貼近實務工作的專案實務經驗，並能享用公司各式線上資源，享受與正職員工同等的優渥的福利待遇","{'zoneForeign': {'desc': '外商公司', 'param': 5}, 'emp': {'desc': '員工2000人', 'param': '8'}}",距捷運南勢角站約320公尺,"{'applyAnalyze': '//www.104.com.tw/jobs/apply/analysis/7dn27?channel=104rpt&jobsource=apply_analyze', 'job': '//www.104.com.tw/job/7dn27?jobsource=n104bank2', 'cust': '//www.104.com.tw/company/fcgywxs?jobsource=n104bank2'}",,[2025 暑期實習計畫－優先獲得畢業預聘機會 ] 廠務工程師實習(電力系統) Facilities Engineer Summer Internship Program,德州儀器工業股份有限公司,121.5083777,24.9871002,0,"['電機電子維護相關', '電機電子工程相關']",M,0.32,99001004001,捷運南勢角站,True,internship
2,12484203,Product Quality Assurance Internship 產品測試實習生,Product Quality Assurance <em class='b-txt--highlight'>Internship</em> 產品測試<em class='b-txt--highlight'>實習</em>生,2,2,6001001001,台北市中正區,北平東路30之1號14樓,"inline 是專注於改善餐廳工作效率與服務品質的 SAAS 新創公司，全台知名連鎖餐廳、大型百貨、與美食入口平台都選擇 inline 成為營運及擴展業務最重要的合作伙伴。inline 的急速成長來自於新創團隊獨有的創意、彈性、與追求帶給客戶方便簡單的核心價值！

希望你細心、具有良好的溝通、專案管理的能力及主動積極的態度，能不斷優化工作的流程同時也能積極達成主管及公司交付的專案、任務。


【 工作內容 What You Will Do 】

▮ 能夠獨立工作並作為 QA 團隊的一員。
Work independently and as a team member.

▮ 與多個職務角色合作，提供高品質和可靠的產品。
Collaborate with multiple stakeholders to deliver high-quality and reliability products.

▮ 與QA團隊的QA工程師合作，測試inline應用和服務。
Cooperate with QA Engineers in QA team to test inline App and services

▮ 執行分配給您的測試計劃中的測試案例。
Execute test cases based on the test plan that you are assigned to.

▮ 負責功能釋出測試和用戶流程端對端測試。
Take charge of functional release testing and user flow end-to-end testing.

▮ 深入創建測試案例，執行測試案例，找出產品問題。
Dive deep into create test cases, executing test cases, troubleshooting product issue.

▮ 調查產品問題和發布錯誤，並協助進行根本原因分析。
Investigate product issues &amp; release bugs and help with root cause analysis.


【 經歷要求 Requirements 】

▮ 語言能力: 中文-精通/英文-良好 (inline 的同事來自世界各地，你需要和海外同事一起共事、溝通)
Language Skills: Proficient in Chinese/Good in English (colleagues at Inline come from around the world, you need to work and communicate with overseas colleagues)

▮ 熟悉 iOS 裝置與應用
Familiar with iOS devices and applications

▮ 擁有時間管理及組織架構能力，能夠根據不同的任務安排優先順序
Possess time management and organizational skills, able to prioritize tasks based on their importance

▮ 願意和公司一起成長、和新創團隊的同仁達成目標
Willing to grow with the company and achieve goals with startup team members

▮ 一週上班時間至少20hr以上（每週三天以上)
Minimum work hours per week: at least 20 hours (more than three days per week)","inline 是專注於改善餐廳工作效率與服務品質的 SAAS 新創公司，全台知名連鎖餐廳、大型百貨、與美食入口平台都選擇 inline 成為營運及擴展業務最重要的合作伙伴。inline 的急速成長來自於新創團隊獨有的創意、彈性、與追求帶給客戶方便簡單的核心價值！

希望你細心、具有良好的溝通、專案管理的能力及主動積極的態度，能不斷優化工作的流程同時也能積極達成主管及公司交付的專案、任務。


【 工作內容 What You Will Do 】

▮ 能夠獨立工作並作為 QA 團隊的一員。
Work independently and as a team member.

▮ 與多個職務角色合作，提供高品質和可靠的產品。
Collaborate with multiple stakeholders to deliver high-quality and reliability products.

▮ 與QA團隊的QA工程師合作，測試inline應用和服務。
Cooperate with QA Engineers in QA team to test inline App and services

▮ 執行分配給您的測試計劃中的測試案例。
Execute test cases based on the test plan that you are assigned to.

▮ 負責功能釋出測試和用戶流程端對端測試。
Take charge of functional release testing and user flow end-to-end testing.

▮ 深入創建測試案例，執行測試案例，找出產品問題。
Dive deep into create test cases, executing test cases, troubleshooting product issue.

▮ 調查產品問題和發布錯誤，並協助進行根本原因分析。
Investigate product issues & release bugs and help with root cause analysis.


【 經歷要求 Requirements 】

▮ 語言能力: 中文-精通/英文-良好 (inline 的同事來自世界各地，你需要和海外同事一起共事、溝通)
Language Skills: Proficient in Chinese/Good in English (colleagues at Inline come from around the world, you need to work and communicate with overseas colleagues)

▮ 熟悉 iOS 裝置與應用
Familiar with iOS devices and applications

▮ 擁有時間管理及組織架構能力，能夠根據不同的任務安排優先順序
Possess time management and organizational skills, able to prioritize tasks based on their importance

▮ 願意和公司一起成長、和新創團隊的同仁達成目標
Willing to grow with the company and achieve goals with startup team members

▮ 一週上班時間至少20hr以上（每週三天以上)
Minimum work hours per week: at least 20 hours (more than three days per week)",專科,00,不拘,00011,3,11~30人應徵,130000000108019,inline_樂排股份有限公司,1001001006,其它軟體及網路相關業,0000190,0000190,時薪190元,30,20250602,6/02,4096,0,,0,0,"inline 是專注於改善餐廳工作效率與服務品質的 SAAS 新創公司，全台知名連鎖餐廳、大型百貨、與美食入口平台都選擇 inline 成為營運及擴展業務最重要的合作伙伴。inline 的急速成長來自於新創團隊獨有的創意、彈性、與追求帶給客戶方便簡單的核心價值！

希望你細心、具有良好的溝通、專案管理的能力及主動積極的態度，能不斷優化工作的流程同時也能積極達成主管及公司交付的專案、任務。


【 工作內容 What You Will Do 】

▮ 能夠獨立工作並作為 QA 團隊的一員。
Work independently and as a team member.

▮ 與多個職務角色合作，提供高品質和可靠的產品。
Collaborate with multiple stakeholders to deliver high-quality and reliability products.

▮ 與QA團隊的QA工程師合作，測試inline應用和服務。
Cooperate with QA Engineers in QA team to test inline App and services

▮ 執行分配給您的測試計劃中的測試案例。
Execute test cases based on the test plan that you are assigned to.

▮ 負責功能釋出測試和用戶流程端對端測試。
Take charge of functional release testing and user flow end-to-end testing.

▮ 深入創建測試案例，執行測試案例，找出產品問題。
Dive deep into create test cases, executing test cases, troubleshooting product issue.

▮ 調查產品問題和發布錯誤，並協助進行根本原因分析。
Investigate product issues &amp; release bugs and help with root cause analysis.


【 經歷要求 Requirements 】

▮ 語言能力: 中文-精通/英文-良好 (inline 的同事來自世界各地，你需要和海外同事一起共事、溝通)
Language Skills: Proficient in Chinese/Good in English (colleagues at Inline come from around the world, you need to work and communicate with overseas colleagues)

▮ 熟悉 iOS 裝置與應用
Familiar with iOS devices and applications

▮ 擁有時間管理及組織架構能力，能夠根據不同的任務安排優先順序
Possess time management and organizational skills, able to prioritize tasks based on their importance

▮ 願意和公司一起成長、和新創團隊的同仁達成目標
Willing to grow with the company and achieve goals with startup team members

▮ 一週上班時間至少20hr以上（每週三天以上)
Minimum work hours per week: at least 20 hours (more than three days per week)","{'emp': {'desc': '員工150人', 'param': '6'}}",距捷運善導寺站約270公尺,"{'applyAnalyze': '//www.104.com.tw/jobs/apply/analysis/7fkvf?channel=104rpt&jobsource=apply_analyze', 'job': '//www.104.com.tw/job/7fkvf?jobsource=n104bank2', 'cust': '//www.104.com.tw/company/1a2x6bkann?jobsource=n104bank2'}",,Product Quality Assurance Internship 產品測試實習生,inline_樂排股份有限公司,121.5258067,25.0457722,0,[],H,0.27,99001005013,捷運善導寺站,True,internship
2,13136757,Business Operation Internship 客戶關係經營實習生,Business Operation <em class='b-txt--highlight'>Internship</em> 客戶關係經營<em class='b-txt--highlight'>實習</em>生,2,2,6001001001,台北市中正區,北平東路30之1號5樓,"We are seeking a Business Operations Intern to join our team and enhance the efficiency of our Customer Success Management Team, as well as strengthen our client relationships through various tools and solutions. As a Business Ops Intern, you will work cross-functionally with teams including Revenue, Customer Support, and Business Development, collaborating closely to drive value for both inline and its clients. If you&#039;re looking to start your career in Operations or Customer Success Management, this is the perfect opportunity for you to shine.

【What you&#039;ll do】

Daily Operations
▮ Organize and manage contract files for the CSM team, developing an automated archiving system to streamline file management.
▮ Record client information in internal forms, ensuring data consistency and accuracy across cross-functional documentation.
▮ Maintain and periodically update forms, regularly verifying the accuracy of all automated forms.
▮ Complete additional tasks as assigned by supervisors.

Process Optimization and Automation Tool Development
▮ Optimize existing processes and design new workflows, setting clear priorities for - improvements that will drive greater sales efficiency.
▮ Take responsibility for developing and managing automation tools, ensuring seamless and refined end-to-end processes.

Data Analysis
▮ Utilize data analysis and client trend assessment to identify potential customer and sales opportunities, supporting data-driven decision-making.
▮ Develop client data reports that enable the CSM team to gain insights into customers&#039; business performance, fostering stronger partnerships and collaboration.

【Basic Qualifications】

▮ Technical Skills: Advanced proficiency in Excel (complex formulas, pivot tables) and Google Apps Script and Python for data analysis and automation.
▮ Analytical Skills: Strong analytical mindset with the ability to translate data into actionable insights.
▮ Problem-Solving: Skilled in problem-solving with a focus on process improvement and operational efficiency.
▮ Attention to Detail: Detail-oriented, with strong numerical sensitivity.
▮ Availability: Able to commit to 25 hours per week and a minimum 6-month engagement.
▮ Work Ethic: Self-motivated, capable of working independently, and has a strong sense of priority.","We are seeking a Business Operations Intern to join our team and enhance the efficiency of our Customer Success Management Team, as well as strengthen our client relationships through various tools and solutions. As a Business Ops Intern, you will work cross-functionally with teams including Revenue, Customer Support, and Business Development, collaborating closely to drive value for both inline and its clients. If you're looking to start your career in Operations or Customer Success Management, this is the perfect opportunity for you to shine.

【What you'll do】

Daily Operations
▮ Organize and manage contract files for the CSM team, developing an automated archiving system to streamline file management.
▮ Record client information in internal forms, ensuring data consistency and accuracy across cross-functional documentation.
▮ Maintain and periodically update forms, regularly verifying the accuracy of all automated forms.
▮ Complete additional tasks as assigned by supervisors.

Process Optimization and Automation Tool Development
▮ Optimize existing processes and design new workflows, setting clear priorities for - improvements that will drive greater sales efficiency.
▮ Take responsibility for developing and managing automation tools, ensuring seamless and refined end-to-end processes.

Data Analysis
▮ Utilize data analysis and client trend assessment to identify potential customer and sales opportunities, supporting data-driven decision-making.
▮ Develop client data reports that enable the CSM team to gain insights into customers' business performance, fostering stronger partnerships and collaboration.

【Basic Qualifications】

▮ Technical Skills: Advanced proficiency in Excel (complex formulas, pivot tables) and Google Apps Script and Python for data analysis and automation.
▮ Analytical Skills: Strong analytical mindset with the ability to translate data into actionable insights.
▮ Problem-Solving: Skilled in problem-solving with a focus on process improvement and operational efficiency.
▮ Attention to Detail: Detail-oriented, with strong numerical sensitivity.
▮ Availability: Able to commit to 25 hours per week and a minimum 6-month engagement.
▮ Work Ethic: Self-motivated, capable of working independently, and has a strong sense of priority.",大學,00,不拘,00015,3,11~30人應徵,130000000108019,inline_樂排股份有限公司,1001001006,其它軟體及網路相關業,0000190,0000190,時薪190元,30,20250602,6/02,4096,0,,0,0,"We are seeking a Business Operations Intern to join our team and enhance the efficiency of our Customer Success Management Team, as well as strengthen our client relationships through various tools and solutions. As a Business Ops Intern, you will work cross-functionally with teams including Revenue, Customer Support, and Business Development, collaborating closely to drive value for both inline and its clients. If you&#039;re looking to start your career in Operations or Customer Success Management, this is the perfect opportunity for you to shine.

【What you&#039;ll do】

Daily Operations
▮ Organize and manage contract files for the CSM team, developing an automated archiving system to streamline file management.
▮ Record client information in internal forms, ensuring data consistency and accuracy across cross-functional documentation.
▮ Maintain and periodically update forms, regularly verifying the accuracy of all automated forms.
▮ Complete additional tasks as assigned by supervisors.

Process Optimization and Automation Tool Development
▮ Optimize existing processes and design new workflows, setting clear priorities for - improvements that will drive greater sales efficiency.
▮ Take responsibility for developing and managing automation tools, ensuring seamless and refined end-to-end processes.

Data Analysis
▮ Utilize data analysis and client trend assessment to identify potential customer and sales opportunities, supporting data-driven decision-making.
▮ Develop client data reports that enable the CSM team to gain insights into customers&#039; business performance, fostering stronger partnerships and collaboration.

【Basic Qualifications】

▮ Technical Skills: Advanced proficiency in Excel (complex formulas, pivot tables) and Google Apps Script and Python for data analysis and automation.
▮ Analytical Skills: Strong analytical mindset with the ability to translate data into actionable insights.
▮ Problem-Solving: Skilled in problem-solving with a focus on process improvement and operational efficiency.
▮ Attention to Detail: Detail-oriented, with strong numerical sensitivity.
▮ Availability: Able to commit to 25 hours per week and a minimum 6-month engagement.
▮ Work Ethic: Self-motivated, capable of working independently, and has a strong sense of priority.","{'emp': {'desc': '員工150人', 'param': '6'}}",距捷運善導寺站約270公尺,"{'applyAnalyze': '//www.104.com.tw/jobs/apply/analysis/7tkdx?channel=104rpt&jobsource=apply_analyze', 'job': '//www.104.com.tw/job/7tkdx?jobsource=n104bank2', 'cust': '//www.104.com.tw/company/1a2x6bkann?jobsource=n104bank2'}",,Business Operation Internship 客戶關係經營實習生,inline_樂排股份有限公司,121.5258067,25.0457722,0,[],H,0.27,99001005013,捷運善導寺站,True,internship
2,13630377,[2025 暑期實習計畫－優先獲得畢業預聘機會] 技術行銷工程師實習 Technical Sales Engineer Summer Internship Program,[2025 暑期<em class='b-txt--highlight'>實習</em>計畫－優先獲得畢業預聘機會] 技術行銷工程師<em class='b-txt--highlight'>實習</em> Technical Sales Engineer Summer <em class='b-txt--highlight'>Internship</em> Program,1,1,6001001004,台北市松山區,敦化北路168號,"#R&amp;D外的另一種選擇 #ICDesign的另一種選擇
#結合技術跟與人溝通的工作 #洞察市場商機 #規劃銷售策略

▋2025暑期[[[實習]]]計畫介紹
在德州儀器Texas Instruments[[[實習]]]的期間，將有專屬學長姐帶領您，體驗快速變動的跨國際工","#R&D外的另一種選擇 #ICDesign的另一種選擇
#結合技術跟與人溝通的工作 #洞察市場商機 #規劃銷售策略

▋2025暑期實習計畫介紹
在德州儀器Texas Instruments實習的期間，將有專屬學長姐帶領您，體驗快速變動的跨國際工",大學,00,不拘,00025,3,11~30人應徵,33405832000,德州儀器工業股份有限公司,1001006002,半導體製造業,0040000,9999999,"月薪40,000元以上",50,20250602,6/02,33820680,0,,0,0,"#R&amp;D外的另一種選擇 #ICDesign的另一種選擇
#結合技術跟與人溝通的工作 #洞察市場商機 #規劃銷售策略

▋2025暑期<em class='b-txt--highlight'>實習</em>計畫介紹
在德州儀器Texas Instruments<em class='b-txt--highlight'>實習</em>的期間，將有專屬學長姐帶領您，體驗快速變動的跨國際工","{'zoneForeign': {'desc': '外商公司', 'param': 5}, 'emp': {'desc': '員工2000人', 'param': '8'}}",,"{'applyAnalyze': '//www.104.com.tw/jobs/apply/analysis/8459l?channel=104rpt&jobsource=apply_analyze', 'job': '//www.104.com.tw/job/8459l?jobsource=n104bank2', 'cust': '//www.104.com.tw/company/fcgywxs?jobsource=n104bank2'}",,[2025 暑期實習計畫－優先獲得畢業預聘機會] 技術行銷工程師實習 Technical Sales Engineer Summer Internship Program,德州儀器工業股份有限公司,121.5483288,25.0565787,0,"['電機電子工程相關', '光電工程相關', '機械工程相關']",M,,,,True,internship
